{"stat.useItem.minecraft.bow":11,"stat.leaveGame":2,"stat.useItem.minecraft.bookshelf":5,"stat.craftItem.minecraft.iron_axe":2,"stat.pickup.tombstone.familiar_stone":1,"stat.useItem.zawa.bird_meat_cooked":1,"stat.mineBlock.minecraft.sandstone":3,"stat.drop.minecraft.enchanted_book":2,"stat.pickup.zawa.worm":25,"stat.craftItem.minecraft.shield":2,"stat.useItem.minecraft.planks":45,"stat.useItem.tombstone.familiar_stone":1,"stat.pickup.minecraft.porkchop":6,"stat.pickup.minecraft.glass":55,"stat.drop.minecraft.iron_sword":1,"stat.useItem.minecraft.water_bucket":140,"stat.pickup.minecraft.rotten_flesh":40,"stat.pickup.minecraft.sand":560,"stat.pickup.iceandfire.troll_leather_forest":4,"stat.killEntity.Enderman":1,"stat.craftItem.minecraft.iron_shovel":4,"stat.pickup.minecraft.brown_mushroom":3,"stat.mineBlock.minecraft.sand":439,"stat.drop.minecraft.gold_ingot":6,"stat.useItem.minecraft.iron_pickaxe":1993,"stat.pickup.securitycraft.universal_block_remover":3,"stat.drop.minecraft.diamond":3,"stat.craftItem.minecraft.iron_door":3,"stat.useItem.minecraft.iron_shovel":938,"stat.drop.minecraft.cooked_mutton":8,"stat.useItem.dynamictrees.darkoakseed":4,"stat.pickup.dynamictrees.darkoakseed":9,"stat.craftItem.minecraft.bed":1,"stat.trappedChestTriggered":2,"stat.craftItem.minecraft.glass_pane":16,"stat.pickup.zawa.golden_sparks":2,"stat.mineBlock.chisel.marble2":47,"stat.useItem.minecraft.oak_stairs":6,"stat.craftItem.minecraft.golden_carrot":35,"stat.furnaceInteraction":133,"stat.drop.minecraft.gravel":4,"stat.entityKilledBy.if_troll":1,"stat.pickup.minecraft.beef":4,"stat.useItem.minecraft.cooked_mutton":5,"stat.pickup.zawa.large_meat_raw":5,"stat.pickup.minecraft.furnace":1,"stat.craftItem.zawa.bird_meat_cooked":1,"stat.drop.mca.baby_boy":3,"stat.pickup.minecraft.iron_chestplate":1,"stat.pickup.mca.rose_gold_ore":13,"stat.pickup.securitycraft.reinforced_planks":1,"stat.pickup.tombstone.scroll_buff":1,"stat.useItem.minecraft.wheat_seeds":13,"stat.killEntity.betteranimalsplus.zotzpyre":1,"stat.pickup.minecraft.emerald":9,"stat.craftItem.securitycraft.laser_block":2,"stat.pickup.dynamictrees.oakseed":34,"stat.pickup.securitycraft.universal_block_reinforcer_lvl1":5,"stat.useItem.minecraft.dye":37,"stat.craftItem.minecraft.heavy_weighted_pressure_plate":4,"stat.mineBlock.minecraft.oak_stairs":7,"stat.deaths":8,"stat.pickup.zawa.fur":4,"stat.playOneMinute":593158,"stat.craftItem.minecraft.item_frame":4,"stat.drop.securitycraft.universal_block_reinforcer_lvl1":1,"stat.craftItem.minecraft.iron_pickaxe":7,"stat.craftItem.securitycraft.keypad_item":2,"stat.pickup.zawa.care_guide":3,"stat.drop.minecraft.torch":1,"stat.pickup.chisel.marble2":79,"stat.mineBlock.minecraft.tallgrass":113,"stat.pickup.minecraft.cooked_mutton":13,"stat.chestOpened":140,"stat.killEntity.betteranimalsplus.goose":1,"stat.useItem.minecraft.stone":81,"stat.pickup.minecraft.arrow":30,"stat.pickup.minecraft.iron_sword":1,"stat.pickup.securitycraft.door_indestructible_iron_item":1,"stat.drop.minecraft.iron_pickaxe":1,"stat.craftItem.minecraft.iron_hoe":1,"stat.fallOneCm":100666,"stat.drop.minecraft.stone":8,"stat.pickup.minecraft.carrot":327,"stat.pickup.minecraft.melon_seeds":2,"stat.crouchOneCm":14340,"stat.mineBlock.minecraft.chest":2,"stat.pickup.minecraft.rail":2,"stat.craftItem.minecraft.chest":6,"stat.craftItem.minecraft.iron_ingot":199,"stat.useItem.minecraft.iron_hoe":87,"stat.craftingTableInteraction":136,"stat.pickup.minecraft.heavy_weighted_pressure_plate":1,"stat.useItem.securitycraft.reinforced_stone_button":5,"stat.pickup.securitycraft.keypad_chest":4,"stat.pickup.minecraft.feather":2,"stat.useItem.minecraft.furnace":8,"stat.craftItem.mca.rose_gold_ingot":9,"stat.pickup.zawa.kelp":10,"stat.pickup.minecraft.dye":110,"stat.pickup.minecraft.planks":37,"stat.pickup.minecraft.iron_leggings":1,"stat.pickup.chisel.limestone2":55,"stat.pickup.minecraft.wheat_seeds":70,"stat.mineBlock.minecraft.gravel":36,"stat.useItem.minecraft.stone_pickaxe":247,"stat.mineBlock.minecraft.glass":11,"stat.craftItem.minecraft.iron_leggings":1,"stat.pickup.zawa.dried_bamboo":3,"stat.mineBlock.minecraft.dirt":347,"stat.drop.minecraft.reeds":15,"stat.craftItem.minecraft.leather":8,"stat.drop.minecraft.iron_axe":1,"stat.mineBlock.minecraft.monster_egg":4,"stat.pickup.securitycraft.reinforced_glass_block":5,"stat.useItem.minecraft.torch":266,"stat.useItem.minecraft.bread":1,"stat.pickup.minecraft.golden_apple":1,"stat.craftItem.minecraft.redstone_block":2,"stat.drop.minecraft.rotten_flesh":6,"stat.pickup.minecraft.crafting_table":15,"stat.useItem.minecraft.log":12,"stat.drop.mca.rose_gold_ingot":2,"stat.useItem.minecraft.cobblestone":370,"stat.craftItem.minecraft.crafting_table":3,"stat.mineBlock.minecraft.double_plant":10,"stat.mineBlock.minecraft.emerald_ore":8,"stat.pickup.minecraft.log":57,"stat.drop.minecraft.stonebrick":1,"stat.pickup.minecraft.iron_pickaxe":6,"stat.craftItem.zawa.large_meat_cooked":3,"stat.craftItem.minecraft.stone_button":9,"stat.drop.minecraft.iron_ore":3,"stat.drop.minecraft.carrot":10,"stat.craftItem.minecraft.gold_ingot":41,"stat.drop.minecraft.planks":1,"stat.pickup.mca.rose_gold_ingot":2,"stat.pickup.minecraft.wooden_door":1,"stat.useItem.minecraft.glass_pane":1,"stat.craftItem.securitycraft.door_indestructible_iron_item":1,"stat.craftItem.minecraft.bucket":1,"stat.craftItem.minecraft.planks":164,"stat.useItem.minecraft.iron_sword":167,"stat.drop.dynamictrees.darkoakseed":1,"stat.useItem.securitycraft.universal_block_remover":14,"stat.drop.securitycraft.universal_block_remover":1,"stat.drop.tombstone.scroll_buff":1,"stat.pickup.minecraft.book":39,"stat.mineBlock.minecraft.heavy_weighted_pressure_plate":1,"stat.pickup.minecraft.iron_door":5,"stat.pickup.minecraft.red_flower":2,"stat.sneakTime":6333,"stat.pickup.minecraft.wool":3,"stat.entityKilledBy.Blaze":1,"stat.useItem.minecraft.baked_potato":63,"stat.pickup.minecraft.stone_slab":8,"stat.pickup.minecraft.yellow_flower":3,"stat.pickup.minecraft.chest":2,"stat.craftItem.minecraft.enchanting_table":1,"stat.craftItem.minecraft.diamond_chestplate":1,"stat.pickup.minecraft.bone":21,"stat.useItem.minecraft.iron_axe":104,"stat.mineBlock.minecraft.cobblestone":15,"stat.pickup.minecraft.stone_pickaxe":1,"stat.pickup.minecraft.flint":7,"stat.craftItem.minecraft.wool":6,"stat.useItem.minecraft.diamond_sword":166,"stat.craftItem.minecraft.iron_trapdoor":1,"stat.swimOneCm":147378,"stat.climbOneCm":4247,"stat.pickup.minecraft.enchanted_book":2,"stat.killEntity.betteranimalsplus.boar":4,"stat.useItem.minecraft.dirt":402,"stat.pickup.minecraft.bow":3,"stat.pickup.minecraft.iron_boots":1,"stat.pickup.zawa.bird_meat":1,"stat.craftItem.minecraft.furnace":8,"stat.pickup.minecraft.enchanting_table":1,"stat.craftItem.minecraft.iron_boots":1,"stat.mineBlock.zawa.dried_bamboo":1,"stat.craftItem.minecraft.stone_pickaxe":5,"stat.craftItem.minecraft.cooked_beef":4,"stat.pickup.minecraft.cobblestone":1240,"stat.mineBlock.chisel.limestone2":25,"stat.flyOneCm":532737,"stat.pickup.minecraft.sandstone":3,"stat.useItem.minecraft.cooked_beef":3,"stat.pickup.minecraft.redstone":230,"stat.mineBlock.minecraft.iron_ore":218,"stat.timeSinceDeath":196249,"stat.pickup.securitycraft.keypad_item":1,"stat.pickup.minecraft.mossy_cobblestone":3,"stat.craftItem.minecraft.iron_block":3,"stat.killEntity.Bat":2,"stat.craftItem.minecraft.stonebrick":12,"stat.pickup.securitycraft.keypad":1,"stat.pickup.minecraft.stonebrick":4,"stat.mineBlock.minecraft.enchanting_table":1,"stat.drop.minecraft.dirt":131,"stat.pickup.minecraft.iron_shovel":1,"stat.mineBlock.minecraft.coal_ore":365,"stat.killEntity.Creeper":1,"stat.pickup.minecraft.shield":2,"stat.talkedToVillager":80,"stat.drop.minecraft.baked_potato":2,"stat.pickup.minecraft.string":33,"stat.pickup.comforts.sleeping_bag":6,"stat.mineBlock.minecraft.grass":288,"stat.mineBlock.minecraft.ladder":1,"stat.pickup.tombstone.crafting_ingredient":5,"stat.entityKilledBy.Skeleton":1,"stat.drop.minecraft.compass":1,"stat.sprintOneCm":701049,"stat.killEntity.betteranimalsplus.pheasant":1,"stat.craftItem.minecraft.stick":68,"stat.craftItem.minecraft.stone":183,"stat.craftItem.minecraft.gold_nugget":288,"stat.mineBlock.minecraft.diamond_ore":24,"stat.pickup.minecraft.grass":2,"stat.craftItem.globalxp.xp_block":1,"stat.mineBlock.minecraft.crafting_table":10,"stat.useItem.minecraft.carrot":175,"stat.mineBlock.minecraft.planks":35,"stat.drop":227,"stat.pickup.minecraft.stone_button":1,"stat.useItem.minecraft.ladder":2,"stat.craftItem.minecraft.diamond_pickaxe":1,"stat.killEntity.Zombie":18,"stat.craftItem.minecraft.dye":56,"stat.mineBlock.minecraft.gold_ore":42,"stat.diveOneCm":114372,"stat.pickup.minecraft.wheat":13,"stat.craftItem.minecraft.ladder":3,"stat.pickup.minecraft.gravel":142,"stat.drop.minecraft.ladder":1,"stat.pickup.minecraft.stone_axe":1,"stat.pickup.minecraft.obsidian":4,"stat.pickup.minecraft.diamond_sword":2,"stat.craftItem.minecraft.diamond_sword":1,"stat.jump":6307,"stat.pickup.minecraft.fence":2,"stat.pickup.minecraft.iron_helmet":2,"stat.pickup.minecraft.coal":421,"stat.pickup.minecraft.iron_ingot":70,"stat.drop.minecraft.diamond_sword":2,"stat.pickup.minecraft.gunpowder":6,"stat.pickup.minecraft.spider_eye":1,"stat.craftItem.minecraft.torch":224,"stat.pickup.minecraft.dirt":847,"stat.craftItem.minecraft.iron_helmet":1,"stat.craftItem.comforts.sleeping_bag":1,"stat.pickup.minecraft.iron_ore":242,"stat.useItem.minecraft.glass":304,"stat.mineBlock.mca.rose_gold_ore":14,"stat.pickup.minecraft.gold_ore":41,"stat.mineBlock.minecraft.lapis_ore":18,"stat.killEntity.camocreepers:CamoCreeper":1,"stat.pickup.minecraft.iron_axe":1,"stat.mineBlock.minecraft.glass_pane":1,"stat.drop.zawa.worm":5,"stat.damageTaken":6012,"stat.pickup.minecraft.leather":2,"stat.craftItem.minecraft.iron_bars":16,"stat.mineBlock.minecraft.torch":38,"stat.mineBlock.minecraft.red_flower":2,"stat.drop.minecraft.water_bucket":1,"stat.pickup.minecraft.log2":5,"stat.pickup.minecraft.reeds":91,"stat.pickup.minecraft.bed":3,"tombstone:undead_killed":36,"stat.useItem.tombstone.grave_key":2,"stat.pickup.minecraft.oak_stairs":13,"stat.damageDealt":15009,"stat.craftItem.minecraft.glass":408,"stat.sleepInBed":13,"stat.craftItem.minecraft.anvil":1,"stat.killEntity.Silverfish":8,"stat.useItem.minecraft.crafting_table":1,"stat.craftItem.minecraft.iron_sword":2,"stat.useItem.minecraft.air":140,"stat.craftItem.securitycraft.universal_block_reinforcer_lvl1":2,"stat.walkOneCm":1984251,"stat.useItem.minecraft.chest":2,"stat.pickup.dynamictrees.birchseed":13,"stat.pickup.minecraft.stick":82,"stat.useItem.minecraft.lava_bucket":4,"stat.mineBlock.chisel.basalt2":11,"stat.mineBlock.zawa.golden_sparks":1,"stat.pickup.wolfarmor.gold_wolf_armor":1,"stat.useItem.tombstone.gift":2,"stat.useItem.minecraft.item_frame":2,"stat.pickup.minecraft.stone":271,"stat.craftItem.minecraft.iron_chestplate":1,"stat.pickup.minecraft.baked_potato":139,"stat.killEntity.if_troll":1,"stat.drop.minecraft.emerald":2,"stat.useItem.zawa.large_meat_cooked":3,"stat.pickup.minecraft.ladder":1,"stat.pickup.minecraft.gold_ingot":6,"stat.killEntity.Skeleton":18,"stat.mineBlock.minecraft.farmland":3,"stat.craftItem.minecraft.bookshelf":6,"stat.mineBlock.minecraft.stonebrick":3,"stat.drop.minecraft.crafting_table":1,"stat.killEntity.Spider":7,"stat.pickup.minecraft.bread":1,"stat.mobKills":77,"stat.pickup.securitycraft.reinforced_stone_button":30,"stat.pickup.minecraft.water_bucket":1,"stat.pickup.minecraft.diamond":29,"stat.pickup.minecraft.iron_horse_armor":4,"stat.pickup.minecraft.torch":99,"stat.entityKilledBy.Silverfish":2,"stat.mineBlock.minecraft.redstone_ore":1,"stat.pickup.minecraft.lava_bucket":2,"stat.craftItem.minecraft.coal_block":6,"stat.drop.zawa.care_guide":1,"stat.mineBlock.minecraft.stone":1322,"stat.craftItem.mca.wedding_ring_rg":1}