{"stat.leaveGame":1,"stat.craftItem.minecraft.iron_axe":1,"stat.pickup.tombstone.familiar_stone":1,"stat.mineBlock.minecraft.sandstone":3,"stat.drop.minecraft.enchanted_book":2,"stat.pickup.zawa.worm":12,"stat.craftItem.minecraft.shield":1,"stat.useItem.minecraft.planks":44,"stat.useItem.tombstone.familiar_stone":1,"stat.pickup.minecraft.glass":15,"stat.drop.minecraft.iron_sword":1,"stat.useItem.minecraft.water_bucket":61,"stat.pickup.minecraft.rotten_flesh":36,"stat.pickup.minecraft.sand":560,"stat.killEntity.Enderman":1,"stat.craftItem.minecraft.iron_shovel":3,"stat.mineBlock.minecraft.sand":439,"stat.useItem.minecraft.iron_pickaxe":828,"stat.pickup.securitycraft.universal_block_remover":3,"stat.craftItem.minecraft.iron_door":3,"stat.useItem.minecraft.iron_shovel":664,"stat.drop.minecraft.cooked_mutton":8,"stat.useItem.dynamictrees.darkoakseed":4,"stat.pickup.dynamictrees.darkoakseed":9,"stat.craftItem.minecraft.bed":1,"stat.trappedChestTriggered":2,"stat.craftItem.minecraft.glass_pane":16,"stat.mineBlock.chisel.marble2":39,"stat.useItem.minecraft.oak_stairs":6,"stat.furnaceInteraction":78,"stat.useItem.minecraft.cooked_mutton":5,"stat.pickup.zawa.large_meat_raw":2,"stat.pickup.minecraft.furnace":1,"stat.pickup.minecraft.iron_chestplate":1,"stat.pickup.mca.rose_gold_ore":4,"stat.pickup.securitycraft.reinforced_planks":1,"stat.pickup.tombstone.scroll_buff":1,"stat.killEntity.betteranimalsplus.zotzpyre":1,"stat.pickup.minecraft.emerald":1,"stat.craftItem.securitycraft.laser_block":1,"stat.pickup.dynamictrees.oakseed":33,"stat.pickup.securitycraft.universal_block_reinforcer_lvl1":4,"stat.craftItem.minecraft.heavy_weighted_pressure_plate":1,"stat.mineBlock.minecraft.oak_stairs":7,"stat.deaths":4,"stat.playOneMinute":322911,"stat.drop.securitycraft.universal_block_reinforcer_lvl1":1,"stat.craftItem.minecraft.iron_pickaxe":4,"stat.pickup.zawa.care_guide":3,"stat.pickup.chisel.marble2":68,"stat.mineBlock.minecraft.tallgrass":7,"stat.pickup.minecraft.cooked_mutton":13,"stat.chestOpened":71,"stat.killEntity.betteranimalsplus.goose":1,"stat.useItem.minecraft.stone":1,"stat.pickup.minecraft.arrow":26,"stat.pickup.securitycraft.door_indestructible_iron_item":1,"stat.drop.minecraft.iron_pickaxe":1,"stat.craftItem.minecraft.iron_hoe":1,"stat.fallOneCm":60526,"stat.pickup.minecraft.carrot":10,"stat.pickup.minecraft.melon_seeds":2,"stat.crouchOneCm":6713,"stat.mineBlock.minecraft.chest":2,"stat.pickup.minecraft.rail":2,"stat.craftItem.minecraft.chest":3,"stat.craftItem.minecraft.iron_ingot":108,"stat.useItem.minecraft.iron_hoe":84,"stat.craftingTableInteraction":82,"stat.useItem.securitycraft.reinforced_stone_button":2,"stat.pickup.securitycraft.keypad_chest":4,"stat.useItem.minecraft.furnace":8,"stat.craftItem.mca.rose_gold_ingot":4,"stat.pickup.zawa.kelp":10,"stat.pickup.minecraft.planks":34,"stat.pickup.minecraft.iron_leggings":1,"stat.pickup.chisel.limestone2":51,"stat.pickup.minecraft.wheat_seeds":1,"stat.mineBlock.minecraft.gravel":10,"stat.useItem.minecraft.stone_pickaxe":247,"stat.mineBlock.minecraft.glass":11,"stat.craftItem.minecraft.iron_leggings":1,"stat.mineBlock.minecraft.dirt":94,"stat.drop.minecraft.reeds":15,"stat.mineBlock.minecraft.monster_egg":4,"stat.useItem.minecraft.torch":140,"stat.useItem.minecraft.bread":1,"stat.pickup.minecraft.golden_apple":1,"stat.craftItem.minecraft.redstone_block":1,"stat.drop.minecraft.rotten_flesh":6,"stat.pickup.minecraft.crafting_table":11,"stat.useItem.minecraft.log":12,"stat.useItem.minecraft.cobblestone":191,"stat.craftItem.minecraft.crafting_table":3,"stat.mineBlock.minecraft.double_plant":2,"stat.pickup.minecraft.log":44,"stat.drop.minecraft.stonebrick":1,"stat.pickup.minecraft.iron_pickaxe":5,"stat.craftItem.minecraft.stone_button":1,"stat.craftItem.minecraft.gold_ingot":4,"stat.drop.minecraft.planks":1,"stat.pickup.minecraft.wooden_door":1,"stat.craftItem.securitycraft.door_indestructible_iron_item":1,"stat.craftItem.minecraft.bucket":1,"stat.craftItem.minecraft.planks":112,"stat.useItem.minecraft.iron_sword":163,"stat.drop.dynamictrees.darkoakseed":1,"stat.useItem.securitycraft.universal_block_remover":7,"stat.drop.securitycraft.universal_block_remover":1,"stat.drop.tombstone.scroll_buff":1,"stat.pickup.minecraft.book":3,"stat.pickup.minecraft.iron_door":5,"stat.sneakTime":2767,"stat.pickup.minecraft.wool":3,"stat.useItem.minecraft.baked_potato":63,"stat.pickup.minecraft.stone_slab":8,"stat.pickup.minecraft.yellow_flower":3,"stat.pickup.minecraft.chest":2,"stat.pickup.minecraft.bone":14,"stat.useItem.minecraft.iron_axe":104,"stat.mineBlock.minecraft.cobblestone":9,"stat.pickup.minecraft.stone_pickaxe":1,"stat.pickup.minecraft.flint":5,"stat.craftItem.minecraft.wool":5,"stat.useItem.minecraft.diamond_sword":52,"stat.swimOneCm":97123,"stat.climbOneCm":622,"stat.pickup.minecraft.enchanted_book":2,"stat.killEntity.betteranimalsplus.boar":2,"stat.useItem.minecraft.dirt":322,"stat.pickup.minecraft.bow":1,"stat.pickup.minecraft.iron_boots":1,"stat.craftItem.minecraft.furnace":8,"stat.craftItem.minecraft.iron_boots":1,"stat.craftItem.minecraft.stone_pickaxe":3,"stat.pickup.minecraft.cobblestone":684,"stat.mineBlock.chisel.limestone2":21,"stat.flyOneCm":288093,"stat.pickup.minecraft.sandstone":3,"stat.pickup.minecraft.redstone":91,"stat.mineBlock.minecraft.iron_ore":121,"stat.timeSinceDeath":5915,"stat.pickup.minecraft.mossy_cobblestone":3,"stat.killEntity.Bat":2,"stat.craftItem.minecraft.stonebrick":12,"stat.pickup.securitycraft.keypad":1,"stat.pickup.minecraft.stonebrick":4,"stat.drop.minecraft.dirt":2,"stat.pickup.minecraft.iron_shovel":1,"stat.mineBlock.minecraft.coal_ore":146,"stat.killEntity.Creeper":1,"stat.talkedToVillager":5,"stat.drop.minecraft.baked_potato":2,"stat.pickup.minecraft.string":29,"stat.mineBlock.minecraft.grass":245,"stat.pickup.tombstone.crafting_ingredient":4,"stat.entityKilledBy.Skeleton":1,"stat.drop.minecraft.compass":1,"stat.sprintOneCm":447763,"stat.killEntity.betteranimalsplus.pheasant":1,"stat.craftItem.minecraft.stick":44,"stat.craftItem.minecraft.stone":25,"stat.pickup.minecraft.grass":2,"stat.craftItem.globalxp.xp_block":1,"stat.mineBlock.minecraft.crafting_table":8,"stat.mineBlock.minecraft.planks":32,"stat.drop":47,"stat.killEntity.Zombie":16,"stat.craftItem.minecraft.dye":15,"stat.mineBlock.minecraft.gold_ore":22,"stat.diveOneCm":63716,"stat.pickup.minecraft.wheat":2,"stat.pickup.minecraft.gravel":113,"stat.pickup.minecraft.stone_axe":1,"stat.pickup.minecraft.obsidian":4,"stat.pickup.minecraft.diamond_sword":1,"stat.craftItem.minecraft.diamond_sword":1,"stat.jump":3798,"stat.pickup.minecraft.fence":2,"stat.pickup.minecraft.iron_helmet":2,"stat.pickup.minecraft.coal":200,"stat.pickup.minecraft.iron_ingot":62,"stat.drop.minecraft.diamond_sword":1,"stat.pickup.minecraft.gunpowder":5,"stat.craftItem.minecraft.torch":160,"stat.pickup.minecraft.dirt":445,"stat.craftItem.minecraft.iron_helmet":1,"stat.pickup.minecraft.iron_ore":121,"stat.useItem.minecraft.glass":304,"stat.mineBlock.mca.rose_gold_ore":5,"stat.pickup.minecraft.gold_ore":22,"stat.killEntity.camocreepers:CamoCreeper":1,"stat.damageTaken":4100,"stat.pickup.minecraft.leather":2,"stat.craftItem.minecraft.iron_bars":16,"stat.mineBlock.minecraft.torch":16,"stat.drop.minecraft.water_bucket":1,"stat.pickup.minecraft.log2":5,"stat.pickup.minecraft.reeds":91,"stat.pickup.minecraft.bed":2,"tombstone:undead_killed":29,"stat.pickup.minecraft.oak_stairs":13,"stat.damageDealt":9312,"stat.craftItem.minecraft.glass":408,"stat.sleepInBed":2,"stat.killEntity.Silverfish":8,"stat.useItem.minecraft.crafting_table":1,"stat.craftItem.minecraft.iron_sword":2,"stat.useItem.minecraft.air":69,"stat.craftItem.securitycraft.universal_block_reinforcer_lvl1":1,"stat.walkOneCm":1243545,"stat.useItem.minecraft.chest":1,"stat.pickup.dynamictrees.birchseed":6,"stat.pickup.minecraft.stick":74,"stat.mineBlock.chisel.basalt2":1,"stat.pickup.wolfarmor.gold_wolf_armor":1,"stat.useItem.tombstone.gift":2,"stat.pickup.minecraft.stone":129,"stat.craftItem.minecraft.iron_chestplate":1,"stat.pickup.minecraft.baked_potato":139,"stat.killEntity.Skeleton":13,"stat.mineBlock.minecraft.farmland":1,"stat.killEntity.Spider":4,"stat.pickup.minecraft.bread":1,"stat.mobKills":56,"stat.pickup.securitycraft.reinforced_stone_button":6,"stat.pickup.minecraft.water_bucket":1,"stat.pickup.minecraft.diamond":5,"stat.pickup.minecraft.iron_horse_armor":4,"stat.pickup.minecraft.torch":70,"stat.entityKilledBy.Silverfish":2,"stat.craftItem.minecraft.coal_block":6,"stat.drop.zawa.care_guide":1,"stat.mineBlock.minecraft.stone":667}