{"stat.useItem.minecraft.bow":35,"stat.leaveGame":17,"stat.pickup.tombstone.familiar_stone":2,"stat.useItem.zawa.bird_meat_cooked":2,"stat.useItem.minecraft.glowstone":1,"stat.mineBlock.minecraft.sandstone":15,"stat.useItem.securitycraft.mine":10,"stat.killEntity.PigZombie":3,"stat.drop.minecraft.enchanted_book":2,"stat.pickup.zawa.worm":36,"stat.craftItem.minecraft.shield":2,"stat.drop.minecraft.iron_sword":1,"stat.pickup.minecraft.rotten_flesh":96,"stat.pickup.iceandfire.witherbone":6,"stat.killEntity.Enderman":4,"stat.killEntity.betteranimalsplus.brownbear":1,"stat.craftItem.minecraft.iron_shovel":4,"stat.pickup.minecraft.brown_mushroom":4,"stat.drop.minecraft.sand":3,"stat.pickup.chisel.chisel_iron":1,"stat.drop.minecraft.gold_ingot":10,"stat.useItem.minecraft.iron_pickaxe":2681,"stat.pickup.securitycraft.universal_block_remover":6,"stat.craftItem.minecraft.iron_door":3,"stat.useItem.minecraft.iron_shovel":938,"stat.drop.minecraft.cooked_mutton":8,"stat.pickup.minecraft.double_plant":1,"stat.pickup.dynamictrees.darkoakseed":9,"stat.craftItem.minecraft.bed":2,"stat.craftItem.minecraft.glass_pane":144,"stat.pickup.zawa.golden_sparks":3,"stat.mineBlock.chisel.marble2":95,"stat.mineBlock.minecraft.vine":1,"stat.mineBlock.chisel.marble1":5,"stat.furnaceInteraction":236,"stat.drop.minecraft.gravel":4,"stat.useItem.minecraft.golden_carrot":29,"stat.killEntity.ZombieVillager":2,"stat.pickup.minecraft.nether_brick":44,"stat.pickup.minecraft.beef":4,"stat.pickup.zawa.large_meat_raw":6,"stat.craftItem.zawa.bird_meat_cooked":2,"stat.drop.zawa.large_meat_raw":1,"stat.pickup.mca.rose_gold_ore":14,"stat.pickup.securitycraft.reinforced_planks":1,"stat.mineBlock.minecraft.fence":7,"stat.pickup.tombstone.scroll_buff":2,"stat.useItem.minecraft.wheat_seeds":50,"stat.killEntity.betteranimalsplus.zotzpyre":2,"stat.pickup.minecraft.emerald":9,"stat.craftItem.securitycraft.laser_block":3,"stat.pickup.dynamictrees.oakseed":48,"stat.pickup.securitycraft.universal_block_reinforcer_lvl1":6,"stat.useItem.minecraft.dye":37,"stat.deaths":11,"stat.pickup.zawa.fur":4,"stat.drop.iceandfire.dragonbone_sword_fire":1,"stat.craftItem.minecraft.item_frame":4,"stat.useItem.minecraft.nether_brick":22,"stat.craftItem.minecraft.iron_pickaxe":10,"stat.pickup.minecraft.glass_pane":15,"stat.craftItem.craftingstation.crafting_station":1,"stat.pickup.minecraft.item_frame":2,"stat.pickup.zawa.care_guide":3,"stat.drop.minecraft.torch":1,"stat.pickup.chisel.marble2":124,"stat.mineBlock.minecraft.tallgrass":114,"stat.pickup.minecraft.cooked_mutton":13,"stat.chestOpened":239,"stat.killEntity.betteranimalsplus.goose":1,"stat.useItem.minecraft.stone":174,"stat.pickup.minecraft.arrow":57,"stat.pickup.minecraft.iron_sword":1,"stat.pickup.securitycraft.keypad_frame":1,"stat.killEntity.Ghast":2,"stat.craftItem.vending.vendingmachine":1,"stat.craftItem.minecraft.quartz_block":1,"stat.pickup.minecraft.gold_nugget":1,"stat.drop.minecraft.iron_pickaxe":1,"stat.pickup.zawa.tiger_fur":1,"stat.pickup.betteranimalsplus.bear_skin_brown":2,"stat.pickup.minecraft.carrot":935,"stat.crouchOneCm":28843,"stat.mineBlock.minecraft.chest":2,"stat.pickup.minecraft.rail":2,"stat.craftItem.minecraft.iron_ingot":309,"stat.craftingTableInteraction":247,"stat.pickup.minecraft.nether_brick_fence":18,"stat.pickup.securitycraft.keypad_chest":5,"stat.useItem.chisel.marble2":7,"stat.useItem.minecraft.reeds":13,"stat.pickup.minecraft.dye":181,"stat.pickup.minecraft.planks":63,"stat.pickup.chisel.limestone2":65,"stat.pickup.minecraft.wheat_seeds":135,"stat.pickup.chisel.cobblestone":2,"stat.drop.iceandfire.witherbone":1,"stat.mineBlock.minecraft.glass":14,"stat.mineBlock.minecraft.dirt":442,"stat.pickup.minecraft.poisonous_potato":2,"stat.pickup.securitycraft.reinforced_glass_block":14,"stat.useItem.minecraft.bread":8,"stat.drop.minecraft.rotten_flesh":17,"stat.craftItem.ironchest.iron_gold_chest_upgrade":1,"stat.useItem.ironfurnaces.iron_furnace_idle":2,"stat.useItem.minecraft.cobblestone":687,"stat.mineBlock.minecraft.double_plant":11,"stat.pickup.minecraft.iron_pickaxe":6,"stat.drop.minecraft.iron_ore":3,"stat.drop.minecraft.carrot":40,"stat.craftItem.minecraft.gold_ingot":98,"stat.useItem.minecraft.glass_pane":111,"stat.craftItem.securitycraft.door_indestructible_iron_item":3,"stat.mineBlock.twilightforest.firefly":6,"stat.drop.dynamictrees.oakseed":1,"stat.craftItem.minecraft.bucket":1,"stat.craftItem.minecraft.planks":360,"stat.useItem.minecraft.iron_sword":167,"stat.drop.dynamictrees.darkoakseed":1,"stat.itemEnchanted":1,"stat.useItem.securitycraft.universal_block_remover":35,"stat.drop.tombstone.scroll_buff":1,"stat.pickup.minecraft.book":89,"stat.useItem.minecraft.stonebrick":4,"stat.mineBlock.minecraft.log":1,"stat.mineBlock.minecraft.heavy_weighted_pressure_plate":1,"stat.pickup.iceandfire.dragonbone":2,"stat.pickup.minecraft.iron_door":5,"stat.craftItem.minecraft.paper":198,"stat.pickup.minecraft.red_flower":2,"stat.pickup.minecraft.wool":3,"stat.pickup.minecraft.trapped_chest":2,"stat.craftItem.twilightforest.canopy_planks":8,"stat.craftItem.minecraft.diamond_leggings":1,"stat.useItem.minecraft.iron_axe":208,"stat.mineBlock.minecraft.cobblestone":75,"stat.pickup.minecraft.stone_pickaxe":3,"stat.pickup.minecraft.flint":7,"stat.useItem.minecraft.skull":13,"stat.craftItem.minecraft.wool":6,"stat.pickup.minecraft.enchanted_book":7,"stat.useItem.securitycraft.dirt_mine":3,"stat.mineBlock.chisel.marble":1,"stat.mineBlock.ironchest.iron_chest":3,"stat.pickup.minecraft.bow":3,"stat.pickup.minecraft.iron_boots":2,"stat.mineBlock.chisel.cobblestone":2,"stat.craftItem.minecraft.furnace":8,"stat.pickup.minecraft.map":1,"stat.craftItem.minecraft.iron_boots":1,"stat.craftItem.minecraft.cooked_beef":4,"stat.mineBlock.minecraft.obsidian":7,"stat.drop.biomesoplenty.fleshchunk":6,"stat.pickup.minecraft.diamond_leggings":2,"stat.flyOneCm":1533192,"stat.pickup.minecraft.sandstone":29,"stat.timeSinceDeath":161868,"stat.craftItem.minecraft.iron_block":3,"stat.killEntity.Bat":2,"stat.craftItem.minecraft.stonebrick":12,"stat.pickup.securitycraft.keypad":4,"stat.useItem.minecraft.potato":61,"stat.mineBlock.zawa.waste_bin":2,"stat.mineBlock.minecraft.enchanting_table":1,"stat.mineBlock.minecraft.coal_ore":470,"stat.killEntity.Creeper":2,"stat.pickup.minecraft.shield":3,"stat.talkedToVillager":172,"stat.drop.minecraft.baked_potato":4,"stat.pickup.minecraft.string":39,"stat.pickup.comforts.sleeping_bag":11,"stat.mineBlock.minecraft.ladder":1,"stat.pickup.tombstone.crafting_ingredient":23,"stat.entityKilledBy.Skeleton":1,"stat.sprintOneCm":1678535,"stat.killEntity.betteranimalsplus.pheasant":1,"stat.mineBlock.minecraft.stone_slab":17,"stat.useItem.tombstone.magic_scroll":4,"stat.mineBlock.minecraft.diamond_ore":59,"stat.useItem.securitycraft.keypad_item":3,"stat.pickup.zawa.waste_bin":2,"stat.useItem.minecraft.ladder":2,"stat.useItem.minecraft.diamond_ore":8,"stat.craftItem.minecraft.emerald":10,"stat.killEntity.Zombie":60,"stat.craftItem.minecraft.dye":64,"stat.mineBlock.minecraft.gold_ore":99,"stat.diveOneCm":201678,"stat.pickup.minecraft.wheat":53,"stat.pickup.securitycraft.reinforced_grass":1,"stat.craftItem.ironfurnaces.iron_furnace_idle":3,"stat.craftItem.minecraft.ladder":3,"stat.drop.minecraft.ladder":1,"stat.pickup.minecraft.stone_axe":1,"stat.mineBlock.chisel.diorite":1,"stat.pickup.minecraft.obsidian":9,"stat.useItem.minecraft.rotten_flesh":3,"stat.craftItem.minecraft.diamond_sword":1,"stat.jump":14266,"stat.useItem.minecraft.sand":22,"stat.pickup.minecraft.coal":539,"stat.pickup.minecraft.iron_ingot":156,"stat.drop.minecraft.diamond_sword":6,"stat.pickup.minecraft.gunpowder":14,"stat.craftItem.minecraft.torch":308,"stat.pickup.minecraft.dirt":1025,"stat.craftItem.comforts.sleeping_bag":1,"stat.useItem.minecraft.glass":308,"stat.pickup.minecraft.gold_ore":98,"stat.mineBlock.minecraft.lapis_ore":34,"stat.killEntity.camocreepers:CamoCreeper":1,"stat.pickup.minecraft.iron_axe":2,"stat.craftItem.futuremc.grindstone":1,"stat.mineBlock.minecraft.glass_pane":6,"stat.brewingstandInteraction":1,"stat.damageTaken":13436,"stat.pickup.twilightforest.firefly":4,"stat.mineBlock.minecraft.torch":75,"stat.mineBlock.minecraft.red_flower":2,"stat.tradedWithVillager":11,"stat.pickup.minecraft.log2":5,"stat.craftItem.securitycraft.keypad_frame":2,"stat.craftItem.minecraft.glowstone":2,"stat.pickup.minecraft.bed":6,"stat.pickup.minecraft.quartz_block":1,"stat.pickup.minecraft.potato":89,"stat.killEntity.Silverfish":12,"stat.craftItem.minecraft.stone_slab":108,"stat.useItem.minecraft.air":282,"stat.craftItem.securitycraft.universal_block_reinforcer_lvl1":3,"stat.useItem.minecraft.chest":3,"stat.drop.minecraft.wheat":2,"stat.pickup.minecraft.diamond_pickaxe":3,"stat.useItem.minecraft.lava_bucket":4,"stat.pickup.wolfarmor.gold_wolf_armor":1,"stat.useItem.tombstone.gift":3,"stat.useItem.minecraft.item_frame":2,"stat.craftItem.minecraft.iron_chestplate":1,"stat.pickup.minecraft.baked_potato":181,"stat.killEntity.if_troll":1,"stat.useItem.zawa.large_meat_cooked":3,"stat.pickup.minecraft.ender_pearl":1,"stat.pickup.minecraft.ladder":1,"stat.useItem.minecraft.netherrack":13,"stat.mineBlock.minecraft.farmland":3,"stat.mineBlock.minecraft.tnt":1,"stat.craftItem.minecraft.bookshelf":28,"stat.mineBlock.minecraft.stonebrick":11,"stat.mineBlock.minecraft.glowstone":4,"stat.mobKills":181,"stat.pickup.minecraft.diamond_boots":1,"stat.mineBlock.minecraft.bookshelf":16,"stat.pickup.securitycraft.reinforced_stone_button":70,"stat.pickup.minecraft.diamond":45,"stat.pickup.minecraft.iron_horse_armor":4,"stat.pickup.minecraft.torch":159,"stat.entityKilledBy.Silverfish":2,"stat.craftItem.mca.wedding_ring_rg":1,"stat.useItem.minecraft.bookshelf":23,"stat.craftItem.minecraft.iron_axe":3,"stat.drop.securitycraft.reinforced_grass":1,"stat.killEntity.Blaze":9,"stat.drop.minecraft.shield":1,"stat.useItem.minecraft.planks":51,"stat.useItem.tombstone.familiar_stone":1,"stat.pickup.minecraft.glowstone_dust":32,"stat.pickup.minecraft.porkchop":9,"stat.pickup.minecraft.glass":55,"stat.useItem.minecraft.water_bucket":207,"stat.mineBlock.minecraft.nether_brick_fence":9,"stat.drop.minecraft.poisonous_potato":2,"stat.pickup.minecraft.sand":605,"stat.pickup.iceandfire.troll_leather_forest":4,"stat.pickup.minecraft.name_tag":2,"stat.mineBlock.twilightforest.twilight_log":2,"stat.mineBlock.minecraft.sand":461,"stat.drop.minecraft.diamond":3,"stat.useItem.dynamictrees.darkoakseed":4,"stat.trappedChestTriggered":13,"stat.useItem.minecraft.oak_stairs":6,"stat.craftItem.minecraft.golden_carrot":35,"stat.entityKilledBy.if_troll":1,"stat.pickup.minecraft.filled_map":5,"stat.drop.securitycraft.mine":12,"stat.useItem.minecraft.cooked_mutton":5,"stat.pickup.minecraft.furnace":6,"stat.drop.mca.baby_boy":3,"stat.pickup.minecraft.iron_chestplate":5,"stat.pickup.minecraft.skull":24,"stat.pickup.tombstone.magic_scroll":13,"stat.pickup.minecraft.stone_stairs":1,"stat.craftItem.ironchest.iron_chest":2,"stat.pickup.minecraft.golden_carrot":11,"stat.craftItem.minecraft.heavy_weighted_pressure_plate":4,"stat.mineBlock.minecraft.oak_stairs":7,"stat.pickup.ironchest.iron_chest":3,"stat.drop.minecraft.golden_carrot":5,"stat.playOneMinute":1255828,"stat.pickup.minecraft.blaze_rod":6,"stat.drop.securitycraft.universal_block_reinforcer_lvl1":1,"stat.craftItem.securitycraft.keypad_item":4,"stat.pickup.minecraft.iron_bars":4,"stat.pickup.minecraft.netherrack":84,"stat.mineBlock.minecraft.netherrack":105,"stat.pickup.securitycraft.door_indestructible_iron_item":4,"stat.craftItem.minecraft.iron_hoe":1,"stat.fallOneCm":268778,"stat.drop.minecraft.stone":9,"stat.pickup.minecraft.melon_seeds":2,"stat.craftItem.minecraft.chest":10,"stat.useItem.minecraft.iron_hoe":87,"stat.pickup.minecraft.heavy_weighted_pressure_plate":2,"stat.useItem.securitycraft.reinforced_stone_button":6,"stat.pickup.minecraft.feather":2,"stat.useItem.minecraft.furnace":8,"stat.craftItem.mca.rose_gold_ingot":13,"stat.pickup.zawa.kelp":10,"stat.pickup.minecraft.iron_leggings":2,"stat.mineBlock.minecraft.gravel":41,"stat.useItem.minecraft.stone_pickaxe":639,"stat.craftItem.minecraft.iron_leggings":1,"stat.pickup.zawa.dried_bamboo":3,"stat.drop.minecraft.reeds":20,"stat.craftItem.minecraft.leather":8,"stat.pickup.securitycraft.dirt_mine":2,"stat.craftItem.securitycraft.dirt_mine":3,"stat.drop.minecraft.iron_axe":1,"stat.mineBlock.minecraft.monster_egg":9,"stat.useItem.minecraft.torch":394,"stat.pickup.minecraft.golden_apple":2,"stat.drop.tombstone.crafting_ingredient":3,"stat.craftItem.minecraft.redstone_block":3,"stat.useItem.ironchest.iron_chest":2,"stat.pickup.minecraft.crafting_table":18,"stat.useItem.minecraft.log":12,"stat.drop.mca.rose_gold_ingot":2,"stat.craftItem.minecraft.crafting_table":5,"stat.killEntity.LavaSlime":1,"stat.mineBlock.minecraft.emerald_ore":8,"stat.pickup.minecraft.log":118,"stat.pickup.minecraft.compass":1,"stat.drop.minecraft.stonebrick":1,"stat.craftItem.zawa.large_meat_cooked":3,"stat.craftItem.minecraft.stone_button":44,"stat.drop.minecraft.planks":1,"stat.pickup.mca.rose_gold_ingot":2,"stat.pickup.minecraft.wooden_door":1,"stat.pickup.minecraft.diamond_helmet":1,"stat.killEntity.WitherSkeleton":6,"stat.drop.securitycraft.universal_block_remover":4,"stat.pickup.animania.block_straw":1,"stat.pickup.minecraft.golden_sword":2,"stat.craftItem.minecraft.golden_boots":1,"stat.sneakTime":15373,"stat.mineBlock.minecraft.cobblestone_wall":2,"stat.entityKilledBy.Blaze":1,"stat.useItem.minecraft.baked_potato":86,"stat.pickup.minecraft.stone_slab":36,"stat.pickup.minecraft.yellow_flower":3,"stat.pickup.minecraft.chest":2,"stat.craftItem.minecraft.enchanting_table":1,"stat.craftItem.minecraft.diamond_chestplate":1,"stat.pickup.minecraft.bone":41,"stat.horseOneCm":39722,"stat.useItem.minecraft.diamond_sword":484,"stat.craftItem.minecraft.diamond_helmet":1,"stat.craftItem.minecraft.iron_trapdoor":1,"stat.swimOneCm":295085,"stat.climbOneCm":11108,"stat.craftItem.securitycraft.mine":12,"stat.enderchestOpened":1,"stat.drop.minecraft.brown_mushroom":1,"stat.killEntity.betteranimalsplus.boar":5,"stat.useItem.minecraft.dirt":482,"stat.pickup.zawa.bird_meat":1,"stat.pickup.zawa.carnivore_meat_raw":1,"stat.pickup.minecraft.enchanting_table":1,"stat.mineBlock.zawa.dried_bamboo":1,"stat.craftItem.minecraft.stone_pickaxe":6,"stat.pickup.minecraft.cobblestone":2677,"stat.mineBlock.chisel.limestone2":39,"stat.craftItem.zawa.waste_bin":1,"stat.drop.minecraft.wheat_seeds":1,"stat.useItem.securitycraft.door_indestructible_iron_item":2,"stat.useItem.minecraft.cooked_beef":4,"stat.pickup.minecraft.redstone":230,"stat.mineBlock.minecraft.iron_ore":386,"stat.pickup.securitycraft.keypad_item":6,"stat.pickup.minecraft.mossy_cobblestone":3,"stat.pickup.minecraft.stonebrick":4,"stat.drop.minecraft.dirt":134,"stat.pickup.minecraft.iron_shovel":1,"stat.mineBlock.minecraft.nether_brick":24,"stat.mineBlock.minecraft.grass":323,"stat.drop.minecraft.compass":1,"stat.pickup.minecraft.paper":95,"stat.craftItem.minecraft.stick":100,"stat.useItem.minecraft.stone_slab":117,"stat.craftItem.minecraft.stone":336,"stat.craftItem.minecraft.gold_nugget":288,"stat.pickup.minecraft.grass":3,"stat.craftItem.globalxp.xp_block":1,"stat.mineBlock.minecraft.crafting_table":13,"stat.useItem.minecraft.diamond_pickaxe":1508,"stat.mineBlock.minecraft.quartz_block":1,"stat.useItem.minecraft.carrot":483,"stat.pickup.iceandfire.dragonbone_sword_fire":1,"stat.pickup.minecraft.diamond_chestplate":3,"stat.drop.zawa.golden_sparks":1,"stat.mineBlock.minecraft.planks":48,"stat.drop":337,"stat.pickup.securitycraft.mine":13,"stat.pickup.minecraft.stone_button":1,"stat.craftItem.minecraft.diamond_pickaxe":1,"stat.drop.minecraft.bread":2,"stat.pickup.ironchest.iron_gold_chest_upgrade":1,"stat.pickup.minecraft.gravel":144,"stat.pickup.minecraft.diamond_sword":6,"stat.pickup.minecraft.fence":10,"stat.pickup.minecraft.iron_helmet":6,"stat.craftItem.minecraft.bread":9,"stat.pickup.minecraft.spider_eye":2,"stat.mineBlock.animania.block_straw":1,"stat.craftItem.minecraft.iron_helmet":1,"stat.pickup.minecraft.diamond_ore":19,"stat.pickup.minecraft.iron_ore":405,"stat.mineBlock.mca.rose_gold_ore":14,"stat.boatOneCm":25997,"stat.mineBlock.minecraft.iron_bars":2,"stat.drop.zawa.worm":5,"stat.mineBlock.minecraft.stone_stairs":2,"stat.pickup.minecraft.leather":2,"stat.craftItem.minecraft.iron_bars":16,"stat.mineBlock.minecraft.furnace":4,"stat.drop.minecraft.water_bucket":1,"stat.pickup.minecraft.reeds":330,"tombstone:undead_killed":104,"stat.useItem.tombstone.grave_key":5,"stat.pickup.minecraft.oak_stairs":13,"stat.damageDealt":33516,"stat.craftItem.minecraft.glass":408,"stat.sleepInBed":25,"stat.pickup.twilightforest.twilight_log":2,"stat.craftItem.minecraft.anvil":1,"stat.craftItem.minecraft.baked_potato":25,"stat.useItem.minecraft.crafting_table":1,"stat.craftItem.minecraft.iron_sword":2,"stat.mineBlock.securitycraft.mine":9,"stat.walkOneCm":4173606,"stat.playerKills":1,"stat.pickup.dynamictrees.birchseed":16,"stat.pickup.minecraft.stick":134,"stat.mineBlock.minecraft.trapped_chest":1,"stat.mineBlock.chisel.basalt2":15,"stat.craftItem.minecraft.diamond_boots":1,"stat.mineBlock.zawa.golden_sparks":1,"stat.pickup.minecraft.stone":502,"stat.pickup.biomesoplenty.fleshchunk":6,"stat.drop.minecraft.emerald":2,"stat.pickup.minecraft.gold_ingot":19,"stat.killEntity.Skeleton":33,"stat.craftItem.animania.block_straw":1,"stat.drop.minecraft.crafting_table":1,"stat.killEntity.Spider":10,"stat.pickup.minecraft.bread":1,"stat.mineBlock.minecraft.quartz_ore":4,"stat.drop.minecraft.filled_map":3,"stat.pickup.minecraft.quartz":4,"stat.pickup.minecraft.water_bucket":3,"stat.mineBlock.minecraft.redstone_ore":1,"stat.pickup.minecraft.lava_bucket":2,"stat.craftItem.minecraft.coal_block":10,"stat.drop.zawa.care_guide":1,"stat.mineBlock.minecraft.stone":3060}