{"stat.leaveGame":1,"stat.craftItem.minecraft.iron_axe":1,"stat.mineBlock.minecraft.sandstone":3,"stat.drop.minecraft.enchanted_book":2,"stat.pickup.zawa.worm":7,"stat.craftItem.minecraft.shield":1,"stat.useItem.minecraft.planks":44,"stat.drop.minecraft.iron_sword":1,"stat.useItem.minecraft.water_bucket":17,"stat.pickup.minecraft.rotten_flesh":23,"stat.pickup.minecraft.sand":37,"stat.killEntity.Enderman":1,"stat.mineBlock.minecraft.sand":7,"stat.useItem.minecraft.iron_pickaxe":783,"stat.pickup.securitycraft.universal_block_remover":3,"stat.useItem.minecraft.iron_shovel":92,"stat.drop.minecraft.cooked_mutton":8,"stat.useItem.dynamictrees.darkoakseed":4,"stat.pickup.dynamictrees.darkoakseed":9,"stat.trappedChestTriggered":2,"stat.mineBlock.chisel.marble2":39,"stat.useItem.minecraft.oak_stairs":6,"stat.furnaceInteraction":19,"stat.useItem.minecraft.cooked_mutton":5,"stat.pickup.zawa.large_meat_raw":2,"stat.pickup.minecraft.iron_chestplate":1,"stat.pickup.mca.rose_gold_ore":4,"stat.pickup.tombstone.scroll_buff":1,"stat.killEntity.betteranimalsplus.zotzpyre":1,"stat.pickup.dynamictrees.oakseed":33,"stat.pickup.securitycraft.universal_block_reinforcer_lvl1":3,"stat.mineBlock.minecraft.oak_stairs":7,"stat.deaths":3,"stat.playOneMinute":222111,"stat.drop.securitycraft.universal_block_reinforcer_lvl1":1,"stat.craftItem.minecraft.iron_pickaxe":4,"stat.pickup.zawa.care_guide":3,"stat.pickup.chisel.marble2":68,"stat.mineBlock.minecraft.tallgrass":6,"stat.pickup.minecraft.cooked_mutton":13,"stat.chestOpened":33,"stat.killEntity.betteranimalsplus.goose":1,"stat.useItem.minecraft.stone":1,"stat.pickup.minecraft.arrow":23,"stat.pickup.securitycraft.door_indestructible_iron_item":1,"stat.drop.minecraft.iron_pickaxe":1,"stat.fallOneCm":44101,"stat.pickup.minecraft.melon_seeds":2,"stat.crouchOneCm":5360,"stat.mineBlock.minecraft.chest":2,"stat.pickup.minecraft.rail":2,"stat.craftItem.minecraft.chest":1,"stat.craftItem.minecraft.iron_ingot":83,"stat.craftingTableInteraction":37,"stat.pickup.securitycraft.keypad_chest":4,"stat.pickup.zawa.kelp":10,"stat.pickup.minecraft.planks":31,"stat.pickup.minecraft.iron_leggings":1,"stat.pickup.chisel.limestone2":51,"stat.pickup.minecraft.wheat_seeds":1,"stat.mineBlock.minecraft.gravel":1,"stat.useItem.minecraft.stone_pickaxe":228,"stat.craftItem.minecraft.iron_leggings":1,"stat.mineBlock.minecraft.dirt":36,"stat.drop.minecraft.reeds":15,"stat.mineBlock.minecraft.monster_egg":4,"stat.useItem.minecraft.torch":132,"stat.useItem.minecraft.bread":1,"stat.pickup.minecraft.golden_apple":1,"stat.pickup.minecraft.crafting_table":11,"stat.useItem.minecraft.log":12,"stat.useItem.minecraft.cobblestone":184,"stat.craftItem.minecraft.crafting_table":3,"stat.mineBlock.minecraft.double_plant":2,"stat.pickup.minecraft.log":44,"stat.drop.minecraft.stonebrick":1,"stat.pickup.minecraft.iron_pickaxe":5,"stat.drop.minecraft.planks":1,"stat.pickup.minecraft.wooden_door":1,"stat.craftItem.minecraft.bucket":1,"stat.craftItem.minecraft.planks":112,"stat.useItem.minecraft.iron_sword":149,"stat.drop.dynamictrees.darkoakseed":1,"stat.useItem.securitycraft.universal_block_remover":4,"stat.drop.securitycraft.universal_block_remover":1,"stat.drop.tombstone.scroll_buff":1,"stat.pickup.minecraft.book":3,"stat.pickup.minecraft.iron_door":3,"stat.sneakTime":2165,"stat.pickup.minecraft.wool":3,"stat.useItem.minecraft.baked_potato":53,"stat.pickup.minecraft.stone_slab":8,"stat.pickup.minecraft.yellow_flower":3,"stat.pickup.minecraft.chest":2,"stat.pickup.minecraft.bone":13,"stat.useItem.minecraft.iron_axe":104,"stat.mineBlock.minecraft.cobblestone":6,"stat.pickup.minecraft.flint":4,"stat.swimOneCm":61361,"stat.climbOneCm":622,"stat.pickup.minecraft.enchanted_book":2,"stat.killEntity.betteranimalsplus.boar":2,"stat.useItem.minecraft.dirt":139,"stat.pickup.minecraft.bow":1,"stat.pickup.minecraft.iron_boots":1,"stat.craftItem.minecraft.iron_boots":1,"stat.craftItem.minecraft.stone_pickaxe":3,"stat.pickup.minecraft.cobblestone":673,"stat.mineBlock.chisel.limestone2":21,"stat.flyOneCm":191477,"stat.pickup.minecraft.sandstone":3,"stat.pickup.minecraft.redstone":91,"stat.mineBlock.minecraft.iron_ore":113,"stat.timeSinceDeath":70737,"stat.pickup.minecraft.mossy_cobblestone":3,"stat.killEntity.Bat":2,"stat.pickup.securitycraft.keypad":1,"stat.pickup.minecraft.stonebrick":4,"stat.drop.minecraft.dirt":2,"stat.pickup.minecraft.iron_shovel":1,"stat.mineBlock.minecraft.coal_ore":104,"stat.talkedToVillager":5,"stat.drop.minecraft.baked_potato":2,"stat.pickup.minecraft.string":8,"stat.mineBlock.minecraft.grass":107,"stat.pickup.tombstone.crafting_ingredient":2,"stat.entityKilledBy.Skeleton":1,"stat.drop.minecraft.compass":1,"stat.sprintOneCm":297685,"stat.killEntity.betteranimalsplus.pheasant":1,"stat.craftItem.minecraft.stick":32,"stat.pickup.minecraft.grass":2,"stat.mineBlock.minecraft.crafting_table":8,"stat.mineBlock.minecraft.planks":29,"stat.drop":39,"stat.killEntity.Zombie":9,"stat.craftItem.minecraft.dye":15,"stat.mineBlock.minecraft.gold_ore":22,"stat.diveOneCm":32951,"stat.pickup.minecraft.wheat":2,"stat.pickup.minecraft.gravel":105,"stat.pickup.minecraft.stone_axe":1,"stat.pickup.minecraft.obsidian":4,"stat.jump":2821,"stat.pickup.minecraft.fence":2,"stat.pickup.minecraft.iron_helmet":2,"stat.pickup.minecraft.coal":114,"stat.pickup.minecraft.iron_ingot":44,"stat.pickup.minecraft.gunpowder":4,"stat.craftItem.minecraft.torch":116,"stat.pickup.minecraft.dirt":255,"stat.craftItem.minecraft.iron_helmet":1,"stat.pickup.minecraft.iron_ore":113,"stat.mineBlock.mca.rose_gold_ore":5,"stat.pickup.minecraft.gold_ore":22,"stat.damageTaken":3534,"stat.pickup.minecraft.leather":2,"stat.mineBlock.minecraft.torch":14,"stat.pickup.minecraft.log2":5,"stat.pickup.minecraft.reeds":52,"stat.pickup.minecraft.bed":2,"tombstone:undead_killed":18,"stat.pickup.minecraft.oak_stairs":13,"stat.damageDealt":6515,"stat.sleepInBed":1,"stat.killEntity.Silverfish":8,"stat.useItem.minecraft.crafting_table":1,"stat.craftItem.minecraft.iron_sword":2,"stat.useItem.minecraft.air":44,"stat.walkOneCm":913292,"stat.pickup.dynamictrees.birchseed":6,"stat.pickup.minecraft.stick":74,"stat.mineBlock.chisel.basalt2":1,"stat.pickup.wolfarmor.gold_wolf_armor":1,"stat.useItem.tombstone.gift":2,"stat.pickup.minecraft.stone":128,"stat.craftItem.minecraft.iron_chestplate":1,"stat.pickup.minecraft.baked_potato":139,"stat.killEntity.Skeleton":9,"stat.killEntity.Spider":2,"stat.pickup.minecraft.bread":1,"stat.mobKills":41,"stat.pickup.securitycraft.reinforced_stone_button":3,"stat.pickup.minecraft.diamond":5,"stat.pickup.minecraft.iron_horse_armor":4,"stat.pickup.minecraft.torch":68,"stat.entityKilledBy.Silverfish":2,"stat.drop.zawa.care_guide":1,"stat.mineBlock.minecraft.stone":658}