{"stat.chestOpened":22,"stat.pickup.minecraft.bone":6,"stat.killEntity.betteranimalsplus.goose":1,"stat.useItem.minecraft.stone":1,"stat.useItem.minecraft.iron_axe":89,"stat.pickup.minecraft.gravel":35,"stat.leaveGame":1,"stat.pickup.minecraft.arrow":9,"stat.pickup.securitycraft.door_indestructible_iron_item":1,"stat.mineBlock.minecraft.cobblestone":2,"stat.pickup.minecraft.flint":4,"stat.pickup.minecraft.stone_axe":1,"stat.craftItem.minecraft.iron_axe":1,"stat.drop.minecraft.iron_pickaxe":1,"stat.jump":1452,"stat.swimOneCm":7696,"stat.pickup.zawa.worm":4,"stat.pickup.minecraft.fence":2,"stat.pickup.minecraft.iron_helmet":1,"stat.pickup.minecraft.coal":62,"stat.fallOneCm":21368,"stat.pickup.minecraft.iron_ingot":21,"stat.craftItem.minecraft.shield":1,"stat.useItem.minecraft.planks":12,"stat.pickup.minecraft.melon_seeds":2,"stat.pickup.minecraft.gunpowder":1,"stat.crouchOneCm":3322,"stat.mineBlock.minecraft.chest":2,"stat.pickup.minecraft.rail":1,"stat.craftItem.minecraft.torch":96,"stat.craftItem.minecraft.chest":1,"stat.craftItem.minecraft.iron_ingot":10,"stat.pickup.minecraft.dirt":194,"stat.killEntity.betteranimalsplus.boar":2,"stat.useItem.minecraft.dirt":86,"stat.pickup.minecraft.bow":1,"stat.pickup.minecraft.iron_boots":1,"stat.drop.minecraft.iron_sword":1,"stat.craftingTableInteraction":17,"stat.pickup.minecraft.iron_ore":76,"stat.pickup.minecraft.rotten_flesh":7,"stat.pickup.minecraft.sand":34,"stat.mineBlock.mca.rose_gold_ore":5,"stat.pickup.minecraft.gold_ore":5,"stat.pickup.securitycraft.keypad_chest":1,"stat.damageTaken":1512,"stat.pickup.minecraft.leather":2,"stat.mineBlock.minecraft.torch":1,"stat.killEntity.Enderman":1,"stat.pickup.minecraft.cobblestone":133,"stat.pickup.zawa.kelp":10,"stat.pickup.minecraft.planks":27,"stat.pickup.minecraft.reeds":52,"stat.pickup.minecraft.iron_leggings":1,"stat.mineBlock.chisel.limestone2":3,"stat.pickup.chisel.limestone2":34,"stat.flyOneCm":106037,"stat.pickup.minecraft.bed":2,"tombstone:undead_killed":6,"stat.pickup.minecraft.wheat_seeds":1,"stat.pickup.minecraft.oak_stairs":13,"stat.damageDealt":2360,"stat.pickup.minecraft.redstone":46,"stat.mineBlock.minecraft.iron_ore":76,"stat.sleepInBed":1,"stat.timeSinceDeath":114619,"stat.useItem.minecraft.iron_pickaxe":330,"stat.mineBlock.minecraft.dirt":20,"stat.useItem.minecraft.crafting_table":1,"stat.pickup.securitycraft.universal_block_remover":1,"stat.drop.minecraft.reeds":15,"stat.craftItem.minecraft.iron_sword":1,"stat.useItem.minecraft.iron_shovel":92,"stat.drop.minecraft.cooked_mutton":8,"stat.useItem.minecraft.air":26,"stat.useItem.dynamictrees.darkoakseed":4,"stat.pickup.dynamictrees.darkoakseed":6,"stat.walkOneCm":566014,"stat.useItem.minecraft.torch":62,"stat.pickup.minecraft.golden_apple":1,"stat.pickup.dynamictrees.birchseed":6,"stat.pickup.minecraft.stick":62,"stat.pickup.securitycraft.keypad":1,"stat.mineBlock.chisel.marble2":25,"stat.pickup.minecraft.crafting_table":5,"stat.useItem.minecraft.log":12,"stat.useItem.minecraft.oak_stairs":6,"stat.pickup.minecraft.stonebrick":4,"stat.useItem.minecraft.cobblestone":52,"stat.craftItem.minecraft.crafting_table":3,"stat.furnaceInteraction":2,"stat.drop.minecraft.dirt":2,"stat.pickup.minecraft.iron_shovel":1,"stat.mineBlock.minecraft.double_plant":2,"stat.mineBlock.minecraft.coal_ore":61,"stat.talkedToVillager":5,"stat.pickup.minecraft.log":39,"stat.pickup.minecraft.string":2,"stat.mineBlock.minecraft.grass":103,"stat.drop.minecraft.stonebrick":1,"stat.pickup.minecraft.iron_pickaxe":5,"stat.pickup.wolfarmor.gold_wolf_armor":1,"stat.useItem.minecraft.cooked_mutton":5,"stat.pickup.zawa.large_meat_raw":2,"stat.pickup.minecraft.stone":36,"stat.drop.minecraft.planks":1,"stat.pickup.minecraft.baked_potato":126,"stat.sprintOneCm":178203,"stat.pickup.minecraft.wooden_door":1,"stat.pickup.minecraft.iron_chestplate":1,"stat.craftItem.minecraft.stick":24,"stat.pickup.mca.rose_gold_ore":4,"stat.killEntity.Skeleton":4,"stat.craftItem.minecraft.planks":72,"stat.useItem.minecraft.iron_sword":21,"stat.drop.dynamictrees.darkoakseed":1,"stat.pickup.minecraft.grass":2,"stat.mineBlock.minecraft.crafting_table":3,"stat.useItem.securitycraft.universal_block_remover":1,"stat.drop.securitycraft.universal_block_remover":1,"stat.killEntity.betteranimalsplus.zotzpyre":1,"stat.mobKills":12,"stat.pickup.dynamictrees.oakseed":32,"stat.pickup.securitycraft.universal_block_reinforcer_lvl1":1,"stat.mineBlock.minecraft.oak_stairs":7,"stat.pickup.securitycraft.reinforced_stone_button":2,"stat.mineBlock.minecraft.planks":25,"stat.drop":33,"stat.pickup.minecraft.iron_door":3,"stat.pickup.minecraft.iron_horse_armor":4,"stat.playOneMinute":114619,"stat.pickup.minecraft.torch":51,"stat.drop.securitycraft.universal_block_reinforcer_lvl1":1,"stat.sneakTime":1366,"stat.craftItem.minecraft.iron_pickaxe":3,"stat.pickup.minecraft.wool":3,"stat.useItem.minecraft.baked_potato":27,"stat.killEntity.Zombie":2,"stat.pickup.zawa.care_guide":3,"stat.craftItem.minecraft.dye":15,"stat.pickup.minecraft.stone_slab":8,"stat.pickup.minecraft.yellow_flower":3,"stat.drop.zawa.care_guide":1,"stat.pickup.chisel.marble2":59,"stat.mineBlock.minecraft.stone":142,"stat.mineBlock.minecraft.gold_ore":5,"stat.mineBlock.minecraft.tallgrass":6,"stat.diveOneCm":7912,"stat.pickup.minecraft.cooked_mutton":13,"stat.pickup.minecraft.wheat":2,"stat.pickup.minecraft.chest":2}