{"stat.leaveGame":2,"stat.craftItem.minecraft.iron_axe":1,"stat.pickup.tombstone.familiar_stone":1,"stat.useItem.zawa.bird_meat_cooked":1,"stat.mineBlock.minecraft.sandstone":3,"stat.drop.minecraft.enchanted_book":2,"stat.pickup.zawa.worm":14,"stat.craftItem.minecraft.shield":2,"stat.useItem.minecraft.planks":45,"stat.useItem.tombstone.familiar_stone":1,"stat.pickup.minecraft.porkchop":6,"stat.pickup.minecraft.glass":15,"stat.drop.minecraft.iron_sword":1,"stat.useItem.minecraft.water_bucket":92,"stat.pickup.minecraft.rotten_flesh":40,"stat.pickup.minecraft.sand":560,"stat.pickup.iceandfire.troll_leather_forest":4,"stat.killEntity.Enderman":1,"stat.craftItem.minecraft.iron_shovel":3,"stat.pickup.minecraft.brown_mushroom":3,"stat.mineBlock.minecraft.sand":439,"stat.useItem.minecraft.iron_pickaxe":1794,"stat.pickup.securitycraft.universal_block_remover":3,"stat.craftItem.minecraft.iron_door":3,"stat.useItem.minecraft.iron_shovel":750,"stat.drop.minecraft.cooked_mutton":8,"stat.useItem.dynamictrees.darkoakseed":4,"stat.pickup.dynamictrees.darkoakseed":9,"stat.craftItem.minecraft.bed":1,"stat.trappedChestTriggered":2,"stat.craftItem.minecraft.glass_pane":16,"stat.pickup.zawa.golden_sparks":2,"stat.mineBlock.chisel.marble2":47,"stat.useItem.minecraft.oak_stairs":6,"stat.furnaceInteraction":123,"stat.drop.minecraft.gravel":4,"stat.entityKilledBy.if_troll":1,"stat.pickup.minecraft.beef":4,"stat.useItem.minecraft.cooked_mutton":5,"stat.pickup.zawa.large_meat_raw":5,"stat.pickup.minecraft.furnace":1,"stat.craftItem.zawa.bird_meat_cooked":1,"stat.pickup.minecraft.iron_chestplate":1,"stat.pickup.mca.rose_gold_ore":11,"stat.pickup.securitycraft.reinforced_planks":1,"stat.pickup.tombstone.scroll_buff":1,"stat.useItem.minecraft.wheat_seeds":5,"stat.killEntity.betteranimalsplus.zotzpyre":1,"stat.pickup.minecraft.emerald":1,"stat.craftItem.securitycraft.laser_block":1,"stat.pickup.dynamictrees.oakseed":33,"stat.pickup.securitycraft.universal_block_reinforcer_lvl1":4,"stat.useItem.minecraft.dye":37,"stat.craftItem.minecraft.heavy_weighted_pressure_plate":4,"stat.mineBlock.minecraft.oak_stairs":7,"stat.deaths":8,"stat.pickup.zawa.fur":4,"stat.playOneMinute":479758,"stat.craftItem.minecraft.item_frame":4,"stat.drop.securitycraft.universal_block_reinforcer_lvl1":1,"stat.craftItem.minecraft.iron_pickaxe":7,"stat.craftItem.securitycraft.keypad_item":2,"stat.pickup.zawa.care_guide":3,"stat.pickup.chisel.marble2":79,"stat.mineBlock.minecraft.tallgrass":113,"stat.pickup.minecraft.cooked_mutton":13,"stat.chestOpened":108,"stat.killEntity.betteranimalsplus.goose":1,"stat.useItem.minecraft.stone":2,"stat.pickup.minecraft.arrow":29,"stat.pickup.minecraft.iron_sword":1,"stat.pickup.securitycraft.door_indestructible_iron_item":1,"stat.drop.minecraft.iron_pickaxe":1,"stat.craftItem.minecraft.iron_hoe":1,"stat.fallOneCm":84543,"stat.pickup.minecraft.carrot":117,"stat.pickup.minecraft.melon_seeds":2,"stat.crouchOneCm":8204,"stat.mineBlock.minecraft.chest":2,"stat.pickup.minecraft.rail":2,"stat.craftItem.minecraft.chest":6,"stat.craftItem.minecraft.iron_ingot":167,"stat.useItem.minecraft.iron_hoe":87,"stat.craftingTableInteraction":107,"stat.pickup.minecraft.heavy_weighted_pressure_plate":1,"stat.useItem.securitycraft.reinforced_stone_button":5,"stat.pickup.securitycraft.keypad_chest":4,"stat.pickup.minecraft.feather":2,"stat.useItem.minecraft.furnace":8,"stat.craftItem.mca.rose_gold_ingot":9,"stat.pickup.zawa.kelp":10,"stat.pickup.minecraft.dye":39,"stat.pickup.minecraft.planks":34,"stat.pickup.minecraft.iron_leggings":1,"stat.pickup.chisel.limestone2":53,"stat.pickup.minecraft.wheat_seeds":61,"stat.mineBlock.minecraft.gravel":36,"stat.useItem.minecraft.stone_pickaxe":247,"stat.mineBlock.minecraft.glass":11,"stat.craftItem.minecraft.iron_leggings":1,"stat.pickup.zawa.dried_bamboo":3,"stat.mineBlock.minecraft.dirt":122,"stat.drop.minecraft.reeds":15,"stat.craftItem.minecraft.leather":8,"stat.mineBlock.minecraft.monster_egg":4,"stat.pickup.securitycraft.reinforced_glass_block":5,"stat.useItem.minecraft.torch":240,"stat.useItem.minecraft.bread":1,"stat.pickup.minecraft.golden_apple":1,"stat.craftItem.minecraft.redstone_block":1,"stat.drop.minecraft.rotten_flesh":6,"stat.pickup.minecraft.crafting_table":13,"stat.useItem.minecraft.log":12,"stat.useItem.minecraft.cobblestone":291,"stat.craftItem.minecraft.crafting_table":3,"stat.mineBlock.minecraft.double_plant":10,"stat.pickup.minecraft.log":49,"stat.drop.minecraft.stonebrick":1,"stat.pickup.minecraft.iron_pickaxe":6,"stat.craftItem.zawa.large_meat_cooked":3,"stat.craftItem.minecraft.stone_button":9,"stat.drop.minecraft.iron_ore":3,"stat.craftItem.minecraft.gold_ingot":24,"stat.drop.minecraft.planks":1,"stat.pickup.minecraft.wooden_door":1,"stat.craftItem.securitycraft.door_indestructible_iron_item":1,"stat.craftItem.minecraft.bucket":1,"stat.craftItem.minecraft.planks":132,"stat.useItem.minecraft.iron_sword":167,"stat.drop.dynamictrees.darkoakseed":1,"stat.useItem.securitycraft.universal_block_remover":14,"stat.drop.securitycraft.universal_block_remover":1,"stat.drop.tombstone.scroll_buff":1,"stat.pickup.minecraft.book":3,"stat.mineBlock.minecraft.heavy_weighted_pressure_plate":1,"stat.pickup.minecraft.iron_door":5,"stat.pickup.minecraft.red_flower":2,"stat.sneakTime":3513,"stat.pickup.minecraft.wool":3,"stat.entityKilledBy.Blaze":1,"stat.useItem.minecraft.baked_potato":63,"stat.pickup.minecraft.stone_slab":8,"stat.pickup.minecraft.yellow_flower":3,"stat.pickup.minecraft.chest":2,"stat.craftItem.minecraft.diamond_chestplate":1,"stat.pickup.minecraft.bone":20,"stat.useItem.minecraft.iron_axe":104,"stat.mineBlock.minecraft.cobblestone":9,"stat.pickup.minecraft.stone_pickaxe":1,"stat.pickup.minecraft.flint":7,"stat.craftItem.minecraft.wool":6,"stat.useItem.minecraft.diamond_sword":161,"stat.swimOneCm":131125,"stat.climbOneCm":1246,"stat.pickup.minecraft.enchanted_book":2,"stat.killEntity.betteranimalsplus.boar":4,"stat.useItem.minecraft.dirt":358,"stat.pickup.minecraft.bow":2,"stat.pickup.minecraft.iron_boots":1,"stat.pickup.zawa.bird_meat":1,"stat.craftItem.minecraft.furnace":8,"stat.craftItem.minecraft.iron_boots":1,"stat.mineBlock.zawa.dried_bamboo":1,"stat.craftItem.minecraft.stone_pickaxe":5,"stat.craftItem.minecraft.cooked_beef":4,"stat.pickup.minecraft.cobblestone":1172,"stat.mineBlock.chisel.limestone2":25,"stat.flyOneCm":411136,"stat.pickup.minecraft.sandstone":3,"stat.pickup.minecraft.redstone":230,"stat.mineBlock.minecraft.iron_ore":205,"stat.timeSinceDeath":82849,"stat.pickup.securitycraft.keypad_item":1,"stat.pickup.minecraft.mossy_cobblestone":3,"stat.craftItem.minecraft.iron_block":3,"stat.killEntity.Bat":2,"stat.craftItem.minecraft.stonebrick":12,"stat.pickup.securitycraft.keypad":1,"stat.pickup.minecraft.stonebrick":4,"stat.drop.minecraft.dirt":3,"stat.pickup.minecraft.iron_shovel":1,"stat.mineBlock.minecraft.coal_ore":345,"stat.killEntity.Creeper":1,"stat.pickup.minecraft.shield":2,"stat.talkedToVillager":20,"stat.drop.minecraft.baked_potato":2,"stat.pickup.minecraft.string":33,"stat.pickup.comforts.sleeping_bag":3,"stat.mineBlock.minecraft.grass":267,"stat.pickup.tombstone.crafting_ingredient":5,"stat.entityKilledBy.Skeleton":1,"stat.drop.minecraft.compass":1,"stat.sprintOneCm":596132,"stat.killEntity.betteranimalsplus.pheasant":1,"stat.craftItem.minecraft.stick":60,"stat.craftItem.minecraft.stone":183,"stat.mineBlock.minecraft.diamond_ore":8,"stat.pickup.minecraft.grass":2,"stat.craftItem.globalxp.xp_block":1,"stat.mineBlock.minecraft.crafting_table":10,"stat.useItem.minecraft.carrot":102,"stat.mineBlock.minecraft.planks":32,"stat.drop":56,"stat.pickup.minecraft.stone_button":1,"stat.killEntity.Zombie":18,"stat.craftItem.minecraft.dye":56,"stat.mineBlock.minecraft.gold_ore":29,"stat.diveOneCm":83743,"stat.pickup.minecraft.wheat":8,"stat.pickup.minecraft.gravel":142,"stat.pickup.minecraft.stone_axe":1,"stat.pickup.minecraft.obsidian":4,"stat.pickup.minecraft.diamond_sword":2,"stat.craftItem.minecraft.diamond_sword":1,"stat.jump":5223,"stat.pickup.minecraft.fence":2,"stat.pickup.minecraft.iron_helmet":2,"stat.pickup.minecraft.coal":401,"stat.pickup.minecraft.iron_ingot":70,"stat.drop.minecraft.diamond_sword":2,"stat.pickup.minecraft.gunpowder":6,"stat.pickup.minecraft.spider_eye":1,"stat.craftItem.minecraft.torch":224,"stat.pickup.minecraft.dirt":514,"stat.craftItem.minecraft.iron_helmet":1,"stat.craftItem.comforts.sleeping_bag":1,"stat.pickup.minecraft.iron_ore":232,"stat.useItem.minecraft.glass":304,"stat.mineBlock.mca.rose_gold_ore":12,"stat.pickup.minecraft.gold_ore":29,"stat.mineBlock.minecraft.lapis_ore":7,"stat.killEntity.camocreepers:CamoCreeper":1,"stat.damageTaken":5357,"stat.pickup.minecraft.leather":2,"stat.craftItem.minecraft.iron_bars":16,"stat.mineBlock.minecraft.torch":25,"stat.mineBlock.minecraft.red_flower":2,"stat.drop.minecraft.water_bucket":1,"stat.pickup.minecraft.log2":5,"stat.pickup.minecraft.reeds":91,"stat.pickup.minecraft.bed":2,"tombstone:undead_killed":35,"stat.useItem.tombstone.grave_key":2,"stat.pickup.minecraft.oak_stairs":13,"stat.damageDealt":14809,"stat.craftItem.minecraft.glass":408,"stat.sleepInBed":6,"stat.craftItem.minecraft.anvil":1,"stat.killEntity.Silverfish":8,"stat.useItem.minecraft.crafting_table":1,"stat.craftItem.minecraft.iron_sword":2,"stat.useItem.minecraft.air":111,"stat.craftItem.securitycraft.universal_block_reinforcer_lvl1":1,"stat.walkOneCm":1680993,"stat.useItem.minecraft.chest":2,"stat.pickup.dynamictrees.birchseed":11,"stat.pickup.minecraft.stick":74,"stat.mineBlock.chisel.basalt2":11,"stat.mineBlock.zawa.golden_sparks":1,"stat.pickup.wolfarmor.gold_wolf_armor":1,"stat.useItem.tombstone.gift":2,"stat.useItem.minecraft.item_frame":2,"stat.pickup.minecraft.stone":249,"stat.craftItem.minecraft.iron_chestplate":1,"stat.pickup.minecraft.baked_potato":139,"stat.killEntity.if_troll":1,"stat.killEntity.Skeleton":17,"stat.mineBlock.minecraft.farmland":3,"stat.mineBlock.minecraft.stonebrick":3,"stat.killEntity.Spider":7,"stat.pickup.minecraft.bread":1,"stat.mobKills":76,"stat.pickup.securitycraft.reinforced_stone_button":29,"stat.pickup.minecraft.water_bucket":1,"stat.pickup.minecraft.diamond":14,"stat.pickup.minecraft.iron_horse_armor":4,"stat.pickup.minecraft.torch":84,"stat.entityKilledBy.Silverfish":2,"stat.mineBlock.minecraft.redstone_ore":1,"stat.craftItem.minecraft.coal_block":6,"stat.drop.zawa.care_guide":1,"stat.mineBlock.minecraft.stone":1229}