{"stat.drop.minecraft.stone_pickaxe":2,"stat.pickup.minecraft.bone":4,"stat.leaveGame":6,"stat.pickup.minecraft.stone_pickaxe":3,"stat.craftItem.tombstone.grave_key":2,"stat.pickup.zawa.worm":12,"stat.swimOneCm":10641,"stat.useItem.minecraft.planks":261,"stat.climbOneCm":350,"stat.pickup.minecraft.glowstone_dust":1,"stat.useItem.minecraft.dirt":422,"stat.pickup.minecraft.sand":85,"stat.craftItem.minecraft.furnace":2,"stat.craftItem.minecraft.stone_axe":1,"stat.craftItem.minecraft.stone_pickaxe":4,"stat.pickup.minecraft.cobblestone":437,"stat.mineBlock.chisel.limestone2":82,"stat.useItem.minecraft.stone_shovel":132,"stat.flyOneCm":37608,"stat.craftItem.minecraft.iron_shovel":1,"stat.mineBlock.minecraft.sand":65,"stat.drop.minecraft.wheat_seeds":2,"stat.pickup.minecraft.redstone":1,"stat.mineBlock.minecraft.iron_ore":4,"stat.timeSinceDeath":11471,"stat.useItem.minecraft.iron_pickaxe":7,"stat.craftItem.minecraft.wooden_pickaxe":1,"stat.useItem.minecraft.iron_shovel":225,"stat.mineBlock.chisel.marble2":147,"stat.furnaceInteraction":3,"stat.pickup.minecraft.iron_shovel":3,"stat.mineBlock.minecraft.coal_ore":35,"stat.mineBlock.minecraft.grass":163,"stat.pickup.minecraft.furnace":2,"stat.sprintOneCm":76351,"stat.craftItem.minecraft.stick":56,"stat.craftItem.minecraft.wooden_axe":1,"stat.mineBlock.minecraft.crafting_table":4,"stat.pickup.dynamictrees.oakseed":27,"stat.deaths":2,"stat.mineBlock.minecraft.planks":41,"stat.drop":20,"stat.playOneMinute":97762,"stat.drop.tombstone.grave_key":2,"stat.pickup.tombstone.grave_key":2,"stat.craftItem.minecraft.iron_pickaxe":1,"stat.killEntity.Zombie":1,"stat.pickup.zawa.care_guide":2,"stat.pickup.chisel.marble2":292,"stat.mineBlock.minecraft.tallgrass":7,"stat.diveOneCm":3839,"stat.useItem.minecraft.stone":5,"stat.pickup.minecraft.arrow":2,"stat.pickup.minecraft.stone_axe":3,"stat.useItem.minecraft.apple":2,"stat.jump":862,"stat.useItem.minecraft.sand":72,"stat.pickup.minecraft.coal":67,"stat.fallOneCm":10757,"stat.pickup.minecraft.iron_ingot":4,"stat.useItem.minecraft.stone_axe":81,"stat.crouchOneCm":30,"stat.craftItem.minecraft.torch":12,"stat.pickup.minecraft.dirt":505,"stat.craftingTableInteraction":14,"stat.pickup.minecraft.iron_ore":4,"stat.drop.zawa.worm":2,"stat.damageTaken":683,"stat.mineBlock.minecraft.torch":21,"stat.mineBlock.minecraft.furnace":1,"stat.useItem.minecraft.wooden_pickaxe":59,"stat.pickup.minecraft.planks":97,"stat.pickup.minecraft.reeds":3,"stat.pickup.chisel.limestone2":162,"stat.useItem.tombstone.grave_key":1,"tombstone:undead_killed":2,"stat.pickup.minecraft.wheat_seeds":6,"stat.entityKilledBy.Zombie":1,"stat.useItem.minecraft.stone_pickaxe":456,"stat.damageDealt":489,"stat.mineBlock.minecraft.dirt":139,"stat.useItem.minecraft.crafting_table":1,"stat.useItem.minecraft.air":52,"stat.craftItem.minecraft.stone_shovel":1,"stat.walkOneCm":315196,"stat.useItem.minecraft.torch":26,"stat.pickup.minecraft.stick":93,"stat.pickup.minecraft.crafting_table":5,"stat.useItem.minecraft.cobblestone":3,"stat.craftItem.minecraft.crafting_table":1,"stat.pickup.minecraft.log":70,"stat.pickup.minecraft.iron_pickaxe":1,"stat.pickup.minecraft.stone":13,"stat.drop.minecraft.planks":4,"stat.pickup.minecraft.apple":20,"stat.killEntity.Skeleton":1,"stat.drop.dynamictrees.oakseed":3,"stat.craftItem.minecraft.planks":284,"stat.drop.minecraft.crafting_table":3,"stat.mobKills":2,"stat.mineBlock.minecraft.log":5,"stat.pickup.minecraft.torch":37,"stat.sneakTime":46,"stat.drop.minecraft.stone_axe":2,"stat.useItem.minecraft.wooden_axe":2,"stat.pickup.minecraft.yellow_flower":4,"stat.mineBlock.minecraft.stone":248}