{"stat.drop.minecraft.stone_pickaxe":2,"stat.pickup.minecraft.bone":4,"stat.leaveGame":7,"stat.mineBlock.minecraft.cobblestone":1,"stat.pickup.minecraft.stone_pickaxe":4,"stat.craftItem.tombstone.grave_key":4,"stat.pickup.zawa.worm":12,"stat.swimOneCm":15875,"stat.useItem.minecraft.planks":293,"stat.climbOneCm":1042,"stat.pickup.minecraft.glowstone_dust":1,"stat.pickup.minecraft.porkchop":10,"stat.useItem.minecraft.dirt":429,"stat.pickup.minecraft.sand":100,"stat.craftItem.minecraft.furnace":2,"stat.craftItem.minecraft.stone_axe":2,"stat.craftItem.minecraft.trapdoor":2,"stat.craftItem.minecraft.stone_pickaxe":4,"stat.pickup.minecraft.cobblestone":738,"stat.mineBlock.chisel.limestone2":82,"stat.useItem.minecraft.stone_shovel":132,"stat.flyOneCm":117986,"stat.craftItem.minecraft.iron_shovel":1,"stat.mineBlock.minecraft.sand":80,"stat.drop.minecraft.wheat_seeds":2,"stat.pickup.minecraft.redstone":1,"stat.mineBlock.minecraft.iron_ore":4,"stat.timeSinceDeath":20260,"stat.useItem.minecraft.iron_pickaxe":112,"stat.useItem.minecraft.sign":3,"stat.craftItem.minecraft.wooden_pickaxe":1,"stat.useItem.minecraft.iron_shovel":252,"stat.mineBlock.chisel.marble2":191,"stat.useItem.minecraft.oak_stairs":29,"stat.furnaceInteraction":29,"stat.pickup.minecraft.iron_shovel":4,"stat.pickup.minecraft.trapdoor":3,"stat.killEntity.ZombieVillager":1,"stat.mineBlock.minecraft.coal_ore":35,"stat.pickup.comforts.sleeping_bag":1,"stat.mineBlock.minecraft.grass":170,"stat.pickup.minecraft.furnace":2,"stat.useItem.minecraft.trapdoor":1,"stat.sprintOneCm":188636,"stat.craftItem.minecraft.stick":56,"stat.craftItem.minecraft.wooden_axe":1,"stat.mineBlock.minecraft.crafting_table":4,"stat.useItem.minecraft.carrot":8,"stat.pickup.dynamictrees.oakseed":44,"stat.mineBlock.minecraft.oak_stairs":27,"stat.deaths":4,"stat.mineBlock.minecraft.planks":70,"stat.drop":29,"stat.playOneMinute":164190,"stat.drop.tombstone.grave_key":2,"stat.pickup.tombstone.grave_key":2,"stat.craftItem.minecraft.iron_pickaxe":1,"stat.killEntity.Zombie":1,"stat.pickup.zawa.care_guide":3,"stat.pickup.chisel.marble2":336,"stat.mineBlock.minecraft.tallgrass":41,"stat.diveOneCm":9769,"stat.chestOpened":8,"stat.pickup.minecraft.sign":4,"stat.useItem.minecraft.stone":5,"stat.pickup.minecraft.arrow":3,"stat.craftItem.minecraft.cooked_porkchop":10,"stat.pickup.minecraft.stone_axe":4,"stat.useItem.minecraft.apple":7,"stat.drop.minecraft.apple":5,"stat.jump":1842,"stat.useItem.minecraft.sand":72,"stat.pickup.minecraft.coal":67,"stat.fallOneCm":34790,"stat.pickup.minecraft.iron_ingot":4,"stat.pickup.minecraft.carrot":10,"stat.useItem.minecraft.stone_axe":194,"stat.crouchOneCm":362,"stat.mineBlock.minecraft.chest":1,"stat.craftItem.minecraft.torch":12,"stat.craftItem.minecraft.chest":1,"stat.pickup.minecraft.dirt":519,"stat.craftItem.comforts.sleeping_bag":1,"stat.craftingTableInteraction":32,"stat.pickup.minecraft.iron_ore":4,"stat.useItem.minecraft.glass":74,"stat.drop.zawa.worm":2,"stat.useItem.chisel.marble2":140,"stat.damageTaken":2082,"stat.mineBlock.minecraft.torch":22,"stat.mineBlock.minecraft.furnace":1,"stat.useItem.minecraft.wooden_pickaxe":59,"stat.pickup.minecraft.planks":130,"stat.pickup.minecraft.reeds":3,"stat.pickup.chisel.limestone2":243,"stat.useItem.tombstone.grave_key":2,"tombstone:undead_killed":3,"stat.pickup.minecraft.wheat_seeds":9,"stat.pickup.minecraft.oak_stairs":38,"stat.entityKilledBy.Zombie":1,"stat.useItem.minecraft.stone_pickaxe":456,"stat.mineBlock.minecraft.glass":7,"stat.damageDealt":779,"stat.craftItem.minecraft.glass":79,"stat.craftItem.minecraft.oak_stairs":20,"stat.mineBlock.minecraft.dirt":152,"stat.useItem.minecraft.crafting_table":1,"stat.drop.minecraft.stick":3,"stat.useItem.minecraft.air":69,"stat.craftItem.minecraft.stone_shovel":1,"stat.walkOneCm":549713,"stat.useItem.minecraft.torch":27,"stat.pickup.dynamictrees.birchseed":1,"stat.pickup.minecraft.stick":110,"stat.pickup.minecraft.crafting_table":5,"stat.useItem.minecraft.cobblestone":61,"stat.craftItem.minecraft.crafting_table":1,"stat.mineBlock.minecraft.double_plant":5,"stat.pickup.minecraft.log":81,"stat.pickup.minecraft.iron_pickaxe":1,"stat.pickup.minecraft.stone":30,"stat.drop.minecraft.planks":4,"stat.pickup.minecraft.wooden_door":1,"stat.pickup.minecraft.apple":21,"stat.killEntity.Skeleton":1,"stat.drop.dynamictrees.oakseed":3,"stat.craftItem.minecraft.planks":328,"stat.drop.minecraft.crafting_table":4,"stat.mobKills":3,"stat.mineBlock.minecraft.log":5,"stat.craftItem.minecraft.wooden_door":3,"stat.useItem.minecraft.wooden_door":2,"stat.pickup.minecraft.torch":38,"stat.sneakTime":139,"stat.pickup.minecraft.wool":3,"stat.drop.minecraft.stone_axe":2,"stat.useItem.minecraft.wooden_axe":2,"stat.pickup.minecraft.yellow_flower":4,"stat.mineBlock.minecraft.stone":306,"stat.pickup.minecraft.chest":1}