{"stat.useItem.minecraft.bow":4,"stat.leaveGame":19,"stat.useItem.minecraft.bookshelf":4,"stat.pickup.betteranimalsplus.goose_egg":3,"stat.craftItem.minecraft.iron_axe":4,"stat.mineBlock.twilightforest.twilight_plant":33,"stat.mineBlock.minecraft.sandstone":10,"stat.drop.minecraft.shield":1,"stat.drop.minecraft.enchanted_book":1,"stat.pickup.zawa.worm":40,"stat.useItem.minecraft.planks":605,"stat.craftItem.minecraft.shield":1,"stat.mineBlock.minecraft.web":6,"stat.pickup.minecraft.glowstone_dust":1,"stat.pickup.minecraft.porkchop":24,"stat.pickup.minecraft.rotten_flesh":48,"stat.pickup.minecraft.sand":246,"stat.craftItem.minecraft.stone_axe":3,"stat.pickup.iceandfire.chared_cobblestone":7,"stat.killEntity.Enderman":1,"stat.craftItem.minecraft.iron_shovel":7,"stat.pickup.dynamictrees.spruceseed":4,"stat.pickup.minecraft.brown_mushroom":12,"stat.mineBlock.minecraft.sand":187,"stat.pickup.securitycraft.reinforced_cobblestone":3,"stat.killEntity.twilightforest.kobold":5,"stat.drop.minecraft.sand":1,"stat.drop.dynamictrees.spruceseed":4,"stat.useItem.minecraft.iron_pickaxe":2463,"stat.pickup.securitycraft.universal_block_remover":1,"stat.craftItem.minecraft.wooden_pickaxe":1,"stat.craftItem.minecraft.iron_door":3,"stat.useItem.minecraft.iron_shovel":1263,"stat.pickup.minecraft.double_plant":1,"stat.pickup.dynamictrees.darkoakseed":3,"stat.craftItem.minecraft.bed":1,"stat.trappedChestTriggered":2,"stat.craftItem.minecraft.glass_pane":16,"stat.mineBlock.chisel.marble2":391,"stat.mineBlock.minecraft.vine":3,"stat.useItem.minecraft.oak_stairs":49,"stat.furnaceInteraction":184,"stat.drop.minecraft.gravel":2,"stat.mineBlock.minecraft.rail":2,"stat.killEntity.ZombieVillager":3,"stat.pickup.minecraft.furnace":12,"stat.useItem.minecraft.cooked_mutton":7,"stat.useItem.minecraft.trapdoor":1,"stat.pickup.minecraft.iron_chestplate":2,"stat.useItem.minecraft.fence":3,"stat.useItem.minecraft.stone_stairs":35,"stat.pickup.tombstone.magic_scroll":3,"stat.pickup.mca.rose_gold_ore":4,"stat.pickup.tombstone.gift":1,"stat.pickup.minecraft.stone_stairs":5,"stat.mineBlock.minecraft.fence":6,"stat.craftItem.securitycraft.laser_block":2,"stat.pickup.dynamictrees.oakseed":186,"stat.pickup.securitycraft.universal_block_reinforcer_lvl1":1,"stat.useItem.minecraft.dye":1,"stat.mineBlock.minecraft.oak_stairs":34,"stat.pickup.minecraft.lever":1,"stat.deaths":12,"stat.playOneMinute":917169,"stat.drop.minecraft.string":1,"stat.craftItem.minecraft.iron_pickaxe":10,"stat.pickup.zawa.care_guide":6,"stat.pickup.chisel.marble2":591,"stat.mineBlock.minecraft.tallgrass":96,"stat.craftItem.minecraft.cooked_mutton":9,"stat.chestOpened":233,"stat.craftItem.minecraft.sign":3,"stat.useItem.minecraft.stone":61,"stat.pickup.minecraft.arrow":20,"stat.pickup.securitycraft.door_indestructible_iron_item":1,"stat.drop.minecraft.flint":1,"stat.drop.minecraft.iron_pickaxe":3,"stat.fallOneCm":194726,"stat.pickup.chisel.basalt2":16,"stat.drop.minecraft.stone":2,"stat.drop.minecraft.dye":1,"stat.pickup.minecraft.carrot":13,"stat.crouchOneCm":4199,"stat.mineBlock.minecraft.chest":25,"stat.pickup.minecraft.rail":2,"stat.craftItem.minecraft.chest":6,"stat.craftItem.minecraft.iron_ingot":184,"stat.pickup.minecraft.red_mushroom":3,"stat.craftingTableInteraction":157,"stat.useItem.securitycraft.reinforced_stone_button":1,"stat.useItem.chisel.marble2":341,"stat.pickup.minecraft.feather":2,"stat.drop.minecraft.bone":3,"stat.useItem.minecraft.furnace":20,"stat.pickup.zawa.kelp":5,"stat.pickup.minecraft.dye":49,"stat.pickup.minecraft.planks":469,"stat.pickup.minecraft.iron_leggings":3,"stat.pickup.chisel.limestone2":473,"stat.craftItem.minecraft.diamond_shovel":1,"stat.pickup.minecraft.wheat_seeds":28,"stat.mineBlock.minecraft.gravel":84,"stat.useItem.minecraft.stone_pickaxe":456,"stat.mineBlock.minecraft.glass":26,"stat.craftItem.minecraft.iron_leggings":2,"stat.pickup.zawa.dried_bamboo":2,"stat.useItem.minecraft.wool":1,"stat.craftItem.minecraft.oak_stairs":20,"stat.mineBlock.minecraft.dirt":542,"stat.drop.minecraft.reeds":5,"stat.drop.minecraft.stick":3,"stat.drop.minecraft.iron_axe":2,"stat.useItem.minecraft.torch":146,"stat.useItem.minecraft.bread":6,"stat.drop.tombstone.crafting_ingredient":2,"stat.craftItem.minecraft.redstone_block":2,"stat.drop.minecraft.rotten_flesh":1,"stat.craftItem.minecraft.stone_stairs":36,"stat.pickup.minecraft.crafting_table":16,"stat.useItem.minecraft.log":2,"stat.useItem.minecraft.cobblestone":847,"stat.craftItem.minecraft.crafting_table":3,"stat.useItem.minecraft.gravel":5,"stat.mineBlock.minecraft.double_plant":9,"stat.useItem.dynamictrees.oakseed":45,"stat.pickup.minecraft.log":207,"stat.pickup.minecraft.iron_pickaxe":11,"stat.craftItem.minecraft.stone_button":5,"stat.mineBlock.globalxp.xp_block":1,"stat.craftItem.minecraft.gold_ingot":24,"stat.drop.minecraft.planks":4,"stat.pickup.minecraft.web":2,"stat.pickup.minecraft.wooden_door":8,"stat.pickup.minecraft.apple":22,"stat.useItem.minecraft.glass_pane":1,"stat.craftItem.securitycraft.door_indestructible_iron_item":3,"stat.drop.dynamictrees.oakseed":9,"stat.mineBlock.iceandfire.goldpile":1,"stat.craftItem.minecraft.planks":752,"stat.pickup.minecraft.diamond_helmet":1,"stat.useItem.securitycraft.universal_block_remover":3,"stat.drop.securitycraft.universal_block_remover":1,"stat.useItem.betteranimalsplus.goose_egg":2,"stat.pickup.minecraft.book":21,"stat.mineBlock.minecraft.log":6,"stat.craftItem.minecraft.wooden_door":12,"stat.useItem.minecraft.stone_hoe":30,"stat.useItem.minecraft.wooden_door":8,"stat.pickup.minecraft.iron_door":11,"stat.sneakTime":1585,"stat.pickup.minecraft.wool":11,"stat.useItem.minecraft.baked_potato":87,"stat.useItem.minecraft.wooden_axe":2,"stat.drop.minecraft.yellow_flower":1,"stat.pickup.minecraft.yellow_flower":8,"stat.pickup.minecraft.trapped_chest":2,"stat.pickup.minecraft.chest":25,"stat.drop.minecraft.stone_pickaxe":2,"stat.pickup.minecraft.bone":41,"stat.useItem.minecraft.iron_axe":546,"stat.mineBlock.minecraft.cobblestone":105,"stat.pickup.minecraft.stone_pickaxe":5,"stat.pickup.minecraft.flint":8,"stat.drop.minecraft.red_mushroom":1,"stat.mineBlock.minecraft.yellow_flower":1,"stat.mineBlock.iceandfire.chared_stone":3,"stat.craftItem.tombstone.grave_key":10,"stat.mineBlock.minecraft.brown_mushroom":7,"stat.useItem.minecraft.diamond_sword":244,"stat.swimOneCm":174556,"stat.climbOneCm":3249,"stat.drop.chisel.limestone2":2,"stat.pickup.minecraft.enchanted_book":1,"stat.drop.minecraft.cobblestone":24,"stat.pickup.minecraft.cooked_porkchop":31,"stat.drop.minecraft.brown_mushroom":1,"stat.useItem.minecraft.dirt":960,"stat.killEntity.betteranimalsplus.boar":2,"stat.pickup.minecraft.iron_boots":3,"stat.craftItem.minecraft.furnace":19,"stat.craftItem.minecraft.iron_boots":1,"stat.mineBlock.zawa.dried_bamboo":1,"stat.craftItem.minecraft.trapdoor":2,"stat.craftItem.minecraft.stone_pickaxe":4,"stat.mineBlock.minecraft.obsidian":4,"stat.pickup.minecraft.cobblestone":3281,"stat.craftItem.minecraft.bow":1,"stat.mineBlock.minecraft.clay":5,"stat.mineBlock.chisel.limestone2":229,"stat.useItem.minecraft.stone_shovel":132,"stat.flyOneCm":1216424,"stat.pickup.minecraft.sandstone":8,"stat.useItem.iceandfire.chared_stone":1,"stat.useItem.chisel.limestone2":163,"stat.drop.minecraft.wheat_seeds":2,"stat.useItem.securitycraft.door_indestructible_iron_item":1,"stat.pickup.minecraft.redstone":250,"stat.mineBlock.minecraft.iron_ore":114,"stat.timeSinceDeath":104342,"stat.useItem.minecraft.sign":6,"stat.pickup.minecraft.mutton":9,"stat.pickup.minecraft.mossy_cobblestone":1,"stat.useItem.minecraft.iron_door":9,"stat.craftItem.minecraft.stonebrick":5,"stat.drop.minecraft.dirt":21,"stat.pickup.minecraft.iron_shovel":8,"stat.useItem.minecraft.cooked_porkchop":25,"stat.pickup.minecraft.trapdoor":5,"stat.pickup.twilightforest.ice_bomb":6,"stat.mineBlock.minecraft.coal_ore":154,"stat.pickup.minecraft.shield":2,"stat.killEntity.Creeper":1,"stat.craftItem.minecraft.stone_hoe":1,"stat.talkedToVillager":5,"stat.pickup.minecraft.string":9,"stat.pickup.comforts.sleeping_bag":9,"stat.mineBlock.minecraft.grass":615,"stat.mineBlock.zawa.kelp":2,"stat.pickup.tombstone.crafting_ingredient":10,"stat.drop.minecraft.oak_stairs":1,"stat.sprintOneCm":1272792,"stat.craftItem.minecraft.stick":56,"stat.craftItem.minecraft.wooden_axe":1,"stat.craftItem.minecraft.stone":73,"stat.mineBlock.minecraft.diamond_ore":3,"stat.pickup.minecraft.grass":1,"stat.mineBlock.minecraft.crafting_table":16,"stat.useItem.minecraft.diamond_pickaxe":27,"stat.useItem.minecraft.carrot":11,"stat.entityKilledBy.Creeper":2,"stat.mineBlock.minecraft.planks":101,"stat.drop":134,"stat.pickup.minecraft.stone_button":7,"stat.drop.tombstone.grave_key":2,"stat.pickup.tombstone.grave_key":3,"stat.killEntity.Zombie":37,"stat.craftItem.minecraft.dye":12,"stat.pickup.minecraft.snowball":2,"stat.drop.zawa.dried_bamboo":2,"stat.mineBlock.minecraft.gold_ore":21,"stat.diveOneCm":121962,"stat.pickup.minecraft.wheat":1,"stat.pickup.minecraft.sign":5,"stat.mineBlock.minecraft.stone_button":7,"stat.pickup.minecraft.gravel":142,"stat.craftItem.minecraft.cooked_porkchop":13,"stat.pickup.minecraft.stone_axe":7,"stat.useItem.minecraft.apple":8,"stat.pickup.minecraft.obsidian":5,"stat.drop.minecraft.apple":5,"stat.pickup.minecraft.diamond_sword":1,"stat.craftItem.minecraft.diamond_sword":1,"stat.drop.minecraft.sandstone":1,"stat.jump":15574,"stat.useItem.minecraft.sand":131,"stat.pickup.minecraft.fence":6,"stat.pickup.minecraft.coal":388,"stat.pickup.minecraft.iron_helmet":3,"stat.pickup.minecraft.iron_ingot":154,"stat.useItem.minecraft.stone_axe":233,"stat.drop.minecraft.diamond_sword":1,"stat.pickup.minecraft.gunpowder":9,"stat.pickup.iceandfire.chared_stone":2,"stat.pickup.minecraft.spider_eye":4,"stat.craftItem.minecraft.torch":136,"stat.pickup.minecraft.dirt":1477,"stat.useItem.minecraft.stone_button":5,"stat.craftItem.minecraft.iron_helmet":1,"stat.drop.minecraft.iron_shovel":1,"stat.craftItem.comforts.sleeping_bag":1,"stat.drop.minecraft.bed":1,"stat.pickup.minecraft.iron_ore":126,"stat.useItem.minecraft.glass":74,"stat.mineBlock.mca.rose_gold_ore":2,"stat.pickup.minecraft.gold_ore":24,"stat.mineBlock.minecraft.lapis_ore":8,"stat.killEntity.camocreepers:CamoCreeper":3,"stat.pickup.minecraft.iron_axe":5,"stat.mineBlock.minecraft.glass_pane":1,"stat.drop.zawa.worm":4,"stat.mineBlock.minecraft.stone_stairs":5,"stat.damageTaken":9917,"stat.mineBlock.minecraft.torch":66,"stat.mineBlock.minecraft.furnace":11,"stat.pickup.minecraft.written_book":1,"stat.useItem.minecraft.wooden_pickaxe":59,"stat.mineBlock.iceandfire.chared_cobblestone":5,"stat.pickup.globalxp.xp_block":2,"stat.pickup.minecraft.reeds":24,"stat.pickup.minecraft.bed":11,"stat.useItem.tombstone.grave_key":3,"tombstone:undead_killed":61,"stat.pickup.minecraft.oak_stairs":65,"stat.entityKilledBy.Zombie":2,"stat.damageDealt":16048,"stat.craftItem.minecraft.glass":123,"stat.sleepInBed":15,"stat.useItem.minecraft.crafting_table":6,"stat.killEntity.Pig":9,"stat.craftItem.minecraft.stone_slab":6,"stat.useItem.minecraft.air":265,"stat.craftItem.minecraft.stone_shovel":1,"stat.craftItem.securitycraft.universal_block_reinforcer_lvl1":1,"stat.walkOneCm":2946157,"stat.useItem.minecraft.chest":17,"stat.pickup.dynamictrees.birchseed":5,"stat.drop.minecraft.wheat":1,"stat.pickup.minecraft.stick":384,"stat.pickup.minecraft.diamond_pickaxe":2,"stat.pickup.minecraft.clay_ball":60,"stat.mineBlock.chisel.basalt2":13,"stat.useItem.tombstone.gift":2,"stat.drop.minecraft.iron_chestplate":1,"stat.pickup.minecraft.stone":413,"stat.craftItem.minecraft.iron_chestplate":1,"stat.pickup.minecraft.baked_potato":131,"stat.killEntity.if_troll":1,"stat.killEntity.Skeleton":21,"stat.craftItem.minecraft.bookshelf":6,"stat.killEntity.Chicken":1,"stat.drop.minecraft.crafting_table":8,"stat.killEntity.Spider":5,"stat.killEntity.twilightforest.bighorn_sheep":6,"stat.mobKills":101,"stat.drop.tombstone.magic_scroll":1,"stat.pickup.securitycraft.reinforced_stone_button":2,"stat.pickup.minecraft.diamond":3,"stat.mineBlock.minecraft.leaves":27,"stat.pickup.minecraft.torch":99,"stat.drop.minecraft.stone_axe":2,"stat.drop.minecraft.arrow":1,"stat.drop.zawa.care_guide":1,"stat.mineBlock.minecraft.stone":1833,"stat.useItem.minecraft.sandstone":6}