{"stat.drop.minecraft.stone_pickaxe":2,"stat.pickup.minecraft.bone":8,"stat.useItem.minecraft.iron_axe":163,"stat.leaveGame":7,"stat.mineBlock.minecraft.cobblestone":36,"stat.pickup.minecraft.stone_pickaxe":5,"stat.craftItem.tombstone.grave_key":6,"stat.craftItem.minecraft.iron_axe":1,"stat.pickup.zawa.worm":14,"stat.swimOneCm":39208,"stat.useItem.minecraft.planks":429,"stat.climbOneCm":1907,"stat.drop.chisel.limestone2":2,"stat.pickup.minecraft.glowstone_dust":1,"stat.pickup.minecraft.cooked_porkchop":15,"stat.pickup.minecraft.porkchop":10,"stat.useItem.minecraft.dirt":555,"stat.pickup.minecraft.iron_boots":2,"stat.pickup.minecraft.rotten_flesh":7,"stat.pickup.minecraft.sand":102,"stat.craftItem.minecraft.furnace":2,"stat.craftItem.minecraft.stone_axe":2,"stat.mineBlock.zawa.dried_bamboo":1,"stat.craftItem.minecraft.trapdoor":2,"stat.craftItem.minecraft.stone_pickaxe":4,"stat.pickup.minecraft.cobblestone":1179,"stat.mineBlock.minecraft.clay":5,"stat.mineBlock.chisel.limestone2":124,"stat.useItem.minecraft.stone_shovel":132,"stat.flyOneCm":250638,"stat.craftItem.minecraft.iron_shovel":2,"stat.mineBlock.minecraft.sand":80,"stat.useItem.chisel.limestone2":99,"stat.drop.minecraft.wheat_seeds":2,"stat.pickup.minecraft.redstone":4,"stat.mineBlock.minecraft.iron_ore":42,"stat.timeSinceDeath":46841,"stat.useItem.minecraft.iron_pickaxe":399,"stat.useItem.minecraft.sign":6,"stat.craftItem.minecraft.wooden_pickaxe":1,"stat.useItem.minecraft.iron_shovel":363,"stat.pickup.minecraft.double_plant":1,"stat.mineBlock.chisel.marble2":202,"stat.useItem.minecraft.oak_stairs":31,"stat.furnaceInteraction":33,"stat.pickup.minecraft.iron_shovel":7,"stat.useItem.minecraft.cooked_porkchop":6,"stat.pickup.minecraft.trapdoor":5,"stat.killEntity.ZombieVillager":1,"stat.mineBlock.minecraft.coal_ore":76,"stat.pickup.minecraft.shield":1,"stat.craftItem.minecraft.stone_hoe":1,"stat.pickup.minecraft.string":1,"stat.pickup.comforts.sleeping_bag":8,"stat.mineBlock.minecraft.grass":232,"stat.pickup.minecraft.furnace":8,"stat.pickup.tombstone.crafting_ingredient":2,"stat.useItem.minecraft.trapdoor":1,"stat.sprintOneCm":395954,"stat.pickup.minecraft.iron_chestplate":2,"stat.craftItem.minecraft.stick":56,"stat.craftItem.minecraft.wooden_axe":1,"stat.pickup.tombstone.magic_scroll":1,"stat.pickup.mca.rose_gold_ore":2,"stat.pickup.tombstone.gift":1,"stat.mineBlock.minecraft.diamond_ore":2,"stat.mineBlock.minecraft.crafting_table":12,"stat.useItem.minecraft.carrot":10,"stat.pickup.dynamictrees.oakseed":93,"stat.pickup.securitycraft.universal_block_reinforcer_lvl1":1,"stat.useItem.minecraft.dye":1,"stat.mineBlock.minecraft.oak_stairs":29,"stat.deaths":6,"stat.mineBlock.minecraft.planks":92,"stat.drop":38,"stat.playOneMinute":290190,"stat.drop.minecraft.string":1,"stat.drop.tombstone.grave_key":2,"stat.pickup.tombstone.grave_key":2,"stat.craftItem.minecraft.iron_pickaxe":2,"stat.killEntity.Zombie":2,"stat.pickup.zawa.care_guide":5,"stat.craftItem.minecraft.dye":12,"stat.pickup.chisel.marble2":393,"stat.mineBlock.minecraft.gold_ore":10,"stat.mineBlock.minecraft.tallgrass":45,"stat.diveOneCm":20507,"stat.chestOpened":50,"stat.craftItem.minecraft.sign":3,"stat.pickup.minecraft.sign":5,"stat.useItem.minecraft.stone":5,"stat.pickup.minecraft.arrow":9,"stat.craftItem.minecraft.cooked_porkchop":10,"stat.pickup.minecraft.stone_axe":7,"stat.useItem.minecraft.apple":7,"stat.drop.minecraft.apple":5,"stat.jump":3381,"stat.useItem.minecraft.sand":72,"stat.pickup.minecraft.coal":147,"stat.pickup.minecraft.iron_helmet":2,"stat.fallOneCm":74743,"stat.pickup.minecraft.iron_ingot":13,"stat.pickup.chisel.basalt2":2,"stat.drop.minecraft.dye":1,"stat.pickup.minecraft.carrot":12,"stat.useItem.minecraft.stone_axe":226,"stat.crouchOneCm":996,"stat.mineBlock.minecraft.chest":17,"stat.craftItem.minecraft.torch":32,"stat.craftItem.minecraft.chest":5,"stat.pickup.minecraft.dirt":658,"stat.craftItem.comforts.sleeping_bag":1,"stat.craftingTableInteraction":49,"stat.pickup.minecraft.iron_ore":42,"stat.useItem.minecraft.glass":74,"stat.mineBlock.mca.rose_gold_ore":2,"stat.pickup.minecraft.gold_ore":10,"stat.mineBlock.minecraft.lapis_ore":4,"stat.pickup.minecraft.iron_axe":4,"stat.drop.zawa.worm":2,"stat.useItem.chisel.marble2":140,"stat.damageTaken":3373,"stat.mineBlock.minecraft.torch":39,"stat.mineBlock.minecraft.furnace":7,"stat.useItem.minecraft.wooden_pickaxe":59,"stat.useItem.minecraft.furnace":2,"stat.pickup.minecraft.dye":25,"stat.pickup.minecraft.planks":311,"stat.pickup.globalxp.xp_block":1,"stat.pickup.minecraft.reeds":3,"stat.pickup.minecraft.iron_leggings":2,"stat.pickup.chisel.limestone2":370,"stat.useItem.tombstone.grave_key":2,"tombstone:undead_killed":7,"stat.pickup.minecraft.wheat_seeds":15,"stat.pickup.minecraft.oak_stairs":59,"stat.entityKilledBy.Zombie":1,"stat.useItem.minecraft.stone_pickaxe":456,"stat.mineBlock.minecraft.glass":26,"stat.damageDealt":2225,"stat.craftItem.minecraft.glass":79,"stat.sleepInBed":3,"stat.craftItem.minecraft.oak_stairs":20,"stat.mineBlock.minecraft.dirt":217,"stat.useItem.minecraft.crafting_table":4,"stat.drop.minecraft.stick":3,"stat.drop.minecraft.iron_axe":2,"stat.useItem.minecraft.air":112,"stat.craftItem.minecraft.stone_shovel":1,"stat.walkOneCm":1017391,"stat.useItem.minecraft.torch":36,"stat.useItem.minecraft.chest":9,"stat.pickup.dynamictrees.birchseed":4,"stat.pickup.minecraft.stick":298,"stat.drop.tombstone.crafting_ingredient":1,"stat.pickup.minecraft.crafting_table":13,"stat.pickup.minecraft.clay_ball":60,"stat.useItem.minecraft.cobblestone":158,"stat.craftItem.minecraft.crafting_table":1,"stat.mineBlock.minecraft.double_plant":6,"stat.mineBlock.chisel.basalt2":4,"stat.pickup.minecraft.log":128,"stat.pickup.minecraft.iron_pickaxe":5,"stat.useItem.tombstone.gift":2,"stat.pickup.minecraft.stone":69,"stat.drop.minecraft.planks":4,"stat.pickup.minecraft.baked_potato":54,"stat.pickup.minecraft.wooden_door":5,"stat.pickup.minecraft.apple":21,"stat.killEntity.Skeleton":4,"stat.drop.dynamictrees.oakseed":3,"stat.craftItem.minecraft.planks":516,"stat.drop.minecraft.crafting_table":6,"stat.killEntity.Spider":2,"stat.mobKills":11,"stat.mineBlock.minecraft.log":5,"stat.craftItem.minecraft.wooden_door":9,"stat.useItem.minecraft.stone_hoe":30,"stat.useItem.minecraft.wooden_door":6,"stat.pickup.minecraft.torch":64,"stat.sneakTime":340,"stat.pickup.minecraft.wool":3,"stat.drop.minecraft.stone_axe":2,"stat.useItem.minecraft.baked_potato":5,"stat.useItem.minecraft.wooden_axe":2,"stat.pickup.minecraft.yellow_flower":5,"stat.mineBlock.minecraft.stone":385,"stat.pickup.minecraft.chest":17}