{"stat.leaveGame":13,"stat.pickup.betteranimalsplus.goose_egg":3,"stat.craftItem.minecraft.iron_axe":3,"stat.mineBlock.minecraft.sandstone":10,"stat.drop.minecraft.enchanted_book":1,"stat.pickup.zawa.worm":28,"stat.useItem.minecraft.planks":455,"stat.pickup.minecraft.glowstone_dust":1,"stat.pickup.minecraft.porkchop":24,"stat.pickup.minecraft.rotten_flesh":32,"stat.pickup.minecraft.sand":186,"stat.craftItem.minecraft.stone_axe":3,"stat.killEntity.Enderman":1,"stat.craftItem.minecraft.iron_shovel":4,"stat.pickup.dynamictrees.spruceseed":4,"stat.mineBlock.minecraft.sand":137,"stat.pickup.securitycraft.reinforced_cobblestone":3,"stat.drop.dynamictrees.spruceseed":4,"stat.useItem.minecraft.iron_pickaxe":2132,"stat.craftItem.minecraft.wooden_pickaxe":1,"stat.useItem.minecraft.iron_shovel":667,"stat.pickup.minecraft.double_plant":1,"stat.trappedChestTriggered":2,"stat.mineBlock.chisel.marble2":379,"stat.mineBlock.minecraft.vine":3,"stat.useItem.minecraft.oak_stairs":49,"stat.furnaceInteraction":128,"stat.drop.minecraft.gravel":2,"stat.killEntity.ZombieVillager":2,"stat.pickup.minecraft.furnace":9,"stat.useItem.minecraft.trapdoor":1,"stat.pickup.minecraft.iron_chestplate":2,"stat.pickup.tombstone.magic_scroll":3,"stat.pickup.mca.rose_gold_ore":4,"stat.pickup.tombstone.gift":1,"stat.pickup.dynamictrees.oakseed":170,"stat.pickup.securitycraft.universal_block_reinforcer_lvl1":1,"stat.useItem.minecraft.dye":1,"stat.mineBlock.minecraft.oak_stairs":34,"stat.pickup.minecraft.lever":1,"stat.deaths":8,"stat.playOneMinute":641832,"stat.drop.minecraft.string":1,"stat.craftItem.minecraft.iron_pickaxe":8,"stat.pickup.zawa.care_guide":5,"stat.pickup.chisel.marble2":579,"stat.mineBlock.minecraft.tallgrass":83,"stat.chestOpened":113,"stat.craftItem.minecraft.sign":3,"stat.useItem.minecraft.stone":48,"stat.pickup.minecraft.arrow":16,"stat.drop.minecraft.flint":1,"stat.drop.minecraft.iron_pickaxe":2,"stat.fallOneCm":126014,"stat.pickup.chisel.basalt2":16,"stat.drop.minecraft.stone":2,"stat.drop.minecraft.dye":1,"stat.pickup.minecraft.carrot":13,"stat.crouchOneCm":2965,"stat.mineBlock.minecraft.chest":19,"stat.craftItem.minecraft.chest":5,"stat.craftItem.minecraft.iron_ingot":171,"stat.craftingTableInteraction":78,"stat.useItem.chisel.marble2":309,"stat.drop.minecraft.bone":3,"stat.useItem.minecraft.furnace":19,"stat.pickup.zawa.kelp":5,"stat.pickup.minecraft.dye":49,"stat.pickup.minecraft.planks":328,"stat.pickup.minecraft.iron_leggings":3,"stat.pickup.chisel.limestone2":454,"stat.craftItem.minecraft.diamond_shovel":1,"stat.pickup.minecraft.wheat_seeds":25,"stat.mineBlock.minecraft.gravel":82,"stat.useItem.minecraft.stone_pickaxe":456,"stat.mineBlock.minecraft.glass":26,"stat.pickup.zawa.dried_bamboo":2,"stat.craftItem.minecraft.oak_stairs":20,"stat.mineBlock.minecraft.dirt":373,"stat.drop.minecraft.stick":3,"stat.drop.minecraft.iron_axe":2,"stat.useItem.minecraft.torch":113,"stat.drop.tombstone.crafting_ingredient":1,"stat.drop.minecraft.rotten_flesh":1,"stat.pickup.minecraft.crafting_table":13,"stat.useItem.minecraft.cobblestone":690,"stat.craftItem.minecraft.crafting_table":3,"stat.useItem.minecraft.gravel":3,"stat.mineBlock.minecraft.double_plant":6,"stat.useItem.dynamictrees.oakseed":45,"stat.pickup.minecraft.log":167,"stat.pickup.minecraft.iron_pickaxe":10,"stat.craftItem.minecraft.stone_button":2,"stat.craftItem.minecraft.gold_ingot":24,"stat.drop.minecraft.planks":4,"stat.pickup.minecraft.wooden_door":5,"stat.pickup.minecraft.apple":21,"stat.drop.dynamictrees.oakseed":9,"stat.craftItem.minecraft.planks":600,"stat.pickup.minecraft.diamond_helmet":1,"stat.useItem.betteranimalsplus.goose_egg":2,"stat.pickup.minecraft.book":16,"stat.mineBlock.minecraft.log":5,"stat.craftItem.minecraft.wooden_door":12,"stat.useItem.minecraft.stone_hoe":30,"stat.useItem.minecraft.wooden_door":7,"stat.sneakTime":1045,"stat.pickup.minecraft.wool":3,"stat.useItem.minecraft.baked_potato":50,"stat.useItem.minecraft.wooden_axe":2,"stat.pickup.minecraft.yellow_flower":6,"stat.pickup.minecraft.trapped_chest":2,"stat.pickup.minecraft.chest":19,"stat.drop.minecraft.stone_pickaxe":2,"stat.pickup.minecraft.bone":35,"stat.useItem.minecraft.iron_axe":338,"stat.mineBlock.minecraft.cobblestone":101,"stat.pickup.minecraft.stone_pickaxe":5,"stat.pickup.minecraft.flint":7,"stat.mineBlock.minecraft.yellow_flower":1,"stat.craftItem.tombstone.grave_key":7,"stat.useItem.minecraft.diamond_sword":83,"stat.swimOneCm":140456,"stat.climbOneCm":3249,"stat.drop.chisel.limestone2":2,"stat.pickup.minecraft.enchanted_book":1,"stat.drop.minecraft.cobblestone":23,"stat.pickup.minecraft.cooked_porkchop":17,"stat.useItem.minecraft.dirt":663,"stat.pickup.minecraft.iron_boots":3,"stat.craftItem.minecraft.furnace":18,"stat.mineBlock.zawa.dried_bamboo":1,"stat.craftItem.minecraft.trapdoor":2,"stat.craftItem.minecraft.stone_pickaxe":4,"stat.mineBlock.minecraft.obsidian":4,"stat.pickup.minecraft.cobblestone":3055,"stat.mineBlock.minecraft.clay":5,"stat.mineBlock.chisel.limestone2":208,"stat.useItem.minecraft.stone_shovel":132,"stat.flyOneCm":488201,"stat.pickup.minecraft.sandstone":8,"stat.useItem.chisel.limestone2":147,"stat.drop.minecraft.wheat_seeds":2,"stat.pickup.minecraft.redstone":250,"stat.mineBlock.minecraft.iron_ore":95,"stat.timeSinceDeath":153497,"stat.useItem.minecraft.sign":6,"stat.pickup.minecraft.mossy_cobblestone":1,"stat.craftItem.minecraft.stonebrick":5,"stat.drop.minecraft.dirt":13,"stat.pickup.minecraft.iron_shovel":8,"stat.useItem.minecraft.cooked_porkchop":8,"stat.pickup.minecraft.trapdoor":5,"stat.mineBlock.minecraft.coal_ore":134,"stat.pickup.minecraft.shield":1,"stat.craftItem.minecraft.stone_hoe":1,"stat.talkedToVillager":5,"stat.pickup.minecraft.string":1,"stat.pickup.comforts.sleeping_bag":9,"stat.mineBlock.minecraft.grass":268,"stat.mineBlock.zawa.kelp":2,"stat.pickup.tombstone.crafting_ingredient":9,"stat.drop.minecraft.oak_stairs":1,"stat.sprintOneCm":747903,"stat.craftItem.minecraft.stick":56,"stat.craftItem.minecraft.wooden_axe":1,"stat.craftItem.minecraft.stone":6,"stat.mineBlock.minecraft.diamond_ore":3,"stat.mineBlock.minecraft.crafting_table":12,"stat.useItem.minecraft.diamond_pickaxe":4,"stat.useItem.minecraft.carrot":11,"stat.mineBlock.minecraft.planks":92,"stat.drop":106,"stat.drop.tombstone.grave_key":2,"stat.pickup.tombstone.grave_key":2,"stat.killEntity.Zombie":19,"stat.craftItem.minecraft.dye":12,"stat.drop.zawa.dried_bamboo":2,"stat.mineBlock.minecraft.gold_ore":21,"stat.diveOneCm":77652,"stat.pickup.minecraft.sign":5,"stat.pickup.minecraft.gravel":136,"stat.craftItem.minecraft.cooked_porkchop":10,"stat.pickup.minecraft.stone_axe":7,"stat.useItem.minecraft.apple":7,"stat.pickup.minecraft.obsidian":5,"stat.drop.minecraft.apple":5,"stat.pickup.minecraft.diamond_sword":1,"stat.craftItem.minecraft.diamond_sword":1,"stat.drop.minecraft.sandstone":1,"stat.jump":6517,"stat.useItem.minecraft.sand":115,"stat.pickup.minecraft.coal":315,"stat.pickup.minecraft.iron_helmet":3,"stat.pickup.minecraft.iron_ingot":141,"stat.useItem.minecraft.stone_axe":233,"stat.drop.minecraft.diamond_sword":1,"stat.pickup.minecraft.gunpowder":3,"stat.pickup.minecraft.spider_eye":4,"stat.craftItem.minecraft.torch":96,"stat.pickup.minecraft.dirt":967,"stat.useItem.minecraft.stone_button":1,"stat.drop.minecraft.iron_shovel":1,"stat.craftItem.comforts.sleeping_bag":1,"stat.pickup.minecraft.iron_ore":107,"stat.useItem.minecraft.glass":74,"stat.mineBlock.mca.rose_gold_ore":2,"stat.pickup.minecraft.gold_ore":24,"stat.mineBlock.minecraft.lapis_ore":8,"stat.pickup.minecraft.iron_axe":4,"stat.drop.zawa.worm":4,"stat.damageTaken":5839,"stat.mineBlock.minecraft.torch":54,"stat.mineBlock.minecraft.furnace":8,"stat.useItem.minecraft.wooden_pickaxe":59,"stat.pickup.globalxp.xp_block":1,"stat.pickup.minecraft.reeds":5,"stat.useItem.tombstone.grave_key":2,"tombstone:undead_killed":37,"stat.pickup.minecraft.oak_stairs":65,"stat.entityKilledBy.Zombie":2,"stat.damageDealt":8751,"stat.craftItem.minecraft.glass":79,"stat.sleepInBed":8,"stat.useItem.minecraft.crafting_table":5,"stat.killEntity.Pig":8,"stat.craftItem.minecraft.stone_slab":6,"stat.useItem.minecraft.air":178,"stat.craftItem.minecraft.stone_shovel":1,"stat.walkOneCm":2014448,"stat.useItem.minecraft.chest":13,"stat.pickup.dynamictrees.birchseed":5,"stat.pickup.minecraft.stick":327,"stat.pickup.minecraft.diamond_pickaxe":2,"stat.pickup.minecraft.clay_ball":60,"stat.mineBlock.chisel.basalt2":13,"stat.useItem.tombstone.gift":2,"stat.pickup.minecraft.stone":393,"stat.pickup.minecraft.baked_potato":125,"stat.killEntity.Skeleton":16,"stat.drop.minecraft.crafting_table":6,"stat.killEntity.Spider":4,"stat.mobKills":54,"stat.drop.tombstone.magic_scroll":1,"stat.pickup.minecraft.diamond":3,"stat.pickup.minecraft.torch":83,"stat.drop.minecraft.stone_axe":2,"stat.drop.minecraft.arrow":1,"stat.mineBlock.minecraft.stone":1595,"stat.useItem.minecraft.sandstone":6}