{"stat.drop.minecraft.stone_pickaxe":2,"stat.pickup.minecraft.bone":4,"stat.leaveGame":6,"stat.pickup.minecraft.stone_pickaxe":3,"stat.craftItem.tombstone.grave_key":2,"stat.pickup.zawa.worm":12,"stat.swimOneCm":11393,"stat.useItem.minecraft.planks":264,"stat.climbOneCm":350,"stat.pickup.minecraft.glowstone_dust":1,"stat.useItem.minecraft.dirt":422,"stat.pickup.minecraft.sand":100,"stat.craftItem.minecraft.furnace":2,"stat.craftItem.minecraft.stone_axe":2,"stat.craftItem.minecraft.stone_pickaxe":4,"stat.pickup.minecraft.cobblestone":437,"stat.mineBlock.chisel.limestone2":82,"stat.useItem.minecraft.stone_shovel":132,"stat.flyOneCm":39677,"stat.craftItem.minecraft.iron_shovel":1,"stat.mineBlock.minecraft.sand":80,"stat.drop.minecraft.wheat_seeds":2,"stat.pickup.minecraft.redstone":1,"stat.mineBlock.minecraft.iron_ore":4,"stat.timeSinceDeath":24071,"stat.useItem.minecraft.iron_pickaxe":16,"stat.craftItem.minecraft.wooden_pickaxe":1,"stat.useItem.minecraft.iron_shovel":240,"stat.mineBlock.chisel.marble2":156,"stat.useItem.minecraft.oak_stairs":10,"stat.furnaceInteraction":17,"stat.pickup.minecraft.iron_shovel":3,"stat.mineBlock.minecraft.coal_ore":35,"stat.mineBlock.minecraft.grass":163,"stat.pickup.minecraft.furnace":2,"stat.sprintOneCm":94059,"stat.craftItem.minecraft.stick":56,"stat.craftItem.minecraft.wooden_axe":1,"stat.mineBlock.minecraft.crafting_table":4,"stat.useItem.minecraft.carrot":1,"stat.pickup.dynamictrees.oakseed":27,"stat.mineBlock.minecraft.oak_stairs":6,"stat.deaths":2,"stat.mineBlock.minecraft.planks":44,"stat.drop":22,"stat.playOneMinute":110362,"stat.drop.tombstone.grave_key":2,"stat.pickup.tombstone.grave_key":2,"stat.craftItem.minecraft.iron_pickaxe":1,"stat.killEntity.Zombie":1,"stat.pickup.zawa.care_guide":2,"stat.pickup.chisel.marble2":301,"stat.mineBlock.minecraft.tallgrass":7,"stat.diveOneCm":7628,"stat.useItem.minecraft.stone":5,"stat.pickup.minecraft.arrow":2,"stat.pickup.minecraft.stone_axe":3,"stat.useItem.minecraft.apple":2,"stat.drop.minecraft.apple":2,"stat.jump":937,"stat.useItem.minecraft.sand":72,"stat.pickup.minecraft.coal":67,"stat.fallOneCm":11717,"stat.pickup.minecraft.iron_ingot":4,"stat.pickup.minecraft.carrot":10,"stat.useItem.minecraft.stone_axe":91,"stat.crouchOneCm":30,"stat.craftItem.minecraft.torch":12,"stat.pickup.minecraft.dirt":505,"stat.craftingTableInteraction":20,"stat.pickup.minecraft.iron_ore":4,"stat.useItem.minecraft.glass":60,"stat.drop.zawa.worm":2,"stat.useItem.chisel.marble2":130,"stat.damageTaken":743,"stat.mineBlock.minecraft.torch":22,"stat.mineBlock.minecraft.furnace":1,"stat.useItem.minecraft.wooden_pickaxe":59,"stat.pickup.minecraft.planks":100,"stat.pickup.minecraft.reeds":3,"stat.pickup.chisel.limestone2":162,"stat.useItem.tombstone.grave_key":1,"tombstone:undead_killed":2,"stat.pickup.minecraft.wheat_seeds":6,"stat.pickup.minecraft.oak_stairs":6,"stat.entityKilledBy.Zombie":1,"stat.useItem.minecraft.stone_pickaxe":456,"stat.damageDealt":489,"stat.craftItem.minecraft.glass":64,"stat.craftItem.minecraft.oak_stairs":20,"stat.mineBlock.minecraft.dirt":139,"stat.useItem.minecraft.crafting_table":1,"stat.useItem.minecraft.air":57,"stat.craftItem.minecraft.stone_shovel":1,"stat.walkOneCm":362698,"stat.useItem.minecraft.torch":27,"stat.pickup.minecraft.stick":93,"stat.pickup.minecraft.crafting_table":5,"stat.useItem.minecraft.cobblestone":3,"stat.craftItem.minecraft.crafting_table":1,"stat.pickup.minecraft.log":74,"stat.pickup.minecraft.iron_pickaxe":1,"stat.pickup.minecraft.stone":13,"stat.drop.minecraft.planks":4,"stat.pickup.minecraft.apple":20,"stat.killEntity.Skeleton":1,"stat.drop.dynamictrees.oakseed":3,"stat.craftItem.minecraft.planks":300,"stat.drop.minecraft.crafting_table":3,"stat.mobKills":2,"stat.mineBlock.minecraft.log":5,"stat.craftItem.minecraft.wooden_door":3,"stat.useItem.minecraft.wooden_door":2,"stat.pickup.minecraft.torch":38,"stat.sneakTime":46,"stat.drop.minecraft.stone_axe":2,"stat.useItem.minecraft.wooden_axe":2,"stat.pickup.minecraft.yellow_flower":4,"stat.mineBlock.minecraft.stone":248}