{"stat.drop.minecraft.stone_pickaxe":2,"stat.pickup.minecraft.bone":4,"stat.leaveGame":7,"stat.mineBlock.minecraft.cobblestone":2,"stat.pickup.minecraft.stone_pickaxe":5,"stat.craftItem.tombstone.grave_key":5,"stat.pickup.zawa.worm":12,"stat.swimOneCm":16606,"stat.useItem.minecraft.planks":353,"stat.climbOneCm":1042,"stat.drop.chisel.limestone2":1,"stat.pickup.minecraft.glowstone_dust":1,"stat.pickup.minecraft.cooked_porkchop":10,"stat.pickup.minecraft.porkchop":10,"stat.useItem.minecraft.dirt":448,"stat.pickup.minecraft.iron_boots":1,"stat.pickup.minecraft.sand":100,"stat.craftItem.minecraft.furnace":2,"stat.craftItem.minecraft.stone_axe":2,"stat.craftItem.minecraft.trapdoor":2,"stat.craftItem.minecraft.stone_pickaxe":4,"stat.pickup.minecraft.cobblestone":1009,"stat.mineBlock.chisel.limestone2":95,"stat.useItem.minecraft.stone_shovel":132,"stat.flyOneCm":139236,"stat.craftItem.minecraft.iron_shovel":1,"stat.mineBlock.minecraft.sand":80,"stat.useItem.chisel.limestone2":9,"stat.drop.minecraft.wheat_seeds":2,"stat.pickup.minecraft.redstone":1,"stat.mineBlock.minecraft.iron_ore":13,"stat.timeSinceDeath":23536,"stat.useItem.minecraft.iron_pickaxe":169,"stat.useItem.minecraft.sign":3,"stat.craftItem.minecraft.wooden_pickaxe":1,"stat.useItem.minecraft.iron_shovel":259,"stat.mineBlock.chisel.marble2":191,"stat.useItem.minecraft.oak_stairs":29,"stat.furnaceInteraction":31,"stat.pickup.minecraft.iron_shovel":5,"stat.pickup.minecraft.trapdoor":5,"stat.killEntity.ZombieVillager":1,"stat.mineBlock.minecraft.coal_ore":44,"stat.pickup.comforts.sleeping_bag":3,"stat.mineBlock.minecraft.grass":172,"stat.pickup.minecraft.furnace":6,"stat.useItem.minecraft.trapdoor":1,"stat.sprintOneCm":215255,"stat.pickup.minecraft.iron_chestplate":1,"stat.craftItem.minecraft.stick":56,"stat.craftItem.minecraft.wooden_axe":1,"stat.mineBlock.minecraft.crafting_table":10,"stat.useItem.minecraft.carrot":8,"stat.pickup.dynamictrees.oakseed":66,"stat.mineBlock.minecraft.oak_stairs":27,"stat.deaths":5,"stat.mineBlock.minecraft.planks":73,"stat.drop":32,"stat.playOneMinute":189390,"stat.drop.tombstone.grave_key":2,"stat.pickup.tombstone.grave_key":2,"stat.craftItem.minecraft.iron_pickaxe":1,"stat.killEntity.Zombie":1,"stat.pickup.zawa.care_guide":4,"stat.pickup.chisel.marble2":390,"stat.mineBlock.minecraft.tallgrass":41,"stat.diveOneCm":9769,"stat.chestOpened":15,"stat.pickup.minecraft.sign":4,"stat.useItem.minecraft.stone":5,"stat.pickup.minecraft.arrow":4,"stat.craftItem.minecraft.cooked_porkchop":10,"stat.pickup.minecraft.stone_axe":6,"stat.useItem.minecraft.apple":7,"stat.drop.minecraft.apple":5,"stat.jump":2116,"stat.useItem.minecraft.sand":72,"stat.pickup.minecraft.coal":92,"stat.pickup.minecraft.iron_helmet":1,"stat.fallOneCm":45722,"stat.pickup.minecraft.iron_ingot":13,"stat.pickup.minecraft.carrot":12,"stat.useItem.minecraft.stone_axe":214,"stat.crouchOneCm":473,"stat.mineBlock.minecraft.chest":8,"stat.craftItem.minecraft.torch":12,"stat.craftItem.minecraft.chest":4,"stat.pickup.minecraft.dirt":530,"stat.craftItem.comforts.sleeping_bag":1,"stat.craftingTableInteraction":35,"stat.pickup.minecraft.iron_ore":13,"stat.useItem.minecraft.glass":74,"stat.drop.zawa.worm":2,"stat.useItem.chisel.marble2":140,"stat.damageTaken":2542,"stat.mineBlock.minecraft.torch":22,"stat.mineBlock.minecraft.furnace":5,"stat.useItem.minecraft.wooden_pickaxe":59,"stat.useItem.minecraft.furnace":1,"stat.pickup.minecraft.planks":189,"stat.pickup.minecraft.reeds":3,"stat.pickup.minecraft.iron_leggings":1,"stat.pickup.chisel.limestone2":337,"stat.useItem.tombstone.grave_key":2,"tombstone:undead_killed":3,"stat.pickup.minecraft.wheat_seeds":15,"stat.pickup.minecraft.oak_stairs":55,"stat.entityKilledBy.Zombie":1,"stat.useItem.minecraft.stone_pickaxe":456,"stat.mineBlock.minecraft.glass":13,"stat.damageDealt":802,"stat.craftItem.minecraft.glass":79,"stat.craftItem.minecraft.oak_stairs":20,"stat.mineBlock.minecraft.dirt":156,"stat.useItem.minecraft.crafting_table":3,"stat.drop.minecraft.stick":3,"stat.useItem.minecraft.air":80,"stat.craftItem.minecraft.stone_shovel":1,"stat.walkOneCm":631706,"stat.useItem.minecraft.torch":27,"stat.useItem.minecraft.chest":3,"stat.pickup.dynamictrees.birchseed":3,"stat.pickup.minecraft.stick":202,"stat.drop.tombstone.crafting_ingredient":1,"stat.pickup.minecraft.crafting_table":11,"stat.useItem.minecraft.cobblestone":80,"stat.craftItem.minecraft.crafting_table":1,"stat.mineBlock.minecraft.double_plant":5,"stat.pickup.minecraft.log":106,"stat.pickup.minecraft.iron_pickaxe":2,"stat.useItem.tombstone.gift":1,"stat.pickup.minecraft.stone":54,"stat.drop.minecraft.planks":4,"stat.pickup.minecraft.wooden_door":2,"stat.pickup.minecraft.apple":21,"stat.killEntity.Skeleton":1,"stat.drop.dynamictrees.oakseed":3,"stat.craftItem.minecraft.planks":428,"stat.drop.minecraft.crafting_table":5,"stat.mobKills":3,"stat.mineBlock.minecraft.log":5,"stat.craftItem.minecraft.wooden_door":3,"stat.useItem.minecraft.wooden_door":2,"stat.pickup.minecraft.torch":38,"stat.sneakTime":148,"stat.pickup.minecraft.wool":3,"stat.drop.minecraft.stone_axe":2,"stat.useItem.minecraft.wooden_axe":2,"stat.pickup.minecraft.yellow_flower":4,"stat.mineBlock.minecraft.stone":325,"stat.pickup.minecraft.chest":8}