{"stat.chestOpened":13,"stat.useItem.minecraft.air":585,"stat.useItem.minecraft.bow":2,"stat.walkOneCm":180526,"stat.useItem.minecraft.bread":6,"stat.pickup.minecraft.bone":1,"stat.useItem.minecraft.torch":10,"stat.trappedChestTriggered":1,"stat.pickup.minecraft.stick":56,"stat.useItem.minecraft.iron_axe":123,"stat.leaveGame":2,"stat.drop.minecraft.rotten_flesh":1,"stat.pickup.terraqueous.multifood":1,"stat.pickup.minecraft.iron_sword":1,"stat.pickup.minecraft.arrow":3,"stat.pickup.minecraft.crafting_table":1,"stat.useItem.minecraft.log":95,"stat.furnaceInteraction":2,"stat.killEntity.Creeper":1,"stat.pickup.minecraft.shield":1,"stat.useItem.minecraft.diamond_sword":2,"stat.pickup.terraqueous.item_main":3,"stat.pickup.minecraft.log":111,"stat.pickup.minecraft.diamond_sword":1,"stat.mineBlock.minecraft.grass":9,"stat.useItem.minecraft.sand":2,"stat.swimOneCm":1821,"stat.jump":570,"stat.pickup.minecraft.coal":1,"stat.fallOneCm":13552,"stat.climbOneCm":373,"stat.useItem.minecraft.planks":303,"stat.pickup.minecraft.furnace":1,"stat.pickup.wolfarmor.diamond_wolf_armor":1,"stat.pickup.minecraft.gunpowder":1,"stat.crouchOneCm":9853,"stat.pickup.minecraft.glass":64,"stat.mineBlock.minecraft.chest":1,"stat.pickup.minecraft.dirt":65,"stat.sprintOneCm":79980,"stat.pickup.minecraft.wooden_door":2,"stat.pickup.minecraft.bow":1,"stat.useItem.minecraft.fence":11,"stat.drop.minecraft.iron_sword":1,"stat.craftingTableInteraction":3,"stat.pickup.minecraft.rotten_flesh":1,"stat.pickup.minecraft.sand":3,"stat.killEntity.Skeleton":2,"stat.drop.dynamictrees.oakseed":6,"stat.craftItem.minecraft.planks":224,"stat.useItem.minecraft.iron_sword":3,"stat.useItem.minecraft.flint_and_steel":1,"stat.damageTaken":584,"stat.mineBlock.minecraft.crafting_table":1,"stat.pickup.minecraft.bread":64,"stat.mineBlock.minecraft.furnace":1,"stat.pickup.minecraft.cobblestone":39,"stat.mobKills":5,"stat.pickup.minecraft.saddle":1,"stat.pickup.dynamictrees.oakseed":41,"stat.craftItem.minecraft.wooden_door":3,"stat.mineBlock.minecraft.log":39,"stat.craftItem.minecraft.fence":12,"stat.pickup.minecraft.planks":65,"stat.useItem.minecraft.wooden_door":3,"stat.flyOneCm":637603,"stat.mineBlock.minecraft.planks":65,"stat.deaths":1,"tombstone:undead_killed":2,"stat.drop":15,"stat.pickup.minecraft.wheat_seeds":1,"stat.pickup.minecraft.diamond":3,"stat.mineBlock.minecraft.sand":3,"stat.playOneMinute":72258,"stat.pickup.minecraft.torch":15,"stat.sneakTime":3790,"stat.drop.terraqueous.item_main":3,"stat.damageDealt":681,"stat.pickup.terraqueous.colorizer":1,"stat.pickup.zawa.care_guide":1,"stat.timeSinceDeath":15599,"stat.pickup.minecraft.snowball":17,"stat.drop.minecraft.diamond":1,"stat.useItem.minecraft.iron_pickaxe":1,"stat.drop.minecraft.grass":1,"stat.diveOneCm":3278,"stat.pickup.minecraft.chest":1,"stat.drop.minecraft.stick":2}