{"stat.useItem.minecraft.bow":8,"stat.pickup.minecraft.wooden_slab":5,"stat.useItem.terraqueous.sapling":5,"stat.leaveGame":5,"stat.pickup.betteranimalsplus.goose_egg":14,"stat.pickup.tombstone.familiar_stone":1,"stat.pickup.zawa.worm":6,"stat.useItem.minecraft.planks":671,"stat.drop.dynamictrees.birchseed":20,"stat.pickup.minecraft.glass":77,"stat.drop.minecraft.iron_sword":1,"stat.useItem.minecraft.water_bucket":57,"stat.pickup.minecraft.rotten_flesh":24,"stat.pickup.minecraft.sand":178,"stat.craftItem.minecraft.stone_axe":1,"stat.killEntity.Enderman":3,"stat.mineBlock.minecraft.wooden_slab":5,"stat.pickup.minecraft.brown_mushroom":1,"stat.mineBlock.minecraft.sand":162,"stat.killEntity.Witch":2,"stat.craftItem.minecraft.wooden_hoe":1,"stat.drop.minecraft.diamond":1,"stat.useItem.minecraft.iron_pickaxe":648,"stat.mineBlock.terraqueous.doodads":3,"stat.craftItem.minecraft.iron_door":3,"stat.pickup.minecraft.double_plant":2,"stat.craftItem.minecraft.bed":2,"stat.useItem.zawa.bird_meat":1,"stat.trappedChestTriggered":1,"stat.craftItem.minecraft.glass_pane":16,"stat.mineBlock.chisel.marble2":4,"stat.useItem.minecraft.oak_stairs":95,"stat.furnaceInteraction":41,"stat.drop.terraqueous.colorizer":1,"stat.pickup.minecraft.beef":9,"stat.pickup.minecraft.furnace":2,"stat.useItem.minecraft.cooked_mutton":2,"stat.useItem.minecraft.fence":28,"stat.useItem.minecraft.stone_stairs":157,"stat.pickup.tombstone.magic_scroll":3,"stat.pickup.mca.rose_gold_ore":10,"stat.pickup.minecraft.stone_stairs":25,"stat.useItem.minecraft.flint_and_steel":1,"stat.useItem.minecraft.wheat_seeds":19,"stat.pickup.minecraft.saddle":2,"stat.pickup.minetraps.bear_trap":1,"stat.craftItem.securitycraft.laser_block":1,"stat.pickup.dynamictrees.oakseed":103,"stat.pickup.securitycraft.universal_block_reinforcer_lvl1":1,"stat.craftItem.minecraft.heavy_weighted_pressure_plate":1,"stat.mineBlock.minecraft.oak_stairs":17,"stat.deaths":2,"stat.playOneMinute":332929,"stat.craftItem.minecraft.wooden_shovel":1,"stat.drop.minecraft.string":2,"stat.craftItem.minecraft.iron_pickaxe":2,"stat.craftItem.securitycraft.keypad_item":1,"stat.pickup.zawa.care_guide":1,"stat.drop.minecraft.iron_ingot":9,"stat.pickup.chisel.marble2":2,"stat.mineBlock.minecraft.tallgrass":144,"stat.craftItem.minecraft.cooked_mutton":6,"stat.chestOpened":115,"stat.killEntity.betteranimalsplus.goose":2,"stat.useItem.minecraft.stone":12,"stat.pickup.minecraft.iron_sword":1,"stat.pickup.minecraft.arrow":11,"stat.pickup.securitycraft.door_indestructible_iron_item":2,"stat.fallOneCm":105529,"stat.crouchOneCm":39310,"stat.mineBlock.minecraft.chest":2,"stat.drop.minecraft.gold_ore":6,"stat.craftItem.minecraft.chest":2,"stat.craftItem.minecraft.iron_ingot":52,"stat.craftingTableInteraction":52,"stat.useItem.chisel.marble2":1,"stat.useItem.minecraft.reeds":24,"stat.pickup.minecraft.dye":116,"stat.pickup.minecraft.planks":106,"stat.pickup.chisel.limestone2":1,"stat.pickup.minecraft.wheat_seeds":28,"stat.mineBlock.minecraft.gravel":1,"stat.mineBlock.minecraft.glass":35,"stat.craftItem.minecraft.oak_stairs":88,"stat.mineBlock.minecraft.dirt":59,"stat.drop.minecraft.stick":10,"stat.useItem.minecraft.bread":64,"stat.useItem.minecraft.torch":67,"stat.drop.tombstone.crafting_ingredient":2,"stat.craftItem.minecraft.redstone_block":1,"stat.drop.minecraft.rotten_flesh":1,"stat.pickup.terraqueous.multifood":34,"stat.craftItem.minecraft.stone_stairs":136,"stat.useItem.minecraft.log":103,"stat.pickup.minecraft.crafting_table":2,"stat.useItem.minecraft.cobblestone":256,"stat.useItem.minecraft.gravel":2,"stat.mineBlock.minecraft.double_plant":5,"stat.craftItem.securitycraft.keypad_door_item":1,"stat.useItem.dynamictrees.oakseed":35,"stat.pickup.minecraft.log":263,"stat.craftItem.minecraft.stone_button":8,"stat.pickup.minecraft.wooden_door":11,"stat.pickup.minecraft.apple":1,"stat.craftItem.securitycraft.door_indestructible_iron_item":3,"stat.drop.dynamictrees.oakseed":6,"stat.craftItem.minecraft.planks":784,"stat.useItem.minecraft.iron_sword":220,"stat.useItem.securitycraft.universal_block_remover":4,"stat.useItem.betteranimalsplus.goose_egg":14,"stat.craftItem.minecraft.wooden_door":3,"stat.mineBlock.minecraft.log":53,"stat.mineBlock.terraqueous.trunk2":23,"stat.useItem.minecraft.wooden_door":8,"stat.sneakTime":14706,"stat.pickup.minecraft.wool":4,"stat.pickup.terraqueous.colorizer":3,"stat.drop.minecraft.grass":1,"stat.pickup.minecraft.chest":2,"stat.pickup.minecraft.bone":32,"stat.useItem.minecraft.iron_axe":186,"stat.mineBlock.minecraft.cobblestone":75,"stat.drop.securitycraft.keypad_door_item":1,"stat.useItem.minecraft.diamond_sword":2,"stat.pickup.terraqueous.sapling":6,"stat.pickup.terraqueous.doodads":4,"stat.swimOneCm":69870,"stat.climbOneCm":737,"stat.drop.minecraft.cobblestone":1,"stat.mineBlock.minetraps.bear_trap":1,"stat.drop.minecraft.brown_mushroom":1,"stat.useItem.minecraft.dirt":235,"stat.pickup.minecraft.bow":2,"stat.pickup.zawa.bird_meat":1,"stat.craftItem.minecraft.cooked_beef":9,"stat.pickup.minecraft.cobblestone":510,"stat.useItem.minecraft.stone_shovel":132,"stat.mineBlock.chisel.limestone2":12,"stat.flyOneCm":1281837,"stat.useItem.securitycraft.door_indestructible_iron_item":1,"stat.craftItem.minecraft.wooden_slab":30,"stat.pickup.minecraft.redstone":103,"stat.mineBlock.minecraft.iron_ore":48,"stat.timeSinceDeath":230361,"stat.useItem.minecraft.wooden_slab":24,"stat.drop.minecraft.spider_eye":4,"stat.pickup.minecraft.mutton":6,"stat.pickup.securitycraft.keypad":2,"stat.drop.minecraft.dirt":7,"stat.mineBlock.minecraft.coal_ore":24,"stat.killEntity.Creeper":5,"stat.pickup.minecraft.shield":2,"stat.pickup.minecraft.string":2,"stat.pickup.comforts.sleeping_bag":1,"stat.mineBlock.minecraft.grass":250,"stat.pickup.tombstone.crafting_ingredient":2,"stat.drop.minecraft.oak_stairs":7,"stat.sprintOneCm":798955,"stat.craftItem.trashcans.item_trash_can":1,"stat.craftItem.minecraft.stone":24,"stat.mineBlock.minecraft.crafting_table":2,"stat.useItem.minecraft.wooden_shovel":59,"stat.pickup.terraqueous.trunk2":22,"stat.mineBlock.minecraft.planks":106,"stat.drop":91,"stat.pickup.minecraft.stone_button":9,"stat.killEntity.Sheep":4,"stat.drop.terraqueous.item_main":6,"stat.killEntity.Zombie":19,"stat.pickup.minecraft.snowball":17,"stat.craftItem.minecraft.dye":2,"stat.craftItem.securitycraft.universal_block_remover":1,"stat.mineBlock.minecraft.gold_ore":1,"stat.mineBlock.terraqueous.foliage3":89,"stat.diveOneCm":34792,"stat.pickup.minecraft.wheat":3,"stat.mineBlock.terraqueous.foliage2":1,"stat.mineBlock.minecraft.stone_button":1,"stat.pickup.minecraft.gravel":3,"stat.useItem.minecraft.apple":5,"stat.pickup.minecraft.diamond_sword":5,"stat.useItem.minecraft.sand":17,"stat.jump":4824,"stat.craftItem.terraqueous.doodads":4,"stat.useItem.minecraft.wooden_hoe":19,"stat.pickup.minecraft.coal":75,"stat.pickup.minecraft.iron_ingot":16,"stat.useItem.minecraft.stone_axe":50,"stat.pickup.minecraft.gunpowder":7,"stat.pickup.minecraft.spider_eye":4,"stat.craftItem.minecraft.torch":12,"stat.pickup.minecraft.dirt":530,"stat.useItem.minecraft.stone_button":1,"stat.pickup.minecraft.iron_ore":48,"stat.useItem.minecraft.glass":104,"stat.mineBlock.mca.rose_gold_ore":10,"stat.pickup.minecraft.gold_ore":7,"stat.mineBlock.minecraft.lapis_ore":19,"stat.killEntity.camocreepers:CamoCreeper":1,"stat.drop.zawa.worm":4,"stat.mineBlock.minecraft.stone_stairs":25,"stat.damageTaken":4404,"stat.pickup.minecraft.leather":8,"stat.mineBlock.minecraft.furnace":2,"stat.mineBlock.minecraft.torch":47,"stat.craftItem.securitycraft.keypad_frame":1,"stat.pickup.minecraft.reeds":7,"stat.pickup.minecraft.prismarine_crystals":1,"tombstone:undead_killed":30,"stat.pickup.minecraft.oak_stairs":29,"stat.damageDealt":11501,"stat.craftItem.minecraft.glass":126,"stat.sleepInBed":9,"stat.killEntity.Cow":3,"stat.useItem.minecraft.air":719,"stat.craftItem.minecraft.stone_shovel":1,"stat.craftItem.securitycraft.universal_block_reinforcer_lvl1":1,"stat.walkOneCm":986003,"stat.pickup.dynamictrees.birchseed":21,"stat.pickup.minecraft.stick":169,"stat.pickup.terraqueous.item_main":190,"stat.pickup.wolfarmor.diamond_wolf_armor":2,"stat.pickup.minecraft.stone":19,"stat.pickup.minecraft.ender_pearl":1,"stat.killEntity.Skeleton":11,"stat.killEntity.Spider":1,"stat.pickup.minecraft.bread":124,"stat.mobKills":55,"stat.craftItem.minecraft.shears":1,"stat.craftItem.minecraft.fence":30,"stat.pickup.securitycraft.reinforced_stone_button":8,"stat.pickup.minecraft.diamond":6,"stat.pickup.minecraft.torch":67,"stat.mineBlock.minecraft.stone":397}