{"stat.chestOpened":13,"stat.useItem.minecraft.air":577,"stat.useItem.minecraft.bow":2,"stat.walkOneCm":87011,"stat.useItem.minecraft.bread":3,"stat.trappedChestTriggered":1,"stat.pickup.minecraft.stick":16,"stat.useItem.minecraft.iron_axe":13,"stat.leaveGame":2,"stat.pickup.minecraft.iron_sword":1,"stat.pickup.minecraft.arrow":1,"stat.pickup.minecraft.crafting_table":1,"stat.furnaceInteraction":2,"stat.killEntity.Creeper":1,"stat.pickup.minecraft.shield":1,"stat.useItem.minecraft.diamond_sword":2,"stat.pickup.terraqueous.item_main":2,"stat.pickup.minecraft.log":31,"stat.pickup.minecraft.diamond_sword":1,"stat.useItem.minecraft.sand":2,"stat.swimOneCm":1478,"stat.jump":148,"stat.pickup.minecraft.coal":1,"stat.fallOneCm":2078,"stat.climbOneCm":161,"stat.useItem.minecraft.planks":52,"stat.pickup.minecraft.furnace":1,"stat.pickup.wolfarmor.diamond_wolf_armor":1,"stat.pickup.minecraft.gunpowder":1,"stat.crouchOneCm":1225,"stat.pickup.minecraft.glass":64,"stat.mineBlock.minecraft.chest":1,"stat.pickup.minecraft.dirt":56,"stat.sprintOneCm":19022,"stat.pickup.minecraft.bow":1,"stat.drop.minecraft.iron_sword":1,"stat.pickup.minecraft.sand":3,"stat.killEntity.Skeleton":1,"stat.drop.dynamictrees.oakseed":3,"stat.useItem.minecraft.flint_and_steel":1,"stat.damageTaken":251,"stat.mineBlock.minecraft.crafting_table":1,"stat.pickup.minecraft.bread":64,"stat.mineBlock.minecraft.furnace":1,"stat.pickup.minecraft.cobblestone":38,"stat.mobKills":4,"stat.pickup.minecraft.saddle":1,"stat.pickup.dynamictrees.oakseed":21,"stat.pickup.minecraft.planks":11,"stat.flyOneCm":587120,"stat.mineBlock.minecraft.planks":11,"tombstone:undead_killed":1,"stat.drop":10,"stat.pickup.minecraft.wheat_seeds":1,"stat.pickup.minecraft.diamond":3,"stat.mineBlock.minecraft.sand":3,"stat.playOneMinute":47058,"stat.pickup.minecraft.torch":15,"stat.sneakTime":1655,"stat.drop.terraqueous.item_main":2,"stat.damageDealt":481,"stat.pickup.terraqueous.colorizer":1,"stat.pickup.zawa.care_guide":1,"stat.timeSinceDeath":47058,"stat.pickup.minecraft.snowball":17,"stat.drop.minecraft.diamond":1,"stat.useItem.minecraft.iron_pickaxe":1,"stat.drop.minecraft.grass":1,"stat.diveOneCm":2198,"stat.pickup.minecraft.chest":1,"stat.drop.minecraft.stick":2}