{"stat.useItem.minecraft.bow":7,"stat.pickup.minecraft.wooden_slab":3,"stat.useItem.terraqueous.sapling":5,"stat.leaveGame":4,"stat.pickup.betteranimalsplus.goose_egg":11,"stat.pickup.tombstone.familiar_stone":1,"stat.pickup.zawa.worm":6,"stat.useItem.minecraft.planks":671,"stat.drop.dynamictrees.birchseed":20,"stat.pickup.minecraft.glass":77,"stat.drop.minecraft.iron_sword":1,"stat.useItem.minecraft.water_bucket":50,"stat.pickup.minecraft.rotten_flesh":24,"stat.pickup.minecraft.sand":178,"stat.craftItem.minecraft.stone_axe":1,"stat.killEntity.Enderman":3,"stat.mineBlock.minecraft.wooden_slab":3,"stat.mineBlock.minecraft.sand":162,"stat.killEntity.Witch":2,"stat.craftItem.minecraft.wooden_hoe":1,"stat.drop.minecraft.diamond":1,"stat.useItem.minecraft.iron_pickaxe":581,"stat.pickup.minecraft.double_plant":2,"stat.craftItem.minecraft.bed":2,"stat.useItem.zawa.bird_meat":1,"stat.trappedChestTriggered":1,"stat.mineBlock.chisel.marble2":4,"stat.useItem.minecraft.oak_stairs":92,"stat.furnaceInteraction":35,"stat.drop.terraqueous.colorizer":1,"stat.pickup.minecraft.beef":9,"stat.pickup.minecraft.furnace":2,"stat.useItem.minecraft.fence":28,"stat.useItem.minecraft.stone_stairs":157,"stat.pickup.tombstone.magic_scroll":3,"stat.pickup.mca.rose_gold_ore":10,"stat.pickup.minecraft.stone_stairs":25,"stat.useItem.minecraft.flint_and_steel":1,"stat.useItem.minecraft.wheat_seeds":16,"stat.pickup.minecraft.saddle":2,"stat.pickup.minetraps.bear_trap":1,"stat.pickup.dynamictrees.oakseed":97,"stat.mineBlock.minecraft.oak_stairs":14,"stat.deaths":2,"stat.playOneMinute":261691,"stat.craftItem.minecraft.wooden_shovel":1,"stat.drop.minecraft.string":2,"stat.craftItem.minecraft.iron_pickaxe":2,"stat.pickup.zawa.care_guide":1,"stat.drop.minecraft.iron_ingot":9,"stat.pickup.chisel.marble2":2,"stat.mineBlock.minecraft.tallgrass":143,"stat.craftItem.minecraft.cooked_mutton":6,"stat.chestOpened":73,"stat.killEntity.betteranimalsplus.goose":2,"stat.useItem.minecraft.stone":12,"stat.pickup.minecraft.iron_sword":1,"stat.pickup.minecraft.arrow":11,"stat.fallOneCm":77631,"stat.crouchOneCm":37893,"stat.mineBlock.minecraft.chest":2,"stat.craftItem.minecraft.chest":1,"stat.craftItem.minecraft.iron_ingot":52,"stat.craftingTableInteraction":32,"stat.useItem.chisel.marble2":1,"stat.useItem.minecraft.reeds":24,"stat.pickup.minecraft.dye":116,"stat.pickup.minecraft.planks":91,"stat.pickup.chisel.limestone2":1,"stat.pickup.minecraft.wheat_seeds":21,"stat.mineBlock.minecraft.gravel":1,"stat.mineBlock.minecraft.glass":35,"stat.craftItem.minecraft.oak_stairs":88,"stat.mineBlock.minecraft.dirt":59,"stat.drop.minecraft.stick":10,"stat.useItem.minecraft.bread":64,"stat.useItem.minecraft.torch":67,"stat.drop.minecraft.rotten_flesh":1,"stat.pickup.terraqueous.multifood":28,"stat.craftItem.minecraft.stone_stairs":136,"stat.useItem.minecraft.log":103,"stat.pickup.minecraft.crafting_table":2,"stat.useItem.minecraft.cobblestone":256,"stat.useItem.minecraft.gravel":2,"stat.mineBlock.minecraft.double_plant":5,"stat.useItem.dynamictrees.oakseed":31,"stat.pickup.minecraft.log":247,"stat.pickup.minecraft.wooden_door":6,"stat.pickup.minecraft.apple":1,"stat.drop.dynamictrees.oakseed":6,"stat.craftItem.minecraft.planks":720,"stat.useItem.minecraft.iron_sword":214,"stat.useItem.betteranimalsplus.goose_egg":11,"stat.craftItem.minecraft.wooden_door":3,"stat.mineBlock.minecraft.log":53,"stat.mineBlock.terraqueous.trunk2":23,"stat.useItem.minecraft.wooden_door":5,"stat.sneakTime":13838,"stat.pickup.minecraft.wool":4,"stat.pickup.terraqueous.colorizer":3,"stat.drop.minecraft.grass":1,"stat.pickup.minecraft.chest":2,"stat.pickup.minecraft.bone":11,"stat.useItem.minecraft.iron_axe":186,"stat.mineBlock.minecraft.cobblestone":75,"stat.useItem.minecraft.diamond_sword":2,"stat.pickup.terraqueous.sapling":6,"stat.pickup.terraqueous.doodads":4,"stat.swimOneCm":61874,"stat.climbOneCm":737,"stat.drop.minecraft.cobblestone":1,"stat.mineBlock.minetraps.bear_trap":1,"stat.useItem.minecraft.dirt":232,"stat.pickup.minecraft.bow":2,"stat.pickup.zawa.bird_meat":1,"stat.craftItem.minecraft.cooked_beef":9,"stat.pickup.minecraft.cobblestone":447,"stat.useItem.minecraft.stone_shovel":132,"stat.mineBlock.chisel.limestone2":12,"stat.flyOneCm":1104962,"stat.craftItem.minecraft.wooden_slab":6,"stat.pickup.minecraft.redstone":103,"stat.mineBlock.minecraft.iron_ore":48,"stat.timeSinceDeath":159123,"stat.useItem.minecraft.wooden_slab":5,"stat.drop.minecraft.spider_eye":4,"stat.pickup.minecraft.mutton":6,"stat.drop.minecraft.dirt":7,"stat.mineBlock.minecraft.coal_ore":24,"stat.killEntity.Creeper":5,"stat.pickup.minecraft.shield":2,"stat.pickup.minecraft.string":2,"stat.pickup.comforts.sleeping_bag":1,"stat.mineBlock.minecraft.grass":250,"stat.drop.minecraft.oak_stairs":7,"stat.sprintOneCm":656882,"stat.mineBlock.minecraft.crafting_table":2,"stat.useItem.minecraft.wooden_shovel":59,"stat.pickup.terraqueous.trunk2":22,"stat.mineBlock.minecraft.planks":91,"stat.drop":80,"stat.killEntity.Sheep":4,"stat.drop.terraqueous.item_main":5,"stat.killEntity.Zombie":19,"stat.pickup.minecraft.snowball":17,"stat.craftItem.minecraft.dye":2,"stat.mineBlock.minecraft.gold_ore":1,"stat.mineBlock.terraqueous.foliage3":89,"stat.diveOneCm":30452,"stat.mineBlock.terraqueous.foliage2":1,"stat.pickup.minecraft.gravel":3,"stat.useItem.minecraft.apple":1,"stat.pickup.minecraft.diamond_sword":3,"stat.useItem.minecraft.sand":17,"stat.jump":4000,"stat.craftItem.terraqueous.doodads":4,"stat.useItem.minecraft.wooden_hoe":18,"stat.pickup.minecraft.coal":75,"stat.pickup.minecraft.iron_ingot":1,"stat.useItem.minecraft.stone_axe":18,"stat.pickup.minecraft.gunpowder":7,"stat.pickup.minecraft.spider_eye":4,"stat.craftItem.minecraft.torch":12,"stat.pickup.minecraft.dirt":526,"stat.pickup.minecraft.iron_ore":48,"stat.useItem.minecraft.glass":104,"stat.mineBlock.mca.rose_gold_ore":10,"stat.pickup.minecraft.gold_ore":1,"stat.mineBlock.minecraft.lapis_ore":19,"stat.killEntity.camocreepers:CamoCreeper":1,"stat.drop.zawa.worm":4,"stat.mineBlock.minecraft.stone_stairs":25,"stat.damageTaken":3741,"stat.pickup.minecraft.leather":8,"stat.mineBlock.minecraft.furnace":2,"stat.mineBlock.minecraft.torch":47,"stat.pickup.minecraft.reeds":7,"stat.pickup.minecraft.prismarine_crystals":1,"tombstone:undead_killed":29,"stat.pickup.minecraft.oak_stairs":27,"stat.damageDealt":11231,"stat.craftItem.minecraft.glass":126,"stat.sleepInBed":8,"stat.killEntity.Cow":3,"stat.useItem.minecraft.air":674,"stat.craftItem.minecraft.stone_shovel":1,"stat.walkOneCm":827641,"stat.pickup.dynamictrees.birchseed":20,"stat.pickup.minecraft.stick":156,"stat.pickup.terraqueous.item_main":189,"stat.pickup.wolfarmor.diamond_wolf_armor":2,"stat.pickup.minecraft.stone":19,"stat.pickup.minecraft.ender_pearl":1,"stat.killEntity.Skeleton":10,"stat.killEntity.Spider":1,"stat.pickup.minecraft.bread":124,"stat.mobKills":54,"stat.craftItem.minecraft.fence":30,"stat.pickup.minecraft.diamond":6,"stat.pickup.minecraft.torch":67,"stat.mineBlock.minecraft.stone":334}