{"stat.useItem.minecraft.bow":8,"stat.pickup.minecraft.wooden_slab":6,"stat.leaveGame":8,"stat.pickup.minecraft.deadbush":3,"stat.pickup.betteranimalsplus.goose_egg":14,"stat.mineBlock.twilightforest.twilight_plant":12,"stat.pickup.tombstone.familiar_stone":1,"stat.pickup.minecraft.lapis_block":1,"stat.drop.minecraft.shield":1,"stat.pickup.zawa.worm":9,"stat.useItem.minecraft.planks":716,"stat.pickup.minecraft.golden_boots":1,"stat.drop.dynamictrees.birchseed":20,"stat.drop.minecraft.feather":4,"stat.useItem.minecraft.fire_charge":3,"stat.pickup.minecraft.porkchop":6,"stat.pickup.minecraft.glass":77,"stat.drop.minecraft.iron_sword":1,"stat.useItem.minecraft.water_bucket":90,"stat.drop.twilightforest.arctic_fur":2,"stat.mineBlock.minecraft.stone_brick_stairs":2,"stat.pickup.minecraft.rotten_flesh":33,"stat.pickup.minecraft.sand":178,"stat.craftItem.minecraft.stone_axe":1,"stat.killEntity.twilightforest.raven":1,"stat.mineBlock.twilightforest.cicada":1,"stat.killEntity.Enderman":3,"stat.mineBlock.minecraft.wooden_slab":5,"stat.mineBlock.twilightforest.twilight_log":2,"stat.pickup.minecraft.brown_mushroom":2,"stat.mineBlock.minecraft.sand":162,"stat.killEntity.twilightforest.kobold":3,"stat.killEntity.Witch":2,"stat.craftItem.minecraft.wooden_hoe":1,"stat.pickup.twilightforest.cicada":4,"stat.drop.minecraft.diamond":1,"stat.useItem.minecraft.iron_pickaxe":779,"stat.craftItem.minecraft.iron_door":3,"stat.killEntity.twilightforest.skeleton_druid":4,"stat.pickup.minecraft.double_plant":2,"stat.craftItem.minecraft.bed":2,"stat.useItem.zawa.bird_meat":1,"stat.trappedChestTriggered":2,"stat.craftItem.minecraft.glass_pane":16,"stat.mineBlock.chisel.marble2":4,"stat.pickup.minetraps.fall_trap":1,"stat.useItem.minecraft.oak_stairs":95,"stat.furnaceInteraction":45,"stat.mineBlock.minecraft.birch_stairs":2,"stat.craftItem.twilightforest.naga_chestplate":1,"stat.pickup.minecraft.beef":9,"stat.pickup.minecraft.furnace":3,"stat.useItem.minecraft.cooked_mutton":6,"stat.drop.minecraft.cactus":1,"stat.pickup.twilightforest.time_fence":1,"stat.useItem.minecraft.fence":28,"stat.useItem.minecraft.stone_stairs":157,"stat.pickup.tombstone.magic_scroll":3,"stat.pickup.mca.rose_gold_ore":10,"stat.mineBlock.twilightforest.naga_stone":1,"stat.pickup.minecraft.stone_stairs":25,"stat.pickup.twilightforest.arctic_fur":2,"stat.useItem.minecraft.flint_and_steel":1,"stat.useItem.minecraft.wheat_seeds":19,"stat.pickup.twilightforest.raven_feather":2,"stat.killEntity.twilightforest.naga":1,"stat.killEntity.betteranimalsplus.zotzpyre":4,"stat.pickup.minecraft.saddle":2,"stat.pickup.minetraps.bear_trap":1,"stat.craftItem.securitycraft.laser_block":1,"stat.pickup.dynamictrees.oakseed":114,"stat.pickup.securitycraft.universal_block_reinforcer_lvl1":1,"stat.craftItem.minecraft.heavy_weighted_pressure_plate":1,"stat.mineBlock.minecraft.oak_stairs":17,"stat.deaths":3,"stat.playOneMinute":438604,"stat.craftItem.minecraft.wooden_shovel":1,"stat.drop.minecraft.string":2,"stat.craftItem.minecraft.iron_pickaxe":3,"stat.craftItem.securitycraft.keypad_item":1,"stat.entityKilledBy.twilightforest.lich":1,"stat.pickup.zawa.raw_crab_leg":2,"stat.pickup.twilightforest.armor_shard":3,"stat.pickup.zawa.care_guide":1,"stat.drop.minecraft.iron_ingot":9,"stat.pickup.minecraft.dispenser":2,"stat.pickup.chisel.marble2":2,"stat.mineBlock.minecraft.tallgrass":144,"stat.craftItem.minecraft.cooked_mutton":6,"stat.chestOpened":130,"stat.killEntity.betteranimalsplus.goose":2,"stat.useItem.minecraft.stone":14,"stat.mineBlock.minecraft.dispenser":1,"stat.pickup.minecraft.iron_sword":1,"stat.pickup.minecraft.arrow":11,"stat.pickup.securitycraft.door_indestructible_iron_item":2,"stat.killEntity.twilightforest.yeti":1,"stat.pickup.minecraft.gold_nugget":1,"stat.useItem.minecraft.experience_bottle":74,"stat.fallOneCm":149786,"stat.crouchOneCm":42750,"stat.mineBlock.minecraft.chest":2,"stat.drop.minecraft.gold_ore":6,"stat.craftItem.minecraft.chest":2,"stat.craftItem.minecraft.iron_ingot":55,"stat.pickup.minecraft.painting":5,"stat.pickup.minecraft.golden_leggings":1,"stat.craftingTableInteraction":59,"stat.useItem.chisel.marble2":1,"stat.pickup.minecraft.feather":4,"stat.useItem.minecraft.reeds":24,"stat.pickup.twilightforest.firefly_jar":1,"stat.pickup.minecraft.dye":116,"stat.pickup.minecraft.planks":144,"stat.pickup.chisel.limestone2":1,"stat.pickup.minecraft.wheat_seeds":30,"stat.mineBlock.minecraft.gravel":15,"stat.mineBlock.minecraft.glass":35,"stat.craftItem.minecraft.oak_stairs":88,"stat.mineBlock.minecraft.dirt":71,"stat.drop.minecraft.stick":10,"stat.mineBlock.minecraft.monster_egg":1,"stat.useItem.minecraft.bread":64,"stat.useItem.minecraft.torch":105,"stat.drop.tombstone.crafting_ingredient":2,"stat.craftItem.minecraft.redstone_block":1,"stat.drop.minecraft.rotten_flesh":4,"stat.craftItem.minecraft.stone_stairs":136,"stat.useItem.minecraft.log":103,"stat.pickup.minecraft.crafting_table":7,"stat.useItem.minecraft.cobblestone":373,"stat.mineBlock.twilightforest.time_fence":1,"stat.craftItem.minecraft.crafting_table":1,"stat.useItem.minecraft.gravel":2,"stat.mineBlock.minecraft.double_plant":5,"stat.craftItem.securitycraft.keypad_door_item":1,"stat.pickup.minecraft.golden_hoe":1,"stat.useItem.dynamictrees.oakseed":38,"stat.pickup.minecraft.log":275,"stat.drop.twilightforest.naga_scale":7,"stat.mineBlock.twilightforest.nagastone_pillar_mossy":1,"stat.craftItem.minecraft.stone_button":8,"stat.drop.minecraft.lapis_block":1,"stat.drop.minecraft.gold_nugget":1,"stat.pickup.minecraft.wooden_door":11,"stat.pickup.minecraft.apple":1,"stat.craftItem.securitycraft.door_indestructible_iron_item":3,"stat.drop.dynamictrees.oakseed":7,"stat.craftItem.minecraft.planks":784,"stat.useItem.minecraft.iron_sword":354,"stat.useItem.securitycraft.universal_block_remover":4,"stat.useItem.betteranimalsplus.goose_egg":14,"stat.useItem.minecraft.stonebrick":1,"stat.craftItem.minecraft.wooden_door":3,"stat.mineBlock.minecraft.log":53,"stat.useItem.minecraft.wooden_door":8,"stat.pickup.twilightforest.trans_fence":2,"stat.sneakTime":16129,"stat.pickup.minecraft.wool":4,"stat.useItem.minecraft.baked_potato":16,"stat.drop.minecraft.grass":1,"stat.pickup.minecraft.chest":2,"stat.drop.twilightforest.armor_shard":3,"stat.pickup.minecraft.bone":64,"stat.useItem.minecraft.iron_axe":186,"stat.mineBlock.minecraft.cobblestone":81,"stat.pickup.minecraft.flint":2,"stat.drop.securitycraft.keypad_door_item":1,"stat.useItem.minecraft.diamond_sword":56,"stat.pickup.minecraft.flower_pot":3,"stat.swimOneCm":90230,"stat.mineBlock.twilightforest.trans_fence":3,"stat.climbOneCm":9912,"stat.mineBlock.minecraft.spruce_stairs":1,"stat.drop.minecraft.cobblestone":1,"stat.mineBlock.minetraps.bear_trap":1,"stat.mineBlock.twilightforest.nagastone_pillar_weathered":1,"stat.drop.minecraft.brown_mushroom":2,"stat.useItem.minecraft.dirt":246,"stat.pickup.minecraft.golden_helmet":4,"stat.pickup.betteranimalsplus.wolf_pelt_red":2,"stat.pickup.minecraft.bow":3,"stat.pickup.zawa.bird_meat":1,"stat.craftItem.minecraft.furnace":1,"stat.craftItem.minecraft.cooked_beef":9,"stat.pickup.minecraft.cobblestone":603,"stat.mineBlock.minecraft.carpet":2,"stat.useItem.minecraft.stone_shovel":132,"stat.mineBlock.chisel.limestone2":12,"stat.flyOneCm":1576441,"stat.drop.betteranimalsplus.wolf_pelt_red":1,"stat.useItem.securitycraft.door_indestructible_iron_item":1,"stat.craftItem.minecraft.wooden_slab":30,"stat.useItem.minecraft.cooked_beef":3,"stat.pickup.minecraft.cactus":1,"stat.pickup.minecraft.redstone":105,"stat.mineBlock.minecraft.iron_ore":58,"stat.timeSinceDeath":14772,"stat.useItem.minecraft.wooden_slab":24,"stat.drop.minecraft.spider_eye":4,"stat.pickup.minecraft.mutton":6,"stat.mineBlock.twilightforest.twilight_oak_fence":1,"stat.mineBlock.twilightforest.firefly_jar":2,"stat.pickup.securitycraft.keypad":2,"stat.pickup.minecraft.stonebrick":14,"stat.pickup.twilightforest.naga_scale":15,"stat.drop.minecraft.dirt":9,"stat.useItem.minecraft.cooked_porkchop":25,"stat.pickup.minecraft.carpet":20,"stat.mineBlock.minecraft.coal_ore":24,"stat.killEntity.Creeper":5,"stat.pickup.minecraft.shield":3,"stat.pickup.minecraft.string":2,"stat.pickup.comforts.sleeping_bag":1,"stat.mineBlock.minecraft.grass":253,"stat.pickup.tombstone.crafting_ingredient":7,"stat.useItem.minecraft.milk_bucket":1,"stat.drop.minecraft.oak_stairs":7,"stat.pickup.minecraft.birch_stairs":3,"stat.useItem.minecraft.written_book":3,"stat.sprintOneCm":1031263,"stat.craftItem.trashcans.item_trash_can":1,"stat.craftItem.minecraft.stick":4,"stat.craftItem.minecraft.stone":24,"stat.useItem.minecraft.snowball":2,"stat.mineBlock.minecraft.crafting_table":7,"stat.useItem.zawa.raw_crab_leg":2,"stat.useItem.minecraft.wooden_shovel":59,"stat.drop.minecraft.dispenser":1,"stat.mineBlock.minecraft.planks":112,"stat.drop":131,"stat.pickup.minecraft.stone_button":9,"stat.killEntity.Sheep":4,"stat.killEntity.Zombie":21,"stat.pickup.minecraft.snowball":19,"stat.craftItem.minecraft.dye":2,"stat.craftItem.securitycraft.universal_block_remover":1,"stat.mineBlock.minecraft.gold_ore":6,"stat.diveOneCm":80325,"stat.pickup.minecraft.wheat":8,"stat.pickup.minecraft.sign":2,"stat.mineBlock.minecraft.stone_button":1,"stat.pickup.minecraft.gravel":3,"stat.drop.minecraft.cooked_beef":3,"stat.useItem.minecraft.apple":6,"stat.useItem.minecraft.porkchop":6,"stat.pickup.twilightforest.torchberries":5,"stat.useItem.minecraft.potion":1,"stat.pickup.minecraft.diamond_sword":5,"stat.useItem.minecraft.flower_pot":1,"stat.useItem.minecraft.sand":17,"stat.jump":6276,"stat.useItem.minecraft.wooden_hoe":19,"stat.pickup.minecraft.coal":75,"stat.pickup.minecraft.iron_ingot":16,"stat.mineBlock.twilightforest.dark_slab":1,"stat.useItem.minecraft.stone_axe":79,"stat.pickup.minecraft.gunpowder":7,"stat.pickup.minecraft.spider_eye":4,"stat.craftItem.minecraft.torch":12,"stat.pickup.minecraft.dirt":554,"stat.useItem.minecraft.stone_button":1,"stat.useItem.minecraft.cooked_chicken":6,"stat.pickup.minecraft.iron_ore":58,"stat.useItem.minecraft.glass":104,"stat.mineBlock.mca.rose_gold_ore":10,"stat.pickup.minecraft.gold_ore":7,"stat.mineBlock.minecraft.lapis_ore":19,"stat.killEntity.camocreepers:CamoCreeper":1,"stat.mineBlock.minecraft.glass_pane":4,"stat.drop.zawa.worm":5,"stat.mineBlock.minecraft.stone_stairs":26,"stat.damageTaken":9895,"stat.pickup.minecraft.leather":8,"stat.mineBlock.minecraft.furnace":3,"stat.mineBlock.minecraft.torch":57,"stat.pickup.minecraft.written_book":7,"stat.drop.minecraft.water_bucket":1,"stat.craftItem.securitycraft.keypad_frame":1,"stat.pickup.minecraft.reeds":7,"stat.pickup.minecraft.prismarine_crystals":1,"tombstone:undead_killed":39,"stat.pickup.minecraft.oak_stairs":29,"stat.damageDealt":17583,"stat.craftItem.minecraft.glass":126,"stat.sleepInBed":11,"stat.pickup.twilightforest.twilight_log":2,"stat.killEntity.Cow":3,"stat.mineBlock.twilightforest.root":2,"stat.useItem.minecraft.air":746,"stat.craftItem.minecraft.stone_shovel":1,"stat.craftItem.securitycraft.universal_block_reinforcer_lvl1":1,"stat.walkOneCm":1344600,"stat.pickup.dynamictrees.birchseed":21,"stat.pickup.minecraft.stick":169,"stat.killEntity.betteranimalsplus.feralwolf":3,"stat.pickup.zawa.coin":1,"stat.useItem.tombstone.gift":2,"stat.pickup.wolfarmor.diamond_wolf_armor":2,"stat.pickup.minecraft.stone":22,"stat.pickup.minecraft.baked_potato":6,"stat.pickup.minecraft.ender_pearl":4,"stat.pickup.minecraft.ladder":3,"stat.pickup.minecraft.cooked_beef":3,"stat.killEntity.Skeleton":12,"stat.drop.minecraft.deadbush":3,"stat.mineBlock.minecraft.stonebrick":8,"stat.killEntity.twilightforest.winter_wolf":1,"stat.killEntity.Spider":1,"stat.pickup.minecraft.bread":124,"stat.mobKills":85,"stat.mineBlock.minecraft.bookshelf":1,"stat.craftItem.minecraft.shears":1,"stat.craftItem.minecraft.fence":30,"stat.pickup.securitycraft.reinforced_stone_button":8,"stat.drop.minecraft.written_book":3,"stat.pickup.minecraft.water_bucket":1,"stat.pickup.minecraft.diamond":6,"stat.mineBlock.minecraft.leaves":16,"stat.pickup.minecraft.torch":90,"stat.pickup.minecraft.spruce_stairs":1,"stat.pickup.twilightforest.twilight_oak_fence":1,"stat.killEntity.twilightforest.wild_boar":3,"stat.mineBlock.minecraft.stone":476}