{"stat.useItem.minecraft.bow":2,"stat.pickup.minecraft.bone":4,"stat.pickup.minecraft.wooden_slab":3,"stat.useItem.terraqueous.sapling":5,"stat.useItem.minecraft.iron_axe":186,"stat.leaveGame":4,"stat.mineBlock.minecraft.cobblestone":71,"stat.pickup.betteranimalsplus.goose_egg":9,"stat.pickup.tombstone.familiar_stone":1,"stat.useItem.minecraft.diamond_sword":2,"stat.pickup.terraqueous.sapling":6,"stat.pickup.terraqueous.doodads":4,"stat.swimOneCm":27303,"stat.pickup.zawa.worm":5,"stat.climbOneCm":737,"stat.useItem.minecraft.planks":671,"stat.pickup.minecraft.glass":77,"stat.useItem.minecraft.dirt":98,"stat.pickup.minecraft.bow":1,"stat.pickup.zawa.bird_meat":1,"stat.drop.minecraft.iron_sword":1,"stat.useItem.minecraft.water_bucket":9,"stat.pickup.minecraft.rotten_flesh":7,"stat.pickup.minecraft.sand":178,"stat.craftItem.minecraft.stone_axe":1,"stat.craftItem.minecraft.cooked_beef":9,"stat.pickup.minecraft.cobblestone":147,"stat.mineBlock.minecraft.wooden_slab":3,"stat.useItem.minecraft.stone_shovel":132,"stat.mineBlock.chisel.limestone2":1,"stat.flyOneCm":865361,"stat.mineBlock.minecraft.sand":162,"stat.craftItem.minecraft.wooden_slab":6,"stat.craftItem.minecraft.wooden_hoe":1,"stat.pickup.minecraft.redstone":57,"stat.mineBlock.minecraft.iron_ore":1,"stat.timeSinceDeath":66485,"stat.drop.minecraft.diamond":1,"stat.useItem.minecraft.iron_pickaxe":162,"stat.useItem.minecraft.wooden_slab":5,"stat.pickup.minecraft.mutton":6,"stat.pickup.minecraft.double_plant":1,"stat.craftItem.minecraft.bed":2,"stat.useItem.zawa.bird_meat":1,"stat.trappedChestTriggered":1,"stat.mineBlock.chisel.marble2":2,"stat.useItem.minecraft.oak_stairs":92,"stat.furnaceInteraction":30,"stat.drop.minecraft.dirt":7,"stat.drop.terraqueous.colorizer":1,"stat.mineBlock.minecraft.coal_ore":14,"stat.killEntity.Creeper":2,"stat.pickup.minecraft.shield":2,"stat.pickup.minecraft.string":2,"stat.mineBlock.minecraft.grass":156,"stat.pickup.minecraft.beef":9,"stat.pickup.minecraft.furnace":2,"stat.drop.minecraft.oak_stairs":7,"stat.sprintOneCm":357511,"stat.useItem.minecraft.fence":28,"stat.pickup.tombstone.magic_scroll":2,"stat.useItem.minecraft.flint_and_steel":1,"stat.useItem.minecraft.wheat_seeds":16,"stat.mineBlock.minecraft.crafting_table":2,"stat.useItem.minecraft.wooden_shovel":59,"stat.pickup.minecraft.saddle":2,"stat.pickup.dynamictrees.oakseed":97,"stat.pickup.terraqueous.trunk2":22,"stat.mineBlock.minecraft.oak_stairs":14,"stat.mineBlock.minecraft.planks":91,"stat.deaths":2,"stat.drop":44,"stat.playOneMinute":169053,"stat.craftItem.minecraft.wooden_shovel":1,"stat.drop.minecraft.string":2,"stat.killEntity.Sheep":4,"stat.drop.terraqueous.item_main":4,"stat.killEntity.Zombie":1,"stat.pickup.zawa.care_guide":1,"stat.pickup.minecraft.snowball":17,"stat.craftItem.minecraft.dye":2,"stat.pickup.chisel.marble2":2,"stat.mineBlock.minecraft.tallgrass":139,"stat.mineBlock.terraqueous.foliage3":89,"stat.diveOneCm":5689,"stat.mineBlock.terraqueous.foliage2":1,"stat.chestOpened":48,"stat.killEntity.betteranimalsplus.goose":2,"stat.useItem.minecraft.stone":4,"stat.pickup.minecraft.iron_sword":1,"stat.pickup.minecraft.arrow":6,"stat.useItem.minecraft.apple":1,"stat.pickup.minecraft.diamond_sword":3,"stat.useItem.minecraft.sand":17,"stat.jump":2079,"stat.craftItem.terraqueous.doodads":4,"stat.useItem.minecraft.wooden_hoe":18,"stat.pickup.minecraft.coal":73,"stat.fallOneCm":45194,"stat.useItem.minecraft.stone_axe":15,"stat.pickup.minecraft.gunpowder":2,"stat.crouchOneCm":24411,"stat.mineBlock.minecraft.chest":2,"stat.craftItem.minecraft.chest":1,"stat.craftItem.minecraft.torch":4,"stat.pickup.minecraft.dirt":373,"stat.craftingTableInteraction":21,"stat.pickup.minecraft.iron_ore":1,"stat.useItem.minecraft.glass":104,"stat.mineBlock.minecraft.lapis_ore":6,"stat.drop.zawa.worm":3,"stat.useItem.chisel.marble2":1,"stat.damageTaken":1595,"stat.pickup.minecraft.leather":8,"stat.mineBlock.minecraft.furnace":2,"stat.mineBlock.minecraft.torch":2,"stat.useItem.minecraft.reeds":24,"stat.pickup.minecraft.dye":35,"stat.pickup.minecraft.planks":91,"stat.pickup.minecraft.reeds":7,"stat.pickup.chisel.limestone2":1,"tombstone:undead_killed":4,"stat.pickup.minecraft.wheat_seeds":19,"stat.pickup.minecraft.oak_stairs":27,"stat.mineBlock.minecraft.glass":35,"stat.damageDealt":2066,"stat.craftItem.minecraft.glass":126,"stat.sleepInBed":5,"stat.craftItem.minecraft.oak_stairs":88,"stat.killEntity.Cow":3,"stat.mineBlock.minecraft.dirt":38,"stat.drop.minecraft.stick":10,"stat.useItem.minecraft.air":642,"stat.craftItem.minecraft.stone_shovel":1,"stat.walkOneCm":538102,"stat.useItem.minecraft.bread":26,"stat.useItem.minecraft.torch":15,"stat.pickup.minecraft.stick":144,"stat.drop.minecraft.rotten_flesh":1,"stat.pickup.terraqueous.multifood":18,"stat.useItem.minecraft.log":103,"stat.pickup.minecraft.crafting_table":2,"stat.useItem.minecraft.cobblestone":70,"stat.mineBlock.minecraft.double_plant":5,"stat.useItem.dynamictrees.oakseed":31,"stat.pickup.terraqueous.item_main":177,"stat.pickup.minecraft.log":247,"stat.pickup.wolfarmor.diamond_wolf_armor":2,"stat.pickup.minecraft.stone":13,"stat.pickup.minecraft.wooden_door":6,"stat.pickup.minecraft.apple":1,"stat.killEntity.Skeleton":3,"stat.drop.dynamictrees.oakseed":6,"stat.craftItem.minecraft.planks":720,"stat.useItem.minecraft.iron_sword":26,"stat.pickup.minecraft.bread":124,"stat.useItem.betteranimalsplus.goose_egg":9,"stat.mobKills":17,"stat.craftItem.minecraft.wooden_door":3,"stat.mineBlock.minecraft.log":53,"stat.craftItem.minecraft.fence":30,"stat.mineBlock.terraqueous.trunk2":23,"stat.useItem.minecraft.wooden_door":5,"stat.pickup.minecraft.diamond":6,"stat.pickup.minecraft.torch":17,"stat.sneakTime":9459,"stat.pickup.minecraft.wool":4,"stat.pickup.terraqueous.colorizer":3,"stat.drop.minecraft.grass":1,"stat.mineBlock.minecraft.stone":50,"stat.pickup.minecraft.chest":2}