{"stat.pickup.betteranimalsplus.antler":4,"stat.leaveGame":4,"stat.useItem.minecraft.bookshelf":13,"stat.craftItem.minecraft.iron_axe":1,"stat.pickup.tombstone.familiar_stone":1,"stat.useItem.zawa.bird_meat_cooked":2,"stat.useItem.zawa.rat_cooked":1,"stat.pickup.zawa.worm":9,"stat.craftItem.zawa.bush_meat_cooked":2,"stat.useItem.minecraft.planks":54,"stat.craftItem.minecraft.shield":2,"stat.pickup.minecraft.porkchop":54,"stat.pickup.minecraft.rotten_flesh":52,"stat.pickup.zawa.pangolin_scale":3,"stat.pickup.minecraft.sand":53,"stat.craftItem.minecraft.golden_apple":2,"stat.craftItem.minecraft.stone_axe":1,"stat.killEntity.Enderman":1,"stat.craftItem.minecraft.stone_sword":1,"stat.pickup.minecraft.brown_mushroom":2,"stat.mineBlock.minecraft.sand":43,"stat.pickup.securitycraft.universal_block_remover":2,"stat.useItem.minecraft.iron_pickaxe":1261,"stat.craftItem.minecraft.wooden_pickaxe":2,"stat.craftItem.minecraft.iron_door":3,"stat.craftItem.minecraft.birch_door":3,"stat.craftItem.minecraft.bed":1,"stat.trappedChestTriggered":3,"stat.craftItem.minecraft.glass_pane":16,"stat.mineBlock.chisel.marble2":33,"stat.mineBlock.minecraft.vine":4,"stat.furnaceInteraction":115,"stat.pickup.minecraft.beef":3,"stat.pickup.minecraft.furnace":2,"stat.useItem.minecraft.cooked_mutton":6,"stat.pickup.zawa.large_meat_raw":3,"stat.craftItem.zawa.bird_meat_cooked":2,"stat.pickup.minecraft.iron_chestplate":4,"stat.useItem.minecraft.stone_stairs":21,"stat.pickup.tombstone.magic_scroll":4,"stat.pickup.mca.rose_gold_ore":67,"stat.pickup.tombstone.gift":1,"stat.pickup.minecraft.stone_stairs":11,"stat.killEntity.betteranimalsplus.zotzpyre":1,"stat.craftItem.securitycraft.laser_block":1,"stat.pickup.minecraft.emerald":14,"stat.pickup.securitycraft.universal_block_reinforcer_lvl1":2,"stat.pickup.dynamictrees.oakseed":13,"stat.craftItem.minecraft.heavy_weighted_pressure_plate":1,"stat.deaths":12,"stat.pickup.zawa.fur":4,"stat.drop.securitycraft.keypad_item":1,"stat.playOneMinute":508309,"stat.craftItem.minecraft.wooden_shovel":1,"stat.pickup.minecraft.birch_door":2,"stat.pickup.mca.baby_girl":1,"stat.craftItem.minecraft.iron_pickaxe":6,"stat.craftItem.securitycraft.keypad_item":1,"stat.pickup.zawa.care_guide":1,"stat.pickup.minecraft.iron_bars":9,"stat.pickup.chisel.marble2":33,"stat.mineBlock.minecraft.tallgrass":31,"stat.craftItem.minecraft.cooked_mutton":6,"stat.chestOpened":247,"stat.pickup.minecraft.pumpkin":4,"stat.killEntity.betteranimalsplus.goose":1,"stat.useItem.minecraft.stone":26,"stat.craftItem.mca.engagement_ring":1,"stat.pickup.minecraft.arrow":86,"stat.pickup.securitycraft.keypad_frame":1,"stat.pickup.securitycraft.door_indestructible_iron_item":3,"stat.drop.minecraft.iron_pickaxe":1,"stat.fallOneCm":85620,"stat.pickup.chisel.basalt2":14,"stat.pickup.minecraft.carrot":37,"stat.drop.minecraft.stone_sword":1,"stat.crouchOneCm":116394,"stat.mineBlock.minecraft.chest":2,"stat.craftItem.minecraft.chest":4,"stat.craftItem.minecraft.iron_ingot":138,"stat.pickup.minecraft.red_mushroom":2,"stat.craftingTableInteraction":93,"stat.useItem.securitycraft.reinforced_stone_button":1,"stat.pickup.minecraft.feather":3,"stat.useItem.minecraft.furnace":2,"stat.useItem.minecraft.reeds":25,"stat.craftItem.mca.rose_gold_ingot":34,"stat.pickup.minecraft.dye":301,"stat.pickup.minecraft.planks":40,"stat.pickup.minecraft.iron_leggings":2,"stat.pickup.chisel.limestone2":34,"stat.pickup.minecraft.wheat_seeds":77,"stat.mineBlock.minecraft.gravel":13,"stat.useItem.minecraft.stone_pickaxe":508,"stat.useItem.minecraft.stone_sword":204,"stat.craftItem.minecraft.iron_leggings":2,"stat.pickup.zawa.bush_meat_raw":6,"stat.pickup.zawa.dried_bamboo":2,"stat.mineBlock.minecraft.dirt":114,"stat.craftItem.minecraft.leather":8,"stat.useItem.minecraft.iron_bars":8,"stat.drop.minecraft.iron_axe":2,"stat.mineBlock.minecraft.monster_egg":21,"stat.useItem.minecraft.torch":1,"stat.craftItem.minecraft.redstone_block":1,"stat.craftItem.minecraft.stone_stairs":12,"stat.pickup.minecraft.crafting_table":2,"stat.useItem.minecraft.cobblestone":800,"stat.craftItem.minecraft.crafting_table":3,"stat.mineBlock.minecraft.double_plant":3,"stat.killEntity.betteranimalsplus.horseshoecrab":1,"stat.mineBlock.minecraft.emerald_ore":4,"stat.pickup.minecraft.log":125,"stat.useItem.zawa.bush_meat_cooked":2,"stat.pickup.minecraft.iron_pickaxe":1,"stat.craftItem.zawa.large_meat_cooked":3,"stat.craftItem.minecraft.stone_button":9,"stat.craftItem.minecraft.gold_ingot":61,"stat.pickup.minecraft.apple":4,"stat.useItem.minecraft.glass_pane":6,"stat.mineBlock.minecraft.iron_block":2,"stat.useItem.minecraft.birch_door":2,"stat.craftItem.securitycraft.door_indestructible_iron_item":1,"stat.craftItem.minecraft.planks":344,"stat.useItem.minecraft.iron_sword":250,"stat.itemEnchanted":3,"stat.pickup.minecraft.diamond_helmet":4,"stat.useItem.securitycraft.universal_block_remover":8,"stat.pickup.minecraft.book":38,"stat.pickup.minecraft.red_flower":2,"stat.sneakTime":35639,"stat.pickup.minecraft.wool":16,"stat.useItem.minecraft.baked_potato":16,"stat.killEntity.betteranimalsplus.badger":1,"stat.pickup.minecraft.yellow_flower":1,"stat.pickup.minecraft.chest":2,"stat.craftItem.minecraft.enchanting_table":1,"stat.pickup.minecraft.bone":75,"stat.useItem.minecraft.iron_axe":17,"stat.mineBlock.minecraft.cobblestone":150,"stat.mineBlock.minecraft.pumpkin":2,"stat.pickup.minecraft.stone_pickaxe":2,"stat.pickup.minecraft.flint":1,"stat.craftItem.tombstone.grave_key":8,"stat.useItem.minecraft.diamond_sword":851,"stat.swimOneCm":208656,"stat.climbOneCm":3906,"stat.pickup.minecraft.enchanted_book":1,"stat.drop.minecraft.cobblestone":1,"stat.pickup.minecraft.cooked_porkchop":3,"stat.useItem.minecraft.dirt":111,"stat.pickup.minecraft.bow":5,"stat.pickup.minecraft.iron_boots":4,"stat.pickup.zawa.bird_meat":2,"stat.craftItem.minecraft.furnace":5,"stat.pickup.minecraft.enchanting_table":2,"stat.craftItem.minecraft.iron_boots":1,"stat.pickup.minecraft.anvil":2,"stat.craftItem.zawa.rat_cooked":1,"stat.mineBlock.zawa.dried_bamboo":2,"stat.craftItem.minecraft.stone_pickaxe":5,"stat.craftItem.minecraft.cooked_beef":3,"stat.mineBlock.minecraft.obsidian":11,"stat.pickup.minecraft.cobblestone":2018,"stat.mineBlock.chisel.limestone2":31,"stat.flyOneCm":564803,"stat.killEntity.betteranimalsplus.deer":1,"stat.useItem.minecraft.cooked_beef":3,"stat.pickup.minecraft.redstone":672,"stat.mineBlock.minecraft.iron_ore":165,"stat.craftItem.minecraft.book":13,"stat.timeSinceDeath":41797,"stat.pickup.securitycraft.keypad_item":2,"stat.pickup.minecraft.mutton":22,"stat.killEntity.Bat":3,"stat.craftItem.minecraft.stonebrick":4,"stat.pickup.securitycraft.keypad":3,"stat.pickup.minecraft.stonebrick":6,"stat.mineBlock.minecraft.enchanting_table":2,"stat.useItem.minecraft.cooked_porkchop":22,"stat.mineBlock.minecraft.coal_ore":157,"stat.pickup.minecraft.shield":1,"stat.killEntity.Creeper":1,"stat.talkedToVillager":103,"stat.pickup.minecraft.string":6,"stat.mineBlock.minecraft.grass":46,"stat.pickup.tombstone.crafting_ingredient":8,"stat.entityKilledBy.Skeleton":1,"stat.sprintOneCm":503348,"stat.pickup.minecraft.paper":21,"stat.killEntity.betteranimalsplus.pheasant":2,"stat.craftItem.minecraft.stick":24,"stat.craftItem.minecraft.stone":45,"stat.craftItem.minecraft.gold_nugget":27,"stat.mineBlock.minecraft.diamond_ore":9,"stat.craftItem.globalxp.xp_block":2,"stat.mineBlock.minecraft.crafting_table":2,"stat.useItem.minecraft.diamond_pickaxe":1013,"stat.useItem.minecraft.carrot":27,"stat.useItem.minecraft.wooden_shovel":59,"stat.mineBlock.minecraft.planks":14,"stat.drop":9,"stat.killEntity.Sheep":16,"stat.drop.tombstone.grave_key":1,"stat.pickup.tombstone.grave_key":1,"stat.craftItem.minecraft.emerald":2,"stat.craftItem.minecraft.diamond_pickaxe":1,"stat.pickup.minecraft.iron_block":4,"stat.killEntity.Zombie":36,"stat.mineBlock.minecraft.gold_ore":71,"stat.diveOneCm":134862,"stat.pickup.minecraft.wheat":18,"stat.pickup.minecraft.gravel":30,"stat.craftItem.minecraft.cooked_porkchop":34,"stat.mineBlock.minecraft.anvil":1,"stat.pickup.minecraft.obsidian":9,"stat.pickup.minecraft.stone_brick_stairs":2,"stat.pickup.minecraft.diamond_sword":3,"stat.jump":5511,"stat.useItem.minecraft.sand":33,"stat.pickup.minecraft.coal":214,"stat.pickup.minecraft.iron_helmet":1,"stat.pickup.minecraft.iron_ingot":2,"stat.useItem.minecraft.stone_axe":1,"stat.drop.minecraft.diamond_sword":1,"stat.pickup.minecraft.gunpowder":4,"stat.pickup.minecraft.spider_eye":3,"stat.pickup.minecraft.dirt":194,"stat.craftItem.minecraft.iron_helmet":1,"stat.pickup.minecraft.diamond_ore":3,"stat.pickup.minecraft.iron_ore":189,"stat.useItem.minecraft.glass":5,"stat.mineBlock.mca.rose_gold_ore":59,"stat.pickup.minecraft.gold_ore":77,"stat.mineBlock.minecraft.iron_bars":11,"stat.mineBlock.minecraft.lapis_ore":28,"stat.killEntity.camocreepers:CamoCreeper":2,"stat.pickup.minecraft.iron_axe":3,"stat.mineBlock.minecraft.glass_pane":6,"stat.mineBlock.minecraft.stone_stairs":11,"stat.damageTaken":7797,"stat.pickup.minecraft.leather":5,"stat.craftItem.minecraft.iron_bars":16,"stat.mineBlock.minecraft.torch":24,"stat.mineBlock.minecraft.furnace":2,"stat.mineBlock.minecraft.red_flower":3,"stat.useItem.minecraft.wooden_pickaxe":101,"stat.tradedWithVillager":2,"stat.pickup.minecraft.reeds":29,"stat.pickup.minecraft.bed":6,"tombstone:undead_killed":75,"stat.useItem.tombstone.grave_key":17,"stat.entityKilledBy.Zombie":2,"stat.damageDealt":37831,"stat.craftItem.minecraft.glass":14,"stat.sleepInBed":5,"stat.killEntity.Silverfish":144,"stat.killEntity.Cow":3,"stat.useItem.minecraft.crafting_table":1,"stat.killEntity.Pig":18,"stat.craftItem.minecraft.iron_sword":3,"stat.pickup.zawa.rat_raw":1,"stat.useItem.minecraft.air":89,"stat.craftItem.securitycraft.universal_block_reinforcer_lvl1":1,"stat.walkOneCm":1879386,"stat.useItem.minecraft.chest":1,"stat.pickup.dynamictrees.birchseed":5,"stat.pickup.minecraft.stick":28,"stat.pickup.minecraft.diamond_pickaxe":2,"stat.mineBlock.chisel.basalt2":23,"stat.pickup.betteranimalsplus.pheasant_egg":1,"stat.pickup.minecraft.tnt":16,"stat.useItem.tombstone.gift":2,"stat.pickup.minecraft.stone":288,"stat.craftItem.minecraft.iron_chestplate":1,"stat.pickup.minecraft.baked_potato":16,"stat.pickup.betteranimalsplus.pheasantraw":5,"stat.pickup.minecraft.ender_pearl":2,"stat.useItem.zawa.large_meat_cooked":3,"stat.drop.mca.baby_girl":1,"stat.pickup.minecraft.cooked_beef":1,"stat.killEntity.Skeleton":39,"stat.mineBlock.minecraft.tnt":16,"stat.craftItem.minecraft.bookshelf":21,"stat.mineBlock.minecraft.stonebrick":7,"stat.killEntity.Spider":6,"stat.mobKills":302,"stat.mineBlock.minecraft.bookshelf":6,"stat.pickup.securitycraft.reinforced_stone_button":10,"stat.pickup.minecraft.diamond":17,"stat.pickup.minecraft.torch":34,"stat.mineBlock.minecraft.redstone_ore":1,"stat.mineBlock.zawa.peach_flower":1,"stat.mineBlock.minecraft.stone":1932}