{"stat.useItem.minecraft.painting":21,"stat.leaveGame":10,"stat.pickup.betteranimalsplus.goose_egg":10,"stat.pickup.tombstone.familiar_stone":3,"stat.useItem.zawa.bird_meat_cooked":2,"stat.pickup.zawa.worm":26,"stat.craftItem.minecraft.shield":2,"stat.pickup.minecraft.leaves2":3,"stat.drop.minecraft.iron_sword":2,"stat.pickup.minecraft.rotten_flesh":190,"stat.pickup.zawa.pangolin_scale":3,"stat.craftItem.minecraft.stone_axe":1,"stat.killEntity.Enderman":4,"stat.pickup.zawa.reptile_hide":2,"stat.pickup.minecraft.brown_mushroom":5,"stat.killEntity.Witch":2,"stat.pickup.chisel.chisel_iron":2,"stat.pickup.securitycraft.universal_block_remover":4,"stat.useItem.minecraft.iron_pickaxe":1793,"stat.craftItem.minecraft.wooden_pickaxe":2,"stat.craftItem.minecraft.iron_door":3,"stat.pickup.minecraft.double_plant":20,"stat.pickup.dynamictrees.darkoakseed":13,"stat.craftItem.minecraft.bed":3,"stat.craftItem.minecraft.glass_pane":16,"stat.mineBlock.chisel.marble2":37,"stat.mineBlock.minecraft.vine":8,"stat.furnaceInteraction":329,"stat.killEntity.ZombieVillager":4,"stat.pickup.minecraft.beef":3,"stat.pickup.zawa.large_meat_raw":3,"stat.craftItem.zawa.bird_meat_cooked":2,"stat.pickup.minecraft.cauldron":1,"stat.useItem.minecraft.trapdoor":3,"stat.useItem.minecraft.fence":232,"stat.pickup.mca.rose_gold_ore":75,"stat.pickup.tombstone.gift":1,"stat.pickup.securitycraft.reinforced_planks":3,"stat.mineBlock.minecraft.fence":10,"stat.pickup.tombstone.scroll_buff":3,"stat.killEntity.betteranimalsplus.zotzpyre":2,"stat.craftItem.securitycraft.laser_block":2,"stat.pickup.minecraft.emerald":17,"stat.pickup.securitycraft.universal_block_reinforcer_lvl1":7,"stat.pickup.dynamictrees.oakseed":211,"stat.useItem.minecraft.dye":39,"stat.craftItem.minecraft.dark_oak_boat":1,"stat.deaths":21,"stat.pickup.zawa.fur":10,"stat.drop.securitycraft.keypad_item":1,"stat.pickup.minecraft.egg":4,"stat.craftItem.minecraft.wooden_shovel":1,"stat.pickup.mca.baby_girl":1,"stat.craftItem.minecraft.iron_pickaxe":11,"stat.pickup.minecraft.glass_pane":2,"stat.craftItem.craftingstation.crafting_station":2,"stat.pickup.zawa.care_guide":1,"stat.pickup.chisel.marble2":68,"stat.mineBlock.minecraft.tallgrass":83,"stat.craftItem.minecraft.cooked_mutton":22,"stat.chestOpened":391,"stat.killEntity.betteranimalsplus.goose":1,"stat.useItem.minecraft.stone":29,"stat.pickup.minecraft.arrow":185,"stat.pickup.securitycraft.keypad_frame":1,"stat.pickup.minecraft.iron_sword":3,"stat.useItem.minecraft.grass":133,"stat.mineBlock.chisel.ironpane":5,"stat.pickup.minecraft.gold_nugget":38,"stat.craftItem.chisel.futura":8,"stat.drop.minecraft.iron_pickaxe":2,"stat.pickup.zawa.tiger_fur":1,"stat.pickup.chisel.basalt2":16,"stat.pickup.minecraft.carrot":125,"stat.drop.minecraft.stone_sword":1,"stat.useItem.tombstone.tablet_of_cupidity":1,"stat.crouchOneCm":302651,"stat.mineBlock.minecraft.chest":2,"stat.craftItem.minecraft.diamond":2,"stat.craftItem.minecraft.iron_ingot":225,"stat.pickup.minecraft.painting":43,"stat.pickup.craftingstation.crafting_station":2,"stat.craftingTableInteraction":208,"stat.pickup.securitycraft.keypad_chest":15,"stat.useItem.minecraft.reeds":28,"stat.pickup.minecraft.dye":647,"stat.pickup.minecraft.planks":179,"stat.pickup.chisel.limestone2":70,"stat.pickup.minecraft.wheat_seeds":178,"stat.pickup.zawa.bush_meat_raw":15,"stat.drop.tombstone.voodoo_poppet":1,"stat.mineBlock.minecraft.dirt":958,"stat.pickup.tombstone.voodoo_poppet":1,"stat.pickup.securitycraft.reinforced_glass_block":2,"stat.pickup.minecraft.brewing_stand":1,"stat.useItem.minecraft.cobblestone":1124,"stat.useItem.minecraft.gravel":3,"stat.mineBlock.minecraft.double_plant":38,"stat.mineBlock.chisel.futura":2,"stat.killEntity.betteranimalsplus.horseshoecrab":1,"stat.useItem.dynamictrees.oakseed":51,"stat.pickup.securitycraft.reinforced_stone":25,"stat.craftItem.zawa.bullet_rifle":9,"stat.pickup.minecraft.iron_pickaxe":2,"stat.mineBlock.globalxp.xp_block":1,"stat.craftItem.minecraft.gold_ingot":69,"stat.pickup.minecraft.chicken":2,"stat.craftItem.chisel.chisel_iron":1,"stat.pickup.minecraft.apple":7,"stat.useItem.minecraft.glass_pane":6,"stat.craftItem.securitycraft.door_indestructible_iron_item":3,"stat.mineBlock.twilightforest.firefly":1,"stat.craftItem.minecraft.planks":1468,"stat.useItem.minecraft.iron_sword":1473,"stat.itemEnchanted":3,"stat.useItem.securitycraft.universal_block_remover":74,"stat.useItem.betteranimalsplus.goose_egg":4,"stat.pickup.minecraft.book":120,"stat.useItem.minecraft.stonebrick":874,"stat.mineBlock.minecraft.log":10,"stat.useItem.minecraft.wooden_door":1,"stat.pickup.minecraft.iron_door":2,"stat.pickup.minecraft.red_flower":2,"stat.pickup.tombstone.dust_of_vanishing":1,"stat.pickup.minecraft.wool":33,"stat.killEntity.betteranimalsplus.badger":1,"stat.craftItem.minecraft.diamond_leggings":1,"stat.pickup.minecraft.bookshelf":8,"stat.useItem.minecraft.iron_axe":383,"stat.mineBlock.minecraft.cobblestone":219,"stat.mineBlock.minecraft.pumpkin":2,"stat.pickup.minecraft.stone_pickaxe":2,"stat.pickup.minecraft.flint":12,"stat.mineBlock.minecraft.yellow_flower":1,"stat.craftItem.tombstone.grave_key":16,"stat.entityKilledBy.Witch":1,"stat.pickup.minecraft.enchanted_book":15,"stat.drop.minecraft.cobblestone":1,"stat.pickup.minecraft.cooked_porkchop":7,"stat.pickup.minecraft.bow":8,"stat.mineBlock.twilightforest.dark_leaves":11,"stat.pickup.minecraft.iron_boots":6,"stat.craftItem.minecraft.furnace":36,"stat.useItem.minecraft.egg":4,"stat.craftItem.minecraft.iron_boots":3,"stat.craftItem.zawa.rat_cooked":1,"stat.craftItem.minecraft.cooked_beef":3,"stat.mineBlock.minecraft.obsidian":16,"stat.pickup.minecraft.iron_trapdoor":1,"stat.flyOneCm":2427461,"stat.killEntity.betteranimalsplus.deer":1,"stat.pickup.mowziesmobs.glowing_jelly":1,"stat.timeSinceDeath":45893,"stat.useItem.minecraft.iron_door":1,"stat.killEntity.Bat":3,"stat.killEntity.twilightforest.helmet_crab":1,"stat.craftItem.minecraft.stonebrick":1104,"stat.pickup.securitycraft.keypad":5,"stat.mineBlock.minecraft.enchanting_table":2,"stat.mineBlock.minecraft.coal_ore":480,"stat.pickup.minecraft.shield":1,"stat.killEntity.Creeper":8,"stat.talkedToVillager":143,"stat.pickup.minecraft.string":34,"stat.mineBlock.minecraft.ladder":1,"stat.mineBlock.zawa.kelp":4,"stat.killEntity.twilightforest.mist_wolf":1,"stat.pickup.tombstone.crafting_ingredient":34,"stat.entityKilledBy.Skeleton":1,"stat.pickup.zawa.reptile_meat_raw":8,"stat.sprintOneCm":1791773,"stat.useItem.minecraft.diamond_shovel":1460,"stat.killEntity.betteranimalsplus.pheasant":2,"stat.pickup.securitycraft.reinforced_stairs_stone_brick":1,"stat.mineBlock.minecraft.diamond_ore":24,"stat.useItem.betteranimalsplus.pheasant_egg":1,"stat.useItem.securitycraft.keypad_item":4,"tombstone:use_vanishing":1,"stat.drop.tombstone.grave_key":1,"stat.pickup.tombstone.grave_key":1,"stat.useItem.minecraft.ladder":14,"stat.craftItem.minecraft.emerald":2,"stat.pickup.minecraft.iron_block":4,"stat.killEntity.Zombie":117,"stat.craftItem.minecraft.dye":216,"stat.mineBlock.minecraft.gold_ore":81,"stat.diveOneCm":306166,"stat.pickup.minecraft.wheat":62,"stat.mineBlock.minecraft.mossy_cobblestone":7,"stat.craftItem.minecraft.ladder":21,"stat.mineBlock.minecraft.stone_button":1,"stat.craftItem.minecraft.cooked_porkchop":34,"stat.pickup.minecraft.obsidian":19,"stat.craftItem.minecraft.diamond_sword":1,"stat.jump":19049,"stat.useItem.minecraft.sand":74,"stat.pickup.minecraft.coal":1259,"stat.pickup.minecraft.iron_ingot":66,"stat.useItem.minecraft.dark_oak_boat":1,"stat.craftItem.minecraft.lever":2,"stat.drop.minecraft.diamond_sword":3,"stat.pickup.minecraft.gunpowder":23,"stat.pickup.minecraft.dirt":1024,"stat.useItem.minecraft.glass":5,"stat.pickup.minecraft.gold_ore":81,"stat.mineBlock.minecraft.lapis_ore":54,"stat.killEntity.camocreepers:CamoCreeper":5,"stat.pickup.minecraft.iron_axe":6,"stat.mineBlock.minecraft.glass_pane":6,"tombstone:sneak_grave":4,"stat.brewingstandInteraction":1,"stat.damageTaken":19303,"stat.useItem.minecraft.stone_brick_stairs":51,"stat.mineBlock.minecraft.torch":49,"stat.mineBlock.minecraft.red_flower":3,"stat.pickup.minecraft.written_book":9,"stat.tradedWithVillager":2,"stat.craftItem.betteranimalsplus.pheasantcooked":5,"stat.pickup.minecraft.log2":59,"stat.pickup.minecraft.bed":10,"stat.pickup.minecraft.potato":126,"stat.entityKilledBy.Zombie":3,"stat.killEntity.Silverfish":171,"stat.mineBlock.twilightforest.root":1,"stat.useItem.minecraft.air":381,"stat.craftItem.securitycraft.universal_block_reinforcer_lvl1":2,"stat.useItem.minecraft.chest":3,"stat.pickup.minecraft.diamond_pickaxe":2,"stat.pickup.securitycraft.reinforced_ladder":3,"stat.pickup.betteranimalsplus.pheasant_egg":3,"stat.useItem.securitycraft.reinforced_stone_brick":8,"stat.useItem.tombstone.gift":2,"stat.craftItem.minecraft.iron_chestplate":3,"stat.pickup.minecraft.baked_potato":210,"stat.killEntity.if_troll":1,"stat.craftItem.mca.rose_gold_block":10,"stat.pickup.minecraft.ender_pearl":3,"stat.useItem.zawa.large_meat_cooked":3,"stat.drop.mca.baby_girl":1,"stat.pickup.minecraft.cooked_beef":1,"stat.pickup.minecraft.ladder":19,"stat.killEntity.Stray":1,"stat.mineBlock.minecraft.tnt":17,"stat.craftItem.minecraft.bookshelf":37,"stat.mineBlock.minecraft.stonebrick":130,"stat.killEntity.twilightforest.bighorn_sheep":1,"stat.mobKills":553,"stat.mineBlock.minecraft.bookshelf":32,"stat.craftItem.minecraft.shears":1,"stat.pickup.securitycraft.reinforced_stone_button":79,"stat.pickup.minecraft.diamond":33,"stat.pickup.minecraft.beetroot_seeds":22,"stat.pickup.minecraft.torch":87,"stat.drop.minecraft.diamond_shovel":1,"stat.mineBlock.zawa.peach_flower":1,"stat.pickup.betteranimalsplus.antler":4,"stat.useItem.minecraft.bookshelf":24,"stat.craftItem.minecraft.iron_axe":3,"stat.mineBlock.twilightforest.twilight_plant":20,"stat.useItem.zawa.rat_cooked":1,"stat.craftItem.zawa.bush_meat_cooked":2,"stat.useItem.minecraft.planks":431,"stat.useItem.tombstone.familiar_stone":8,"stat.pickup.minecraft.porkchop":59,"stat.pickup.betteranimalsplus.wolf_pelt_snowy":1,"stat.pickup.securitycraft.reinforced_iron_trapdoor":2,"stat.mineBlock.minecraft.red_mushroom":1,"stat.mineBlock.minecraft.stone_brick_stairs":8,"stat.craftItem.iceandfire.forest_troll_leather_helmet":2,"stat.pickup.minecraft.sand":135,"stat.craftItem.minecraft.golden_apple":2,"stat.pickup.minetraps.obstacle":4,"stat.pickup.minecraft.splash_potion":1,"stat.pickup.iceandfire.troll_leather_forest":4,"stat.mineBlock.twilightforest.twilight_log":4,"stat.pickup.mca.engagement_ring":1,"stat.craftItem.minecraft.stone_sword":1,"stat.mineBlock.minecraft.sand":106,"stat.pickup.securitycraft.reinforced_cobblestone":66,"stat.killEntity.twilightforest.kobold":12,"stat.useItem.securitycraft.keypad_chest":8,"stat.useItem.securitycraft.reinforced_cobblestone":14,"stat.craftItem.securitycraft.reinforced_stone_button":24,"stat.useItem.dynamictrees.darkoakseed":9,"stat.craftItem.minecraft.birch_door":3,"stat.trappedChestTriggered":26,"stat.useItem.minecraft.oak_stairs":12,"stat.pickup.minecraft.furnace":24,"stat.useItem.minecraft.cooked_mutton":17,"stat.pickup.iceandfire.troll_tusk":2,"stat.pickup.minecraft.iron_chestplate":5,"stat.useItem.minecraft.stone_stairs":21,"stat.pickup.tombstone.magic_scroll":14,"stat.craftItem.zawa.hunting_rifle":2,"stat.pickup.minecraft.stone_stairs":12,"stat.pickup.twilightforest.arctic_fur":1,"stat.pickup.chisel.ironpane":8,"stat.craftItem.minecraft.heavy_weighted_pressure_plate":7,"stat.mineBlock.minecraft.oak_stairs":1,"stat.playOneMinute":1423388,"stat.pickup.minecraft.birch_door":3,"stat.craftItem.securitycraft.keypad_item":7,"stat.pickup.minecraft.iron_bars":45,"stat.pickup.minecraft.pumpkin":4,"stat.recordPlayed":2,"stat.craftItem.mca.engagement_ring":1,"stat.pickup.securitycraft.door_indestructible_iron_item":3,"stat.pickup.zawa.toxin_sac":2,"stat.useItem.chisel.futura":8,"stat.fallOneCm":331989,"stat.craftItem.minecraft.chest":10,"stat.pickup.minecraft.red_mushroom":6,"stat.useItem.securitycraft.reinforced_stone_button":5,"stat.pickup.chisel.futura":2,"stat.pickup.minecraft.feather":11,"stat.pickup.minecraft.record_cat":2,"stat.useItem.minecraft.furnace":42,"stat.craftItem.mca.rose_gold_ingot":63,"stat.pickup.zawa.kelp":18,"stat.pickup.minecraft.iron_leggings":3,"stat.mineBlock.minecraft.gravel":260,"stat.useItem.minecraft.stone_pickaxe":508,"stat.useItem.minecraft.stone_sword":204,"stat.craftItem.minecraft.iron_leggings":4,"stat.pickup.zawa.dried_bamboo":2,"stat.craftItem.minecraft.oak_stairs":12,"stat.craftItem.minecraft.leather":8,"stat.useItem.minecraft.iron_bars":417,"stat.drop.minecraft.iron_axe":2,"stat.mineBlock.minecraft.monster_egg":26,"stat.useItem.minecraft.torch":52,"stat.drop.minecraft.stone_brick_stairs":1,"stat.craftItem.minecraft.redstone_block":2,"stat.craftItem.minecraft.stone_stairs":12,"stat.pickup.minecraft.crafting_table":11,"stat.useItem.minecraft.log":129,"stat.craftItem.minecraft.crafting_table":9,"stat.mineBlock.minecraft.emerald_ore":5,"stat.pickup.minecraft.log":540,"stat.useItem.zawa.bush_meat_cooked":2,"stat.pickup.minecraft.compass":2,"stat.drop.minecraft.stonebrick":1,"stat.craftItem.zawa.large_meat_cooked":3,"stat.craftItem.minecraft.stone_button":75,"stat.pickup.minecraft.sapling":4,"stat.pickup.minecraft.wooden_door":3,"stat.entityKilledBy.Enderman":1,"stat.mineBlock.minecraft.iron_block":2,"stat.useItem.minecraft.birch_door":2,"stat.pickup.minecraft.beetroot":26,"stat.pickup.minecraft.diamond_helmet":5,"stat.craftItem.minecraft.cooked_chicken":2,"stat.sneakTime":78408,"stat.useItem.minecraft.baked_potato":197,"stat.pickup.minecraft.yellow_flower":8,"stat.craftItem.minetraps.obstacle":3,"stat.pickup.minecraft.chest":2,"stat.craftItem.minecraft.enchanting_table":1,"stat.craftItem.minecraft.diamond_chestplate":1,"stat.pickup.zawa.amazon_sword":1,"stat.pickup.minecraft.bone":105,"stat.horseOneCm":279654,"stat.craftItem.minecraft.stone_brick_stairs":52,"stat.useItem.minecraft.diamond_sword":1030,"stat.craftItem.minecraft.iron_trapdoor":1,"stat.swimOneCm":441069,"stat.climbOneCm":110003,"stat.useItem.minecraft.dirt":378,"stat.pickup.zawa.bird_meat":3,"stat.pickup.minecraft.enchanting_table":2,"stat.pickup.minecraft.anvil":3,"stat.mineBlock.zawa.dried_bamboo":2,"stat.craftItem.minecraft.trapdoor":4,"stat.craftItem.minecraft.stone_pickaxe":5,"stat.pickup.minecraft.cobblestone":3352,"stat.mineBlock.minecraft.carpet":12,"stat.mineBlock.chisel.limestone2":34,"stat.useItem.tombstone.scroll_buff":1,"stat.useItem.minecraft.cooked_beef":3,"stat.pickup.minecraft.redstone":1044,"stat.mineBlock.minecraft.iron_ore":474,"stat.craftItem.minecraft.book":13,"stat.pickup.securitycraft.keypad_item":2,"stat.drop.minecraft.log":1,"stat.pickup.minecraft.mutton":35,"stat.drop.minecraft.iron_bars":1,"stat.pickup.minecraft.stonebrick":277,"stat.drop.minecraft.dirt":1,"stat.useItem.minecraft.cooked_porkchop":36,"stat.pickup.minecraft.carpet":12,"stat.pickup.minecraft.diamond_shovel":1,"stat.mineBlock.minecraft.grass":388,"stat.useItem.chisel.ironpane":4,"stat.pickup.minecraft.paper":43,"stat.craftItem.minecraft.stick":96,"stat.craftItem.minecraft.stone":1168,"stat.craftItem.minecraft.gold_nugget":27,"stat.craftItem.globalxp.xp_block":2,"stat.pickup.minecraft.grass":419,"stat.mineBlock.minecraft.crafting_table":7,"stat.useItem.minecraft.diamond_pickaxe":6112,"stat.useItem.minecraft.carrot":27,"stat.useItem.minecraft.wooden_shovel":59,"stat.mineBlock.minecraft.planks":77,"stat.drop":21,"stat.pickup.minecraft.stone_button":1,"stat.killEntity.Sheep":30,"stat.craftItem.minecraft.diamond_pickaxe":2,"stat.craftItem.securitycraft.universal_block_remover":1,"stat.pickup.minecraft.gravel":304,"stat.mineBlock.minecraft.anvil":2,"stat.mineBlock.zawa.amazon_sword":2,"stat.useItem.minecraft.carpet":9,"stat.pickup.minecraft.stone_brick_stairs":14,"stat.pickup.minecraft.diamond_sword":3,"stat.pickup.minecraft.fence":25,"stat.pickup.minecraft.iron_helmet":1,"stat.useItem.minecraft.stone_axe":1,"stat.pickup.minecraft.spider_eye":9,"stat.mineBlock.craftingstation.crafting_station":2,"stat.craftItem.minecraft.iron_helmet":3,"stat.pickup.minecraft.diamond_ore":3,"stat.pickup.minecraft.iron_ore":488,"stat.mineBlock.mca.rose_gold_ore":69,"stat.boatOneCm":285204,"stat.mineBlock.minecraft.iron_bars":29,"stat.pickup.minecraft.leaves":1,"stat.mineBlock.minecraft.stone_stairs":12,"stat.pickup.minecraft.leather":7,"stat.craftItem.minecraft.iron_bars":272,"stat.mineBlock.minecraft.furnace":23,"stat.useItem.minecraft.wooden_pickaxe":101,"stat.pickup.globalxp.xp_block":1,"stat.pickup.minecraft.reeds":61,"tombstone:undead_killed":207,"stat.useItem.tombstone.grave_key":19,"stat.pickup.minecraft.oak_stairs":1,"stat.mineBlock.minetraps.obstacle":1,"stat.damageDealt":83224,"stat.craftItem.minecraft.glass":14,"stat.sleepInBed":9,"stat.craftItem.minecraft.baked_potato":146,"stat.killEntity.Cow":3,"stat.useItem.minecraft.crafting_table":1,"stat.killEntity.Pig":20,"stat.craftItem.minecraft.iron_sword":6,"stat.pickup.zawa.rat_raw":1,"stat.walkOneCm":5326256,"stat.pickup.dynamictrees.birchseed":29,"stat.pickup.minecraft.stick":414,"stat.mineBlock.minecraft.trapped_chest":3,"stat.pickup.securitycraft.reinforced_stone_brick":16,"stat.mineBlock.chisel.basalt2":73,"stat.craftItem.minecraft.diamond_boots":1,"stat.pickup.minecraft.tnt":33,"stat.pickup.minecraft.stone":1107,"stat.pickup.betteranimalsplus.pheasantraw":5,"stat.killEntity.Skeleton":85,"stat.killEntity.Chicken":2,"stat.killEntity.Spider":27,"stat.pickup.zawa.karvy":1,"stat.craftItem.minecraft.fence":234,"stat.mineBlock.minecraft.leaves":28,"stat.mineBlock.minecraft.redstone_ore":1,"stat.mineBlock.minecraft.stone":6417}