{"stat.pickup.betteranimalsplus.antler":4,"stat.leaveGame":6,"stat.useItem.minecraft.bookshelf":24,"stat.pickup.betteranimalsplus.goose_egg":2,"stat.craftItem.minecraft.iron_axe":2,"stat.pickup.tombstone.familiar_stone":1,"stat.useItem.zawa.bird_meat_cooked":2,"stat.useItem.zawa.rat_cooked":1,"stat.pickup.zawa.worm":10,"stat.craftItem.zawa.bush_meat_cooked":2,"stat.useItem.minecraft.planks":244,"stat.craftItem.minecraft.shield":2,"stat.pickup.minecraft.porkchop":54,"stat.mineBlock.minecraft.stone_brick_stairs":4,"stat.pickup.minecraft.rotten_flesh":89,"stat.pickup.zawa.pangolin_scale":3,"stat.pickup.minecraft.sand":127,"stat.craftItem.minecraft.golden_apple":2,"stat.pickup.minetraps.obstacle":1,"stat.craftItem.minecraft.stone_axe":1,"stat.killEntity.Enderman":2,"stat.craftItem.minecraft.stone_sword":1,"stat.pickup.minecraft.brown_mushroom":2,"stat.mineBlock.minecraft.sand":99,"stat.pickup.securitycraft.reinforced_cobblestone":42,"stat.killEntity.Witch":1,"stat.useItem.securitycraft.keypad_chest":2,"stat.pickup.securitycraft.universal_block_remover":2,"stat.useItem.minecraft.iron_pickaxe":1793,"stat.craftItem.securitycraft.reinforced_stone_button":24,"stat.craftItem.minecraft.wooden_pickaxe":2,"stat.craftItem.minecraft.iron_door":3,"stat.pickup.minecraft.double_plant":2,"stat.craftItem.minecraft.birch_door":3,"stat.craftItem.minecraft.bed":1,"stat.trappedChestTriggered":9,"stat.craftItem.minecraft.glass_pane":16,"stat.mineBlock.chisel.marble2":33,"stat.mineBlock.minecraft.vine":8,"stat.useItem.minecraft.oak_stairs":12,"stat.furnaceInteraction":226,"stat.killEntity.ZombieVillager":1,"stat.pickup.minecraft.beef":3,"stat.pickup.minecraft.furnace":3,"stat.useItem.minecraft.cooked_mutton":6,"stat.pickup.zawa.large_meat_raw":3,"stat.craftItem.zawa.bird_meat_cooked":2,"stat.pickup.minecraft.iron_chestplate":4,"stat.useItem.minecraft.fence":207,"stat.useItem.minecraft.stone_stairs":21,"stat.pickup.tombstone.magic_scroll":13,"stat.pickup.mca.rose_gold_ore":72,"stat.pickup.tombstone.gift":1,"stat.pickup.minecraft.stone_stairs":11,"stat.mineBlock.minecraft.fence":8,"stat.pickup.chisel.ironpane":3,"stat.pickup.tombstone.scroll_buff":1,"stat.killEntity.betteranimalsplus.zotzpyre":1,"stat.craftItem.securitycraft.laser_block":2,"stat.pickup.minecraft.emerald":17,"stat.pickup.securitycraft.universal_block_reinforcer_lvl1":2,"stat.pickup.dynamictrees.oakseed":127,"stat.craftItem.minecraft.heavy_weighted_pressure_plate":4,"stat.mineBlock.minecraft.oak_stairs":1,"stat.deaths":13,"stat.pickup.zawa.fur":8,"stat.drop.securitycraft.keypad_item":1,"stat.playOneMinute":815223,"stat.craftItem.minecraft.wooden_shovel":1,"stat.pickup.minecraft.birch_door":2,"stat.pickup.mca.baby_girl":1,"stat.craftItem.minecraft.iron_pickaxe":11,"stat.craftItem.securitycraft.keypad_item":4,"stat.pickup.minecraft.glass_pane":2,"stat.craftItem.craftingstation.crafting_station":1,"stat.pickup.zawa.care_guide":1,"stat.pickup.minecraft.iron_bars":26,"stat.pickup.chisel.marble2":64,"stat.mineBlock.minecraft.tallgrass":34,"stat.craftItem.minecraft.cooked_mutton":6,"stat.chestOpened":373,"stat.pickup.minecraft.pumpkin":4,"stat.killEntity.betteranimalsplus.goose":1,"stat.recordPlayed":2,"stat.useItem.minecraft.stone":29,"stat.craftItem.mca.engagement_ring":1,"stat.pickup.minecraft.arrow":101,"stat.pickup.securitycraft.keypad_frame":1,"stat.pickup.securitycraft.door_indestructible_iron_item":3,"stat.pickup.zawa.toxin_sac":2,"stat.mineBlock.chisel.ironpane":3,"stat.drop.minecraft.iron_pickaxe":2,"stat.fallOneCm":128635,"stat.pickup.zawa.tiger_fur":1,"stat.pickup.chisel.basalt2":16,"stat.pickup.minecraft.carrot":37,"stat.drop.minecraft.stone_sword":1,"stat.crouchOneCm":226891,"stat.mineBlock.minecraft.chest":2,"stat.craftItem.minecraft.diamond":2,"stat.craftItem.minecraft.chest":6,"stat.craftItem.minecraft.iron_ingot":225,"stat.pickup.minecraft.red_mushroom":2,"stat.pickup.craftingstation.crafting_station":1,"stat.craftingTableInteraction":160,"stat.useItem.securitycraft.reinforced_stone_button":1,"stat.pickup.securitycraft.keypad_chest":5,"stat.pickup.minecraft.feather":3,"stat.pickup.minecraft.record_cat":2,"stat.useItem.minecraft.furnace":27,"stat.useItem.minecraft.reeds":28,"stat.craftItem.mca.rose_gold_ingot":63,"stat.pickup.minecraft.dye":484,"stat.pickup.minecraft.planks":103,"stat.pickup.minecraft.iron_leggings":2,"stat.pickup.chisel.limestone2":67,"stat.pickup.minecraft.wheat_seeds":79,"stat.mineBlock.minecraft.gravel":239,"stat.useItem.minecraft.stone_pickaxe":508,"stat.useItem.minecraft.stone_sword":204,"stat.craftItem.minecraft.iron_leggings":2,"stat.pickup.zawa.bush_meat_raw":10,"stat.pickup.zawa.dried_bamboo":2,"stat.craftItem.minecraft.oak_stairs":12,"stat.mineBlock.minecraft.dirt":545,"stat.craftItem.minecraft.leather":8,"stat.useItem.minecraft.iron_bars":229,"stat.drop.minecraft.iron_axe":2,"stat.mineBlock.minecraft.monster_egg":22,"stat.useItem.minecraft.torch":26,"stat.craftItem.minecraft.redstone_block":2,"stat.craftItem.minecraft.stone_stairs":12,"stat.pickup.minecraft.crafting_table":7,"stat.useItem.minecraft.log":129,"stat.useItem.minecraft.cobblestone":940,"stat.craftItem.minecraft.crafting_table":8,"stat.useItem.minecraft.gravel":2,"stat.mineBlock.minecraft.double_plant":3,"stat.killEntity.betteranimalsplus.horseshoecrab":1,"stat.mineBlock.minecraft.emerald_ore":5,"stat.pickup.minecraft.log":429,"stat.useItem.zawa.bush_meat_cooked":2,"stat.pickup.securitycraft.reinforced_stone":24,"stat.drop.minecraft.stonebrick":1,"stat.pickup.minecraft.iron_pickaxe":2,"stat.craftItem.zawa.large_meat_cooked":3,"stat.craftItem.minecraft.stone_button":11,"stat.craftItem.minecraft.gold_ingot":61,"stat.craftItem.chisel.chisel_iron":1,"stat.pickup.minecraft.apple":4,"stat.useItem.minecraft.glass_pane":6,"stat.mineBlock.minecraft.iron_block":2,"stat.useItem.minecraft.birch_door":2,"stat.craftItem.securitycraft.door_indestructible_iron_item":1,"stat.craftItem.minecraft.planks":940,"stat.useItem.minecraft.iron_sword":250,"stat.itemEnchanted":3,"stat.pickup.minecraft.diamond_helmet":4,"stat.useItem.securitycraft.universal_block_remover":37,"stat.pickup.minecraft.book":116,"stat.useItem.minecraft.stonebrick":858,"stat.mineBlock.minecraft.log":9,"stat.pickup.minecraft.red_flower":2,"stat.sneakTime":61889,"stat.pickup.minecraft.wool":17,"stat.useItem.minecraft.baked_potato":52,"stat.killEntity.betteranimalsplus.badger":1,"stat.pickup.minecraft.yellow_flower":2,"stat.craftItem.minetraps.obstacle":3,"stat.pickup.minecraft.chest":2,"stat.craftItem.minecraft.enchanting_table":1,"stat.craftItem.minecraft.diamond_chestplate":1,"stat.pickup.minecraft.bone":77,"stat.craftItem.minecraft.diamond_leggings":1,"stat.horseOneCm":279654,"stat.pickup.minecraft.bookshelf":4,"stat.useItem.minecraft.iron_axe":157,"stat.mineBlock.minecraft.cobblestone":183,"stat.mineBlock.minecraft.pumpkin":2,"stat.pickup.minecraft.stone_pickaxe":2,"stat.pickup.minecraft.flint":5,"stat.craftItem.tombstone.grave_key":8,"stat.craftItem.minecraft.stone_brick_stairs":40,"stat.useItem.minecraft.diamond_sword":1030,"stat.craftItem.minecraft.iron_trapdoor":1,"stat.swimOneCm":268823,"stat.climbOneCm":19589,"stat.pickup.minecraft.enchanted_book":12,"stat.drop.minecraft.cobblestone":1,"stat.pickup.minecraft.cooked_porkchop":7,"stat.useItem.minecraft.dirt":152,"stat.pickup.minecraft.bow":5,"stat.pickup.minecraft.iron_boots":4,"stat.pickup.zawa.bird_meat":2,"stat.craftItem.minecraft.furnace":36,"stat.pickup.minecraft.enchanting_table":2,"stat.craftItem.minecraft.iron_boots":1,"stat.pickup.minecraft.anvil":2,"stat.craftItem.zawa.rat_cooked":1,"stat.mineBlock.zawa.dried_bamboo":2,"stat.craftItem.minecraft.stone_pickaxe":5,"stat.craftItem.minecraft.cooked_beef":3,"stat.mineBlock.minecraft.obsidian":11,"stat.pickup.minecraft.cobblestone":3033,"stat.mineBlock.chisel.limestone2":32,"stat.flyOneCm":745242,"stat.killEntity.betteranimalsplus.deer":1,"stat.useItem.minecraft.cooked_beef":3,"stat.pickup.minecraft.redstone":894,"stat.mineBlock.minecraft.iron_ore":323,"stat.craftItem.minecraft.book":13,"stat.timeSinceDeath":7374,"stat.pickup.securitycraft.keypad_item":2,"stat.drop.minecraft.log":1,"stat.pickup.minecraft.mutton":22,"stat.killEntity.Bat":3,"stat.craftItem.minecraft.stonebrick":1104,"stat.pickup.securitycraft.keypad":3,"stat.drop.minecraft.iron_bars":1,"stat.pickup.minecraft.stonebrick":209,"stat.mineBlock.minecraft.enchanting_table":2,"stat.useItem.minecraft.cooked_porkchop":36,"stat.mineBlock.minecraft.coal_ore":474,"stat.pickup.minecraft.shield":1,"stat.killEntity.Creeper":2,"stat.talkedToVillager":114,"stat.pickup.minecraft.string":7,"stat.mineBlock.minecraft.grass":165,"stat.mineBlock.minecraft.ladder":1,"stat.pickup.tombstone.crafting_ingredient":9,"stat.entityKilledBy.Skeleton":1,"stat.sprintOneCm":716668,"stat.pickup.minecraft.paper":43,"stat.useItem.minecraft.diamond_shovel":808,"stat.killEntity.betteranimalsplus.pheasant":2,"stat.craftItem.minecraft.stick":84,"stat.craftItem.minecraft.stone":1089,"stat.craftItem.minecraft.gold_nugget":27,"stat.mineBlock.minecraft.diamond_ore":23,"stat.craftItem.globalxp.xp_block":2,"stat.pickup.minecraft.grass":134,"stat.useItem.securitycraft.keypad_item":2,"stat.mineBlock.minecraft.crafting_table":5,"stat.useItem.minecraft.diamond_pickaxe":4855,"stat.useItem.minecraft.carrot":27,"stat.useItem.minecraft.wooden_shovel":59,"stat.mineBlock.minecraft.planks":54,"stat.drop":15,"stat.pickup.minecraft.stone_button":1,"stat.killEntity.Sheep":16,"stat.drop.tombstone.grave_key":1,"stat.pickup.tombstone.grave_key":1,"stat.useItem.minecraft.ladder":14,"stat.craftItem.minecraft.emerald":2,"stat.craftItem.minecraft.diamond_pickaxe":2,"stat.pickup.minecraft.iron_block":4,"stat.killEntity.Zombie":55,"stat.craftItem.securitycraft.universal_block_remover":1,"stat.mineBlock.minecraft.gold_ore":77,"stat.diveOneCm":148059,"stat.pickup.minecraft.wheat":18,"stat.mineBlock.minecraft.mossy_cobblestone":3,"stat.craftItem.minecraft.ladder":21,"stat.mineBlock.minecraft.stone_button":1,"stat.pickup.minecraft.gravel":256,"stat.craftItem.minecraft.cooked_porkchop":34,"stat.mineBlock.minecraft.anvil":1,"stat.pickup.minecraft.obsidian":14,"stat.pickup.minecraft.stone_brick_stairs":7,"stat.pickup.minecraft.diamond_sword":3,"stat.craftItem.minecraft.diamond_sword":1,"stat.jump":7822,"stat.useItem.minecraft.sand":70,"stat.pickup.minecraft.fence":12,"stat.pickup.minecraft.coal":853,"stat.pickup.minecraft.iron_helmet":1,"stat.pickup.minecraft.iron_ingot":66,"stat.useItem.minecraft.stone_axe":1,"stat.drop.minecraft.diamond_sword":3,"stat.pickup.minecraft.gunpowder":5,"stat.pickup.minecraft.spider_eye":4,"stat.mineBlock.craftingstation.crafting_station":1,"stat.pickup.minecraft.dirt":470,"stat.craftItem.minecraft.iron_helmet":1,"stat.pickup.minecraft.diamond_ore":3,"stat.pickup.minecraft.iron_ore":340,"stat.useItem.minecraft.glass":5,"stat.mineBlock.mca.rose_gold_ore":66,"stat.pickup.minecraft.gold_ore":77,"stat.mineBlock.minecraft.iron_bars":27,"stat.mineBlock.minecraft.lapis_ore":50,"stat.killEntity.camocreepers:CamoCreeper":2,"stat.pickup.minecraft.iron_axe":3,"stat.mineBlock.minecraft.glass_pane":6,"tombstone:sneak_grave":4,"stat.mineBlock.minecraft.stone_stairs":11,"stat.damageTaken":11069,"stat.pickup.minecraft.leather":5,"stat.craftItem.minecraft.iron_bars":272,"stat.useItem.minecraft.stone_brick_stairs":42,"stat.mineBlock.minecraft.torch":32,"stat.mineBlock.minecraft.furnace":3,"stat.mineBlock.minecraft.red_flower":3,"stat.useItem.minecraft.wooden_pickaxe":101,"stat.tradedWithVillager":2,"stat.pickup.minecraft.reeds":45,"stat.pickup.minecraft.bed":6,"tombstone:undead_killed":106,"stat.useItem.tombstone.grave_key":17,"stat.pickup.minecraft.potato":39,"stat.pickup.minecraft.oak_stairs":1,"stat.entityKilledBy.Zombie":2,"stat.mineBlock.minetraps.obstacle":1,"stat.damageDealt":46396,"stat.craftItem.minecraft.glass":14,"stat.sleepInBed":7,"stat.craftItem.minecraft.baked_potato":59,"stat.killEntity.Silverfish":148,"stat.killEntity.Cow":3,"stat.useItem.minecraft.crafting_table":1,"stat.killEntity.Pig":18,"stat.craftItem.minecraft.iron_sword":3,"stat.pickup.zawa.rat_raw":1,"stat.useItem.minecraft.air":151,"stat.craftItem.securitycraft.universal_block_reinforcer_lvl1":2,"stat.walkOneCm":2980819,"stat.useItem.minecraft.chest":2,"stat.pickup.dynamictrees.birchseed":16,"stat.pickup.minecraft.stick":163,"stat.pickup.minecraft.diamond_pickaxe":2,"stat.mineBlock.minecraft.trapped_chest":1,"stat.mineBlock.chisel.basalt2":70,"stat.pickup.betteranimalsplus.pheasant_egg":1,"stat.craftItem.minecraft.diamond_boots":1,"stat.pickup.minecraft.tnt":32,"stat.useItem.tombstone.gift":2,"stat.pickup.minecraft.stone":968,"stat.craftItem.minecraft.iron_chestplate":1,"stat.pickup.minecraft.baked_potato":176,"stat.pickup.betteranimalsplus.pheasantraw":5,"stat.pickup.minecraft.ender_pearl":2,"stat.useItem.zawa.large_meat_cooked":3,"stat.drop.mca.baby_girl":1,"stat.pickup.minecraft.cooked_beef":1,"stat.pickup.minecraft.ladder":1,"stat.killEntity.Skeleton":50,"stat.mineBlock.minecraft.tnt":16,"stat.craftItem.minecraft.bookshelf":37,"stat.mineBlock.minecraft.stonebrick":121,"stat.killEntity.Spider":7,"stat.mobKills":344,"stat.mineBlock.minecraft.bookshelf":31,"stat.craftItem.minecraft.shears":1,"stat.craftItem.minecraft.fence":210,"stat.pickup.securitycraft.reinforced_stone_button":10,"stat.pickup.minecraft.diamond":32,"stat.pickup.minecraft.torch":51,"stat.mineBlock.minecraft.redstone_ore":1,"stat.mineBlock.zawa.peach_flower":1,"stat.mineBlock.minecraft.stone":5463}