{"stat.leaveGame":3,"stat.useItem.minecraft.bookshelf":1,"stat.useItem.zawa.rat_cooked":1,"stat.pickup.zawa.worm":5,"stat.craftItem.zawa.bush_meat_cooked":1,"stat.useItem.minecraft.planks":51,"stat.pickup.minecraft.porkchop":2,"stat.pickup.minecraft.rotten_flesh":10,"stat.pickup.minecraft.sand":36,"stat.craftItem.minecraft.golden_apple":2,"stat.craftItem.minecraft.stone_axe":1,"stat.killEntity.Enderman":1,"stat.craftItem.minecraft.stone_sword":1,"stat.mineBlock.minecraft.sand":27,"stat.pickup.securitycraft.universal_block_remover":2,"stat.useItem.minecraft.iron_pickaxe":512,"stat.craftItem.minecraft.wooden_pickaxe":2,"stat.craftItem.minecraft.iron_door":3,"stat.craftItem.minecraft.birch_door":3,"stat.craftItem.minecraft.bed":1,"stat.trappedChestTriggered":2,"stat.craftItem.minecraft.glass_pane":16,"stat.mineBlock.chisel.marble2":23,"stat.furnaceInteraction":78,"stat.pickup.minecraft.beef":3,"stat.pickup.minecraft.furnace":2,"stat.useItem.minecraft.cooked_mutton":6,"stat.pickup.zawa.large_meat_raw":3,"stat.pickup.minecraft.iron_chestplate":2,"stat.useItem.minecraft.stone_stairs":21,"stat.pickup.tombstone.magic_scroll":1,"stat.pickup.mca.rose_gold_ore":35,"stat.pickup.tombstone.gift":1,"stat.pickup.minecraft.stone_stairs":11,"stat.killEntity.betteranimalsplus.zotzpyre":1,"stat.craftItem.securitycraft.laser_block":1,"stat.pickup.securitycraft.universal_block_reinforcer_lvl1":2,"stat.craftItem.minecraft.heavy_weighted_pressure_plate":1,"stat.deaths":6,"stat.pickup.zawa.fur":2,"stat.drop.securitycraft.keypad_item":1,"stat.playOneMinute":308686,"stat.craftItem.minecraft.wooden_shovel":1,"stat.pickup.minecraft.birch_door":2,"stat.pickup.mca.baby_girl":1,"stat.craftItem.minecraft.iron_pickaxe":2,"stat.craftItem.securitycraft.keypad_item":1,"stat.pickup.zawa.care_guide":1,"stat.pickup.minecraft.iron_bars":9,"stat.pickup.chisel.marble2":21,"stat.mineBlock.minecraft.tallgrass":9,"stat.craftItem.minecraft.cooked_mutton":6,"stat.chestOpened":132,"stat.killEntity.betteranimalsplus.goose":1,"stat.useItem.minecraft.stone":16,"stat.craftItem.mca.engagement_ring":1,"stat.pickup.minecraft.arrow":24,"stat.pickup.securitycraft.keypad_frame":1,"stat.pickup.securitycraft.door_indestructible_iron_item":3,"stat.drop.minecraft.iron_pickaxe":1,"stat.fallOneCm":54903,"stat.pickup.chisel.basalt2":2,"stat.pickup.minecraft.carrot":37,"stat.drop.minecraft.stone_sword":1,"stat.crouchOneCm":51977,"stat.mineBlock.minecraft.chest":2,"stat.craftItem.minecraft.chest":4,"stat.craftItem.minecraft.iron_ingot":62,"stat.craftingTableInteraction":52,"stat.useItem.securitycraft.reinforced_stone_button":1,"stat.pickup.minecraft.feather":1,"stat.useItem.minecraft.furnace":2,"stat.craftItem.mca.rose_gold_ingot":34,"stat.pickup.minecraft.dye":124,"stat.pickup.minecraft.planks":6,"stat.pickup.minecraft.iron_leggings":1,"stat.pickup.chisel.limestone2":25,"stat.pickup.minecraft.wheat_seeds":69,"stat.mineBlock.minecraft.gravel":6,"stat.useItem.minecraft.stone_pickaxe":466,"stat.useItem.minecraft.stone_sword":204,"stat.craftItem.minecraft.iron_leggings":1,"stat.pickup.zawa.bush_meat_raw":1,"stat.mineBlock.minecraft.dirt":82,"stat.mineBlock.minecraft.monster_egg":15,"stat.useItem.minecraft.torch":1,"stat.craftItem.minecraft.redstone_block":1,"stat.craftItem.minecraft.stone_stairs":12,"stat.pickup.minecraft.crafting_table":2,"stat.useItem.minecraft.cobblestone":463,"stat.craftItem.minecraft.crafting_table":2,"stat.killEntity.betteranimalsplus.horseshoecrab":1,"stat.pickup.minecraft.log":105,"stat.useItem.zawa.bush_meat_cooked":1,"stat.pickup.minecraft.iron_pickaxe":1,"stat.craftItem.minecraft.stone_button":9,"stat.craftItem.minecraft.gold_ingot":44,"stat.pickup.minecraft.apple":2,"stat.useItem.minecraft.glass_pane":6,"stat.useItem.minecraft.birch_door":2,"stat.craftItem.securitycraft.door_indestructible_iron_item":1,"stat.craftItem.minecraft.planks":212,"stat.useItem.minecraft.iron_sword":250,"stat.pickup.minecraft.diamond_helmet":3,"stat.useItem.securitycraft.universal_block_remover":8,"stat.pickup.minecraft.red_flower":2,"stat.sneakTime":17319,"stat.pickup.minecraft.wool":4,"stat.useItem.minecraft.baked_potato":16,"stat.pickup.minecraft.yellow_flower":1,"stat.pickup.minecraft.chest":2,"stat.craftItem.minecraft.enchanting_table":1,"stat.pickup.minecraft.bone":26,"stat.mineBlock.minecraft.cobblestone":55,"stat.pickup.minecraft.stone_pickaxe":1,"stat.craftItem.tombstone.grave_key":3,"stat.useItem.minecraft.diamond_sword":220,"stat.swimOneCm":114666,"stat.useItem.minecraft.dirt":103,"stat.pickup.minecraft.bow":4,"stat.pickup.minecraft.iron_boots":2,"stat.pickup.zawa.bird_meat":1,"stat.craftItem.minecraft.furnace":4,"stat.craftItem.minecraft.iron_boots":1,"stat.craftItem.zawa.rat_cooked":1,"stat.craftItem.minecraft.stone_pickaxe":5,"stat.craftItem.minecraft.cooked_beef":3,"stat.mineBlock.minecraft.obsidian":11,"stat.pickup.minecraft.cobblestone":923,"stat.mineBlock.chisel.limestone2":26,"stat.flyOneCm":320328,"stat.useItem.minecraft.cooked_beef":3,"stat.pickup.minecraft.redstone":191,"stat.mineBlock.minecraft.iron_ore":136,"stat.craftItem.minecraft.book":4,"stat.timeSinceDeath":84789,"stat.pickup.securitycraft.keypad_item":2,"stat.pickup.minecraft.mutton":6,"stat.killEntity.Bat":1,"stat.craftItem.minecraft.stonebrick":4,"stat.pickup.securitycraft.keypad":3,"stat.useItem.minecraft.cooked_porkchop":2,"stat.mineBlock.minecraft.coal_ore":46,"stat.pickup.minecraft.shield":1,"stat.talkedToVillager":79,"stat.mineBlock.minecraft.grass":28,"stat.pickup.tombstone.crafting_ingredient":4,"stat.sprintOneCm":300305,"stat.pickup.minecraft.paper":1,"stat.craftItem.minecraft.stick":20,"stat.craftItem.minecraft.stone":44,"stat.craftItem.minecraft.gold_nugget":27,"stat.mineBlock.minecraft.diamond_ore":7,"stat.mineBlock.minecraft.crafting_table":2,"stat.useItem.minecraft.diamond_pickaxe":473,"stat.useItem.minecraft.carrot":27,"stat.useItem.minecraft.wooden_shovel":59,"stat.mineBlock.minecraft.planks":6,"stat.drop":4,"stat.killEntity.Sheep":4,"stat.killEntity.Zombie":15,"stat.mineBlock.minecraft.gold_ore":46,"stat.diveOneCm":53288,"stat.pickup.minecraft.wheat":18,"stat.pickup.minecraft.gravel":5,"stat.craftItem.minecraft.cooked_porkchop":2,"stat.pickup.minecraft.obsidian":9,"stat.pickup.minecraft.diamond_sword":1,"stat.jump":3430,"stat.useItem.minecraft.sand":20,"stat.pickup.minecraft.coal":87,"stat.pickup.minecraft.iron_ingot":2,"stat.useItem.minecraft.stone_axe":1,"stat.pickup.minecraft.dirt":122,"stat.craftItem.minecraft.iron_helmet":1,"stat.pickup.minecraft.iron_ore":137,"stat.useItem.minecraft.glass":5,"stat.mineBlock.mca.rose_gold_ore":35,"stat.pickup.minecraft.gold_ore":44,"stat.mineBlock.minecraft.iron_bars":11,"stat.mineBlock.minecraft.lapis_ore":15,"stat.mineBlock.minecraft.glass_pane":6,"stat.mineBlock.minecraft.stone_stairs":11,"stat.damageTaken":4031,"stat.pickup.minecraft.leather":5,"stat.mineBlock.minecraft.torch":24,"stat.mineBlock.minecraft.furnace":2,"stat.mineBlock.minecraft.red_flower":3,"stat.useItem.minecraft.wooden_pickaxe":101,"stat.pickup.minecraft.reeds":2,"stat.pickup.minecraft.bed":5,"tombstone:undead_killed":31,"stat.useItem.tombstone.grave_key":3,"stat.entityKilledBy.Zombie":1,"stat.damageDealt":12377,"stat.craftItem.minecraft.glass":13,"stat.sleepInBed":2,"stat.killEntity.Silverfish":8,"stat.killEntity.Cow":3,"stat.useItem.minecraft.crafting_table":1,"stat.killEntity.Pig":1,"stat.craftItem.minecraft.iron_sword":2,"stat.useItem.minecraft.air":65,"stat.craftItem.securitycraft.universal_block_reinforcer_lvl1":1,"stat.walkOneCm":1041360,"stat.useItem.minecraft.chest":1,"stat.pickup.dynamictrees.birchseed":4,"stat.pickup.minecraft.stick":9,"stat.pickup.minecraft.diamond_pickaxe":1,"stat.mineBlock.chisel.basalt2":6,"stat.pickup.minecraft.tnt":16,"stat.useItem.tombstone.gift":2,"stat.pickup.minecraft.stone":164,"stat.craftItem.minecraft.iron_chestplate":1,"stat.pickup.minecraft.baked_potato":16,"stat.pickup.minecraft.ender_pearl":2,"stat.drop.mca.baby_girl":1,"stat.pickup.minecraft.cooked_beef":1,"stat.killEntity.Skeleton":16,"stat.mineBlock.minecraft.tnt":16,"stat.craftItem.minecraft.bookshelf":3,"stat.killEntity.Spider":1,"stat.mobKills":67,"stat.pickup.securitycraft.reinforced_stone_button":10,"stat.pickup.minecraft.diamond":11,"stat.pickup.minecraft.torch":33,"stat.mineBlock.minecraft.redstone_ore":1,"stat.mineBlock.minecraft.stone":1040}