{"stat.leaveGame":2,"stat.useItem.zawa.rat_cooked":1,"stat.pickup.zawa.worm":5,"stat.useItem.minecraft.planks":51,"stat.pickup.minecraft.porkchop":2,"stat.pickup.minecraft.rotten_flesh":6,"stat.pickup.minecraft.sand":26,"stat.craftItem.minecraft.stone_axe":1,"stat.craftItem.minecraft.stone_sword":1,"stat.mineBlock.minecraft.sand":27,"stat.pickup.securitycraft.universal_block_remover":2,"stat.useItem.minecraft.iron_pickaxe":512,"stat.craftItem.minecraft.wooden_pickaxe":2,"stat.craftItem.minecraft.iron_door":3,"stat.craftItem.minecraft.birch_door":3,"stat.craftItem.minecraft.bed":1,"stat.trappedChestTriggered":2,"stat.craftItem.minecraft.glass_pane":16,"stat.mineBlock.chisel.marble2":21,"stat.furnaceInteraction":36,"stat.pickup.minecraft.beef":3,"stat.pickup.minecraft.furnace":2,"stat.useItem.minecraft.stone_stairs":21,"stat.pickup.mca.rose_gold_ore":31,"stat.pickup.tombstone.gift":1,"stat.pickup.minecraft.stone_stairs":11,"stat.pickup.securitycraft.universal_block_reinforcer_lvl1":2,"stat.craftItem.minecraft.heavy_weighted_pressure_plate":1,"stat.deaths":2,"stat.pickup.zawa.fur":2,"stat.drop.securitycraft.keypad_item":1,"stat.playOneMinute":180707,"stat.craftItem.minecraft.wooden_shovel":1,"stat.pickup.minecraft.birch_door":2,"stat.craftItem.minecraft.iron_pickaxe":2,"stat.craftItem.securitycraft.keypad_item":1,"stat.pickup.zawa.care_guide":1,"stat.pickup.minecraft.iron_bars":3,"stat.pickup.chisel.marble2":21,"stat.mineBlock.minecraft.tallgrass":9,"stat.chestOpened":34,"stat.useItem.minecraft.stone":6,"stat.pickup.minecraft.arrow":8,"stat.pickup.securitycraft.keypad_frame":1,"stat.pickup.securitycraft.door_indestructible_iron_item":1,"stat.drop.minecraft.iron_pickaxe":1,"stat.fallOneCm":42778,"stat.pickup.chisel.basalt2":1,"stat.pickup.minecraft.carrot":36,"stat.drop.minecraft.stone_sword":1,"stat.crouchOneCm":43265,"stat.mineBlock.minecraft.chest":2,"stat.craftItem.minecraft.chest":2,"stat.craftItem.minecraft.iron_ingot":50,"stat.craftingTableInteraction":26,"stat.useItem.securitycraft.reinforced_stone_button":1,"stat.pickup.minecraft.dye":58,"stat.pickup.minecraft.planks":6,"stat.pickup.chisel.limestone2":24,"stat.pickup.minecraft.wheat_seeds":69,"stat.mineBlock.minecraft.gravel":2,"stat.useItem.minecraft.stone_pickaxe":466,"stat.useItem.minecraft.stone_sword":204,"stat.craftItem.minecraft.iron_leggings":1,"stat.pickup.zawa.bush_meat_raw":1,"stat.mineBlock.minecraft.dirt":69,"stat.mineBlock.minecraft.monster_egg":11,"stat.craftItem.minecraft.stone_stairs":12,"stat.pickup.minecraft.crafting_table":2,"stat.useItem.minecraft.cobblestone":392,"stat.craftItem.minecraft.crafting_table":2,"stat.killEntity.betteranimalsplus.horseshoecrab":1,"stat.pickup.minecraft.log":69,"stat.pickup.minecraft.iron_pickaxe":1,"stat.craftItem.minecraft.stone_button":9,"stat.pickup.minecraft.apple":2,"stat.useItem.minecraft.glass_pane":6,"stat.useItem.minecraft.birch_door":2,"stat.craftItem.securitycraft.door_indestructible_iron_item":1,"stat.craftItem.minecraft.planks":132,"stat.useItem.minecraft.iron_sword":250,"stat.pickup.minecraft.diamond_helmet":1,"stat.useItem.securitycraft.universal_block_remover":8,"stat.pickup.minecraft.red_flower":2,"stat.sneakTime":14212,"stat.pickup.minecraft.wool":4,"stat.useItem.minecraft.baked_potato":16,"stat.pickup.minecraft.yellow_flower":1,"stat.pickup.minecraft.chest":2,"stat.pickup.minecraft.bone":12,"stat.mineBlock.minecraft.cobblestone":40,"stat.pickup.minecraft.stone_pickaxe":1,"stat.craftItem.tombstone.grave_key":2,"stat.swimOneCm":60268,"stat.useItem.minecraft.dirt":58,"stat.pickup.minecraft.bow":2,"stat.craftItem.minecraft.furnace":1,"stat.craftItem.minecraft.iron_boots":1,"stat.craftItem.zawa.rat_cooked":1,"stat.craftItem.minecraft.stone_pickaxe":5,"stat.craftItem.minecraft.cooked_beef":3,"stat.pickup.minecraft.cobblestone":606,"stat.mineBlock.chisel.limestone2":24,"stat.flyOneCm":180487,"stat.pickup.minecraft.redstone":110,"stat.mineBlock.minecraft.iron_ore":106,"stat.timeSinceDeath":15823,"stat.pickup.securitycraft.keypad_item":2,"stat.pickup.minecraft.mutton":6,"stat.killEntity.Bat":1,"stat.pickup.securitycraft.keypad":3,"stat.mineBlock.minecraft.coal_ore":46,"stat.talkedToVillager":8,"stat.mineBlock.minecraft.grass":13,"stat.pickup.tombstone.crafting_ingredient":2,"stat.sprintOneCm":232235,"stat.pickup.minecraft.paper":1,"stat.craftItem.minecraft.stick":20,"stat.craftItem.minecraft.stone":35,"stat.mineBlock.minecraft.diamond_ore":2,"stat.mineBlock.minecraft.crafting_table":2,"stat.useItem.minecraft.carrot":26,"stat.useItem.minecraft.wooden_shovel":59,"stat.mineBlock.minecraft.planks":6,"stat.drop":3,"stat.killEntity.Sheep":4,"stat.killEntity.Zombie":3,"stat.mineBlock.minecraft.gold_ore":35,"stat.diveOneCm":34806,"stat.pickup.minecraft.wheat":18,"stat.pickup.minecraft.gravel":2,"stat.jump":2553,"stat.useItem.minecraft.sand":12,"stat.pickup.minecraft.coal":46,"stat.useItem.minecraft.stone_axe":1,"stat.pickup.minecraft.dirt":78,"stat.craftItem.minecraft.iron_helmet":1,"stat.pickup.minecraft.iron_ore":108,"stat.useItem.minecraft.glass":5,"stat.mineBlock.mca.rose_gold_ore":31,"stat.pickup.minecraft.gold_ore":33,"stat.mineBlock.minecraft.iron_bars":5,"stat.mineBlock.minecraft.lapis_ore":10,"stat.mineBlock.minecraft.glass_pane":6,"stat.mineBlock.minecraft.stone_stairs":11,"stat.damageTaken":2004,"stat.pickup.minecraft.leather":4,"stat.mineBlock.minecraft.torch":3,"stat.mineBlock.minecraft.furnace":2,"stat.mineBlock.minecraft.red_flower":3,"stat.useItem.minecraft.wooden_pickaxe":101,"stat.pickup.minecraft.reeds":2,"tombstone:undead_killed":9,"stat.useItem.tombstone.grave_key":3,"stat.entityKilledBy.Zombie":1,"stat.damageDealt":6656,"stat.craftItem.minecraft.glass":13,"stat.sleepInBed":1,"stat.killEntity.Silverfish":4,"stat.killEntity.Cow":3,"stat.useItem.minecraft.crafting_table":1,"stat.killEntity.Pig":1,"stat.craftItem.minecraft.iron_sword":1,"stat.useItem.minecraft.air":41,"stat.walkOneCm":625705,"stat.useItem.minecraft.chest":1,"stat.pickup.dynamictrees.birchseed":4,"stat.pickup.minecraft.stick":9,"stat.mineBlock.chisel.basalt2":1,"stat.pickup.minecraft.tnt":16,"stat.useItem.tombstone.gift":2,"stat.pickup.minecraft.stone":120,"stat.craftItem.minecraft.iron_chestplate":1,"stat.pickup.minecraft.baked_potato":16,"stat.pickup.minecraft.ender_pearl":1,"stat.killEntity.Skeleton":6,"stat.mineBlock.minecraft.tnt":16,"stat.killEntity.Spider":1,"stat.mobKills":36,"stat.pickup.securitycraft.reinforced_stone_button":10,"stat.pickup.minecraft.diamond":2,"stat.pickup.minecraft.torch":5,"stat.mineBlock.minecraft.redstone_ore":1,"stat.mineBlock.minecraft.stone":687}