{"stat.pickup.minecraft.bone":1,"stat.leaveGame":2,"stat.mineBlock.minecraft.cobblestone":8,"stat.pickup.minecraft.stone_pickaxe":1,"stat.swimOneCm":12024,"stat.pickup.zawa.worm":4,"stat.useItem.minecraft.planks":51,"stat.pickup.minecraft.porkchop":2,"stat.useItem.minecraft.dirt":58,"stat.pickup.minecraft.rotten_flesh":3,"stat.pickup.minecraft.sand":26,"stat.craftItem.minecraft.furnace":1,"stat.craftItem.minecraft.stone_axe":1,"stat.craftItem.minecraft.iron_boots":1,"stat.craftItem.zawa.rat_cooked":1,"stat.craftItem.minecraft.stone_pickaxe":5,"stat.craftItem.minecraft.cooked_beef":3,"stat.pickup.minecraft.cobblestone":347,"stat.mineBlock.chisel.limestone2":23,"stat.craftItem.minecraft.stone_sword":1,"stat.flyOneCm":127604,"stat.mineBlock.minecraft.sand":27,"stat.mineBlock.minecraft.iron_ore":50,"stat.timeSinceDeath":108918,"stat.pickup.securitycraft.keypad_item":2,"stat.pickup.securitycraft.universal_block_remover":2,"stat.craftItem.minecraft.wooden_pickaxe":2,"stat.pickup.minecraft.mutton":6,"stat.craftItem.minecraft.iron_door":3,"stat.killEntity.Bat":1,"stat.craftItem.minecraft.birch_door":3,"stat.craftItem.minecraft.bed":1,"stat.craftItem.minecraft.glass_pane":16,"stat.pickup.securitycraft.keypad":3,"stat.mineBlock.chisel.marble2":21,"stat.furnaceInteraction":34,"stat.mineBlock.minecraft.coal_ore":37,"stat.talkedToVillager":8,"stat.mineBlock.minecraft.grass":13,"stat.pickup.minecraft.beef":3,"stat.pickup.minecraft.furnace":2,"stat.sprintOneCm":166924,"stat.useItem.minecraft.stone_stairs":21,"stat.craftItem.minecraft.stick":20,"stat.pickup.minecraft.stone_stairs":11,"stat.craftItem.minecraft.stone":35,"stat.mineBlock.minecraft.crafting_table":2,"stat.useItem.minecraft.carrot":7,"stat.useItem.minecraft.wooden_shovel":59,"stat.pickup.securitycraft.universal_block_reinforcer_lvl1":2,"stat.craftItem.minecraft.heavy_weighted_pressure_plate":1,"stat.mineBlock.minecraft.planks":6,"stat.pickup.zawa.fur":2,"stat.drop":2,"stat.drop.securitycraft.keypad_item":1,"stat.playOneMinute":108918,"stat.craftItem.minecraft.wooden_shovel":1,"stat.pickup.minecraft.birch_door":2,"stat.killEntity.Sheep":4,"stat.craftItem.securitycraft.keypad_item":1,"stat.killEntity.Zombie":1,"stat.pickup.zawa.care_guide":1,"stat.pickup.chisel.marble2":21,"stat.mineBlock.minecraft.tallgrass":9,"stat.diveOneCm":8088,"stat.pickup.minecraft.wheat":18,"stat.chestOpened":22,"stat.useItem.minecraft.stone":5,"stat.pickup.minecraft.arrow":1,"stat.pickup.securitycraft.keypad_frame":1,"stat.pickup.securitycraft.door_indestructible_iron_item":1,"stat.jump":1637,"stat.useItem.minecraft.sand":12,"stat.pickup.minecraft.coal":37,"stat.fallOneCm":30146,"stat.pickup.minecraft.carrot":36,"stat.drop.minecraft.stone_sword":1,"stat.useItem.minecraft.stone_axe":1,"stat.crouchOneCm":2435,"stat.mineBlock.minecraft.chest":2,"stat.craftItem.minecraft.chest":2,"stat.craftItem.minecraft.iron_ingot":40,"stat.pickup.minecraft.dirt":65,"stat.craftItem.minecraft.iron_helmet":1,"stat.craftingTableInteraction":24,"stat.pickup.minecraft.iron_ore":51,"stat.useItem.minecraft.glass":5,"stat.useItem.securitycraft.reinforced_stone_button":1,"stat.mineBlock.minecraft.glass_pane":6,"stat.mineBlock.minecraft.stone_stairs":11,"stat.damageTaken":907,"stat.pickup.minecraft.leather":4,"stat.mineBlock.minecraft.torch":3,"stat.mineBlock.minecraft.furnace":2,"stat.mineBlock.minecraft.red_flower":3,"stat.useItem.minecraft.wooden_pickaxe":101,"stat.pickup.minecraft.planks":6,"stat.pickup.minecraft.reeds":2,"stat.pickup.chisel.limestone2":23,"tombstone:undead_killed":2,"stat.pickup.minecraft.wheat_seeds":69,"stat.useItem.minecraft.stone_pickaxe":455,"stat.useItem.minecraft.stone_sword":204,"stat.craftItem.minecraft.iron_leggings":1,"stat.damageDealt":1965,"stat.craftItem.minecraft.glass":13,"stat.pickup.zawa.bush_meat_raw":1,"stat.sleepInBed":1,"stat.killEntity.Cow":3,"stat.mineBlock.minecraft.dirt":49,"stat.useItem.minecraft.crafting_table":1,"stat.killEntity.Pig":1,"stat.useItem.minecraft.air":35,"stat.walkOneCm":386161,"stat.useItem.minecraft.chest":1,"stat.pickup.dynamictrees.birchseed":4,"stat.pickup.minecraft.stick":9,"stat.craftItem.minecraft.stone_stairs":12,"stat.pickup.minecraft.crafting_table":2,"stat.useItem.minecraft.cobblestone":212,"stat.craftItem.minecraft.crafting_table":2,"stat.killEntity.betteranimalsplus.horseshoecrab":1,"stat.pickup.minecraft.log":69,"stat.craftItem.minecraft.stone_button":9,"stat.pickup.minecraft.stone":67,"stat.craftItem.minecraft.iron_chestplate":1,"stat.pickup.minecraft.baked_potato":16,"stat.useItem.minecraft.glass_pane":6,"stat.useItem.minecraft.birch_door":2,"stat.craftItem.securitycraft.door_indestructible_iron_item":1,"stat.killEntity.Skeleton":1,"stat.craftItem.minecraft.planks":132,"stat.useItem.securitycraft.universal_block_remover":8,"stat.mobKills":12,"stat.pickup.securitycraft.reinforced_stone_button":10,"stat.pickup.minecraft.torch":5,"stat.pickup.minecraft.red_flower":2,"stat.sneakTime":725,"stat.pickup.minecraft.wool":4,"stat.useItem.minecraft.baked_potato":16,"stat.pickup.minecraft.yellow_flower":1,"stat.mineBlock.minecraft.stone":405,"stat.pickup.minecraft.chest":2}