{"stat.pickup.betteranimalsplus.antler":4,"stat.leaveGame":6,"stat.useItem.minecraft.bookshelf":24,"stat.pickup.betteranimalsplus.goose_egg":7,"stat.craftItem.minecraft.iron_axe":3,"stat.pickup.tombstone.familiar_stone":2,"stat.useItem.zawa.bird_meat_cooked":2,"stat.useItem.zawa.rat_cooked":1,"stat.pickup.zawa.worm":15,"stat.craftItem.zawa.bush_meat_cooked":2,"stat.useItem.minecraft.planks":256,"stat.craftItem.minecraft.shield":2,"stat.pickup.minecraft.porkchop":59,"stat.pickup.securitycraft.reinforced_iron_trapdoor":2,"stat.drop.minecraft.iron_sword":2,"stat.mineBlock.minecraft.stone_brick_stairs":4,"stat.pickup.minecraft.rotten_flesh":166,"stat.pickup.zawa.pangolin_scale":3,"stat.pickup.minecraft.sand":133,"stat.craftItem.minecraft.golden_apple":2,"stat.pickup.minetraps.obstacle":1,"stat.pickup.minecraft.splash_potion":1,"stat.craftItem.minecraft.stone_axe":1,"stat.killEntity.Enderman":3,"stat.pickup.zawa.reptile_hide":2,"stat.pickup.mca.engagement_ring":1,"stat.craftItem.minecraft.stone_sword":1,"stat.pickup.minecraft.brown_mushroom":2,"stat.mineBlock.minecraft.sand":105,"stat.pickup.securitycraft.reinforced_cobblestone":66,"stat.killEntity.Witch":2,"stat.pickup.chisel.chisel_iron":2,"stat.useItem.securitycraft.keypad_chest":7,"stat.useItem.securitycraft.reinforced_cobblestone":14,"stat.pickup.securitycraft.universal_block_remover":2,"stat.useItem.minecraft.iron_pickaxe":1793,"stat.craftItem.securitycraft.reinforced_stone_button":24,"stat.craftItem.minecraft.wooden_pickaxe":2,"stat.craftItem.minecraft.iron_door":3,"stat.pickup.minecraft.double_plant":10,"stat.craftItem.minecraft.birch_door":3,"stat.pickup.dynamictrees.darkoakseed":10,"stat.craftItem.minecraft.bed":1,"stat.trappedChestTriggered":14,"stat.craftItem.minecraft.glass_pane":16,"stat.mineBlock.chisel.marble2":35,"stat.mineBlock.minecraft.vine":8,"stat.useItem.minecraft.oak_stairs":12,"stat.furnaceInteraction":306,"stat.killEntity.ZombieVillager":4,"stat.pickup.minecraft.beef":3,"stat.pickup.minecraft.furnace":24,"stat.useItem.minecraft.cooked_mutton":6,"stat.pickup.zawa.large_meat_raw":3,"stat.craftItem.zawa.bird_meat_cooked":2,"stat.pickup.minecraft.cauldron":1,"stat.pickup.minecraft.iron_chestplate":5,"stat.useItem.minecraft.fence":232,"stat.useItem.minecraft.stone_stairs":21,"stat.pickup.tombstone.magic_scroll":14,"stat.pickup.mca.rose_gold_ore":72,"stat.pickup.tombstone.gift":1,"stat.craftItem.zawa.hunting_rifle":2,"stat.pickup.minecraft.stone_stairs":12,"stat.pickup.securitycraft.reinforced_planks":3,"stat.mineBlock.minecraft.fence":10,"stat.pickup.chisel.ironpane":8,"stat.pickup.tombstone.scroll_buff":2,"stat.killEntity.betteranimalsplus.zotzpyre":1,"stat.craftItem.securitycraft.laser_block":2,"stat.pickup.minecraft.emerald":17,"stat.pickup.securitycraft.universal_block_reinforcer_lvl1":4,"stat.pickup.dynamictrees.oakseed":193,"stat.useItem.minecraft.dye":37,"stat.craftItem.minecraft.heavy_weighted_pressure_plate":7,"stat.craftItem.minecraft.dark_oak_boat":1,"stat.mineBlock.minecraft.oak_stairs":1,"stat.deaths":16,"stat.pickup.zawa.fur":10,"stat.drop.securitycraft.keypad_item":1,"stat.pickup.minecraft.egg":4,"stat.playOneMinute":1123023,"stat.craftItem.minecraft.wooden_shovel":1,"stat.pickup.minecraft.birch_door":3,"stat.pickup.mca.baby_girl":1,"stat.craftItem.minecraft.iron_pickaxe":11,"stat.craftItem.securitycraft.keypad_item":7,"stat.pickup.minecraft.glass_pane":2,"stat.craftItem.craftingstation.crafting_station":2,"stat.pickup.zawa.care_guide":1,"stat.pickup.minecraft.iron_bars":42,"stat.pickup.chisel.marble2":66,"stat.mineBlock.minecraft.tallgrass":55,"stat.craftItem.minecraft.cooked_mutton":22,"stat.chestOpened":375,"stat.pickup.minecraft.pumpkin":4,"stat.killEntity.betteranimalsplus.goose":1,"stat.recordPlayed":2,"stat.useItem.minecraft.stone":29,"stat.craftItem.mca.engagement_ring":1,"stat.pickup.minecraft.arrow":177,"stat.pickup.securitycraft.keypad_frame":1,"stat.pickup.minecraft.iron_sword":2,"stat.pickup.securitycraft.door_indestructible_iron_item":3,"stat.pickup.zawa.toxin_sac":2,"stat.useItem.minecraft.grass":37,"stat.mineBlock.chisel.ironpane":5,"stat.pickup.minecraft.gold_nugget":27,"stat.drop.minecraft.iron_pickaxe":2,"stat.fallOneCm":227055,"stat.pickup.zawa.tiger_fur":1,"stat.pickup.chisel.basalt2":16,"stat.pickup.minecraft.carrot":125,"stat.drop.minecraft.stone_sword":1,"stat.crouchOneCm":242000,"stat.mineBlock.minecraft.chest":2,"stat.craftItem.minecraft.diamond":2,"stat.craftItem.minecraft.chest":8,"stat.craftItem.minecraft.iron_ingot":225,"stat.pickup.minecraft.red_mushroom":2,"stat.pickup.craftingstation.crafting_station":2,"stat.craftingTableInteraction":190,"stat.useItem.securitycraft.reinforced_stone_button":5,"stat.pickup.securitycraft.keypad_chest":13,"stat.pickup.minecraft.feather":7,"stat.pickup.minecraft.record_cat":2,"stat.useItem.minecraft.furnace":41,"stat.useItem.minecraft.reeds":28,"stat.craftItem.mca.rose_gold_ingot":63,"stat.pickup.zawa.kelp":3,"stat.pickup.minecraft.dye":647,"stat.pickup.minecraft.planks":160,"stat.pickup.minecraft.iron_leggings":3,"stat.pickup.chisel.limestone2":67,"stat.pickup.minecraft.wheat_seeds":172,"stat.mineBlock.minecraft.gravel":248,"stat.useItem.minecraft.stone_pickaxe":508,"stat.useItem.minecraft.stone_sword":204,"stat.craftItem.minecraft.iron_leggings":2,"stat.pickup.zawa.bush_meat_raw":15,"stat.pickup.zawa.dried_bamboo":2,"stat.craftItem.minecraft.oak_stairs":12,"stat.drop.tombstone.voodoo_poppet":1,"stat.mineBlock.minecraft.dirt":713,"stat.pickup.tombstone.voodoo_poppet":1,"stat.craftItem.minecraft.leather":8,"stat.useItem.minecraft.iron_bars":417,"stat.drop.minecraft.iron_axe":2,"stat.mineBlock.minecraft.monster_egg":22,"stat.pickup.securitycraft.reinforced_glass_block":1,"stat.useItem.minecraft.torch":51,"stat.pickup.minecraft.brewing_stand":1,"stat.craftItem.minecraft.redstone_block":2,"stat.craftItem.minecraft.stone_stairs":12,"stat.pickup.minecraft.crafting_table":9,"stat.useItem.minecraft.log":129,"stat.useItem.minecraft.cobblestone":940,"stat.craftItem.minecraft.crafting_table":9,"stat.useItem.minecraft.gravel":3,"stat.mineBlock.minecraft.double_plant":10,"stat.killEntity.betteranimalsplus.horseshoecrab":1,"stat.mineBlock.minecraft.emerald_ore":5,"stat.useItem.dynamictrees.oakseed":38,"stat.pickup.minecraft.log":467,"stat.useItem.zawa.bush_meat_cooked":2,"stat.pickup.securitycraft.reinforced_stone":25,"stat.pickup.minecraft.compass":1,"stat.craftItem.zawa.bullet_rifle":9,"stat.drop.minecraft.stonebrick":1,"stat.pickup.minecraft.iron_pickaxe":2,"stat.craftItem.zawa.large_meat_cooked":3,"stat.craftItem.minecraft.stone_button":75,"stat.mineBlock.globalxp.xp_block":1,"stat.craftItem.minecraft.gold_ingot":69,"stat.pickup.minecraft.chicken":2,"stat.craftItem.chisel.chisel_iron":1,"stat.pickup.minecraft.wooden_door":3,"stat.pickup.minecraft.apple":7,"stat.useItem.minecraft.glass_pane":6,"stat.mineBlock.minecraft.iron_block":2,"stat.useItem.minecraft.birch_door":2,"stat.craftItem.securitycraft.door_indestructible_iron_item":1,"stat.pickup.minecraft.beetroot":13,"stat.craftItem.minecraft.planks":1044,"stat.useItem.minecraft.iron_sword":947,"stat.itemEnchanted":3,"stat.pickup.minecraft.diamond_helmet":5,"stat.useItem.securitycraft.universal_block_remover":67,"stat.useItem.betteranimalsplus.goose_egg":4,"stat.pickup.minecraft.book":120,"stat.useItem.minecraft.stonebrick":871,"stat.mineBlock.minecraft.log":9,"stat.useItem.minecraft.wooden_door":1,"stat.pickup.minecraft.red_flower":2,"stat.sneakTime":66272,"stat.pickup.minecraft.wool":31,"stat.useItem.minecraft.baked_potato":111,"stat.killEntity.betteranimalsplus.badger":1,"stat.pickup.minecraft.yellow_flower":8,"stat.craftItem.minetraps.obstacle":3,"stat.pickup.minecraft.chest":2,"stat.craftItem.minecraft.enchanting_table":1,"stat.craftItem.minecraft.diamond_chestplate":1,"stat.pickup.zawa.amazon_sword":1,"stat.pickup.minecraft.bone":88,"stat.craftItem.minecraft.diamond_leggings":1,"stat.horseOneCm":279654,"stat.pickup.minecraft.bookshelf":8,"stat.useItem.minecraft.iron_axe":347,"stat.mineBlock.minecraft.cobblestone":202,"stat.mineBlock.minecraft.pumpkin":2,"stat.pickup.minecraft.stone_pickaxe":2,"stat.pickup.minecraft.flint":9,"stat.craftItem.tombstone.grave_key":12,"stat.entityKilledBy.Witch":1,"stat.craftItem.minecraft.stone_brick_stairs":40,"stat.useItem.minecraft.diamond_sword":1030,"stat.craftItem.minecraft.iron_trapdoor":1,"stat.swimOneCm":327483,"stat.climbOneCm":73378,"stat.pickup.minecraft.enchanted_book":15,"stat.drop.minecraft.cobblestone":1,"stat.pickup.minecraft.cooked_porkchop":7,"stat.useItem.minecraft.dirt":296,"stat.pickup.minecraft.bow":7,"stat.pickup.minecraft.iron_boots":5,"stat.pickup.zawa.bird_meat":2,"stat.craftItem.minecraft.furnace":36,"stat.pickup.minecraft.enchanting_table":2,"stat.useItem.minecraft.egg":4,"stat.craftItem.minecraft.iron_boots":1,"stat.pickup.minecraft.anvil":3,"stat.craftItem.zawa.rat_cooked":1,"stat.mineBlock.zawa.dried_bamboo":2,"stat.craftItem.minecraft.stone_pickaxe":5,"stat.craftItem.minecraft.cooked_beef":3,"stat.mineBlock.minecraft.obsidian":11,"stat.pickup.minecraft.cobblestone":3041,"stat.pickup.minecraft.iron_trapdoor":1,"stat.mineBlock.minecraft.carpet":9,"stat.mineBlock.chisel.limestone2":32,"stat.flyOneCm":1593007,"stat.killEntity.betteranimalsplus.deer":1,"stat.pickup.mowziesmobs.glowing_jelly":1,"stat.useItem.minecraft.cooked_beef":3,"stat.pickup.minecraft.redstone":1044,"stat.mineBlock.minecraft.iron_ore":323,"stat.craftItem.minecraft.book":13,"stat.timeSinceDeath":97355,"stat.pickup.securitycraft.keypad_item":2,"stat.drop.minecraft.log":1,"stat.pickup.minecraft.mutton":31,"stat.killEntity.Bat":3,"stat.craftItem.minecraft.stonebrick":1104,"stat.pickup.securitycraft.keypad":4,"stat.drop.minecraft.iron_bars":1,"stat.pickup.minecraft.stonebrick":273,"stat.mineBlock.minecraft.enchanting_table":2,"stat.drop.minecraft.dirt":1,"stat.useItem.minecraft.cooked_porkchop":36,"stat.pickup.minecraft.carpet":9,"stat.mineBlock.minecraft.coal_ore":474,"stat.pickup.minecraft.shield":1,"stat.killEntity.Creeper":6,"stat.talkedToVillager":143,"stat.pickup.minecraft.string":26,"stat.mineBlock.minecraft.grass":264,"stat.mineBlock.minecraft.ladder":1,"stat.useItem.chisel.ironpane":4,"stat.mineBlock.zawa.kelp":1,"stat.pickup.tombstone.crafting_ingredient":23,"stat.entityKilledBy.Skeleton":1,"stat.pickup.zawa.reptile_meat_raw":4,"stat.sprintOneCm":1263017,"stat.pickup.minecraft.paper":43,"stat.useItem.minecraft.diamond_shovel":1065,"stat.killEntity.betteranimalsplus.pheasant":2,"stat.pickup.securitycraft.reinforced_stairs_stone_brick":1,"stat.craftItem.minecraft.stick":96,"stat.craftItem.minecraft.stone":1168,"stat.craftItem.minecraft.gold_nugget":27,"stat.mineBlock.minecraft.diamond_ore":23,"stat.useItem.betteranimalsplus.pheasant_egg":1,"stat.craftItem.globalxp.xp_block":2,"stat.pickup.minecraft.grass":276,"stat.useItem.securitycraft.keypad_item":4,"stat.mineBlock.minecraft.crafting_table":6,"stat.useItem.minecraft.diamond_pickaxe":4920,"stat.useItem.minecraft.carrot":27,"stat.useItem.minecraft.wooden_shovel":59,"stat.mineBlock.minecraft.planks":67,"stat.drop":19,"stat.pickup.minecraft.stone_button":1,"stat.killEntity.Sheep":30,"stat.drop.tombstone.grave_key":1,"stat.pickup.tombstone.grave_key":1,"stat.useItem.minecraft.ladder":14,"stat.craftItem.minecraft.emerald":2,"stat.craftItem.minecraft.diamond_pickaxe":2,"stat.pickup.minecraft.iron_block":4,"stat.killEntity.Zombie":86,"stat.craftItem.minecraft.dye":171,"stat.craftItem.securitycraft.universal_block_remover":1,"stat.mineBlock.minecraft.gold_ore":77,"stat.diveOneCm":206946,"stat.pickup.minecraft.wheat":53,"stat.mineBlock.minecraft.mossy_cobblestone":3,"stat.craftItem.minecraft.ladder":21,"stat.mineBlock.minecraft.stone_button":1,"stat.pickup.minecraft.gravel":263,"stat.craftItem.minecraft.cooked_porkchop":34,"stat.mineBlock.minecraft.anvil":2,"stat.pickup.minecraft.obsidian":14,"stat.mineBlock.zawa.amazon_sword":1,"stat.pickup.minecraft.stone_brick_stairs":10,"stat.pickup.minecraft.diamond_sword":3,"stat.craftItem.minecraft.diamond_sword":1,"stat.jump":12622,"stat.useItem.minecraft.sand":74,"stat.pickup.minecraft.fence":25,"stat.pickup.minecraft.coal":1252,"stat.pickup.minecraft.iron_helmet":1,"stat.pickup.minecraft.iron_ingot":66,"stat.useItem.minecraft.dark_oak_boat":1,"stat.craftItem.minecraft.lever":2,"stat.useItem.minecraft.stone_axe":1,"stat.drop.minecraft.diamond_sword":3,"stat.pickup.minecraft.gunpowder":15,"stat.pickup.minecraft.spider_eye":8,"stat.mineBlock.craftingstation.crafting_station":2,"stat.pickup.minecraft.dirt":818,"stat.craftItem.minecraft.iron_helmet":1,"stat.pickup.minecraft.diamond_ore":3,"stat.pickup.minecraft.iron_ore":340,"stat.useItem.minecraft.glass":5,"stat.mineBlock.mca.rose_gold_ore":66,"stat.boatOneCm":285204,"stat.pickup.minecraft.gold_ore":77,"stat.mineBlock.minecraft.iron_bars":27,"stat.mineBlock.minecraft.lapis_ore":50,"stat.killEntity.camocreepers:CamoCreeper":4,"stat.pickup.minecraft.iron_axe":4,"stat.pickup.minecraft.leaves":1,"stat.mineBlock.minecraft.glass_pane":6,"tombstone:sneak_grave":4,"stat.mineBlock.minecraft.stone_stairs":12,"stat.brewingstandInteraction":1,"stat.damageTaken":13687,"stat.pickup.minecraft.leather":7,"stat.craftItem.minecraft.iron_bars":272,"stat.useItem.minecraft.stone_brick_stairs":42,"stat.mineBlock.minecraft.torch":45,"stat.mineBlock.minecraft.furnace":23,"stat.mineBlock.minecraft.red_flower":3,"stat.useItem.minecraft.wooden_pickaxe":101,"stat.tradedWithVillager":2,"stat.craftItem.betteranimalsplus.pheasantcooked":5,"stat.pickup.minecraft.log2":59,"stat.pickup.globalxp.xp_block":1,"stat.pickup.minecraft.reeds":59,"stat.pickup.minecraft.bed":10,"tombstone:undead_killed":153,"stat.useItem.tombstone.grave_key":19,"stat.pickup.minecraft.potato":126,"stat.pickup.minecraft.oak_stairs":1,"stat.entityKilledBy.Zombie":3,"stat.mineBlock.minetraps.obstacle":1,"stat.damageDealt":64462,"stat.craftItem.minecraft.glass":14,"stat.sleepInBed":8,"stat.craftItem.minecraft.baked_potato":59,"stat.killEntity.Silverfish":148,"stat.killEntity.Cow":3,"stat.useItem.minecraft.crafting_table":1,"stat.killEntity.Pig":20,"stat.craftItem.minecraft.iron_sword":4,"stat.pickup.zawa.rat_raw":1,"stat.useItem.minecraft.air":225,"stat.craftItem.securitycraft.universal_block_reinforcer_lvl1":2,"stat.walkOneCm":4148784,"stat.useItem.minecraft.chest":3,"stat.pickup.dynamictrees.birchseed":27,"stat.pickup.minecraft.stick":276,"stat.pickup.minecraft.diamond_pickaxe":2,"stat.pickup.securitycraft.reinforced_ladder":3,"stat.mineBlock.minecraft.trapped_chest":1,"stat.pickup.securitycraft.reinforced_stone_brick":16,"stat.mineBlock.chisel.basalt2":70,"stat.pickup.betteranimalsplus.pheasant_egg":2,"stat.craftItem.minecraft.diamond_boots":1,"stat.useItem.securitycraft.reinforced_stone_brick":8,"stat.pickup.minecraft.tnt":32,"stat.useItem.tombstone.gift":2,"stat.pickup.minecraft.stone":968,"stat.craftItem.minecraft.iron_chestplate":1,"stat.pickup.minecraft.baked_potato":209,"stat.pickup.betteranimalsplus.pheasantraw":5,"stat.craftItem.mca.rose_gold_block":10,"stat.pickup.minecraft.ender_pearl":3,"stat.useItem.zawa.large_meat_cooked":3,"stat.drop.mca.baby_girl":1,"stat.pickup.minecraft.cooked_beef":1,"stat.pickup.minecraft.ladder":11,"stat.killEntity.Stray":1,"stat.killEntity.Skeleton":62,"stat.mineBlock.minecraft.tnt":16,"stat.craftItem.minecraft.bookshelf":37,"stat.mineBlock.minecraft.stonebrick":128,"stat.killEntity.Chicken":2,"stat.killEntity.Spider":21,"stat.pickup.zawa.karvy":1,"stat.mobKills":438,"stat.mineBlock.minecraft.bookshelf":31,"stat.craftItem.minecraft.shears":1,"stat.craftItem.minecraft.fence":234,"stat.pickup.securitycraft.reinforced_stone_button":78,"stat.pickup.minecraft.diamond":32,"stat.pickup.minecraft.beetroot_seeds":22,"stat.pickup.minecraft.torch":71,"stat.mineBlock.minecraft.redstone_ore":1,"stat.mineBlock.zawa.peach_flower":1,"stat.mineBlock.minecraft.stone":5465}