{"stat.pickup.minecraft.bone":2,"stat.leaveGame":1,"stat.pickup.minecraft.arrow":5,"stat.useItem.zawa.bird_meat_cooked":5,"stat.mineBlock.minecraft.sandstone":2,"stat.useItem.minecraft.rotten_flesh":2,"stat.jump":550,"stat.swimOneCm":4285,"stat.useItem.minecraft.sand":2,"stat.pickup.minecraft.coal":3,"stat.fallOneCm":13577,"stat.useItem.minecraft.planks":3,"stat.useItem.minecraft.stone_axe":1,"stat.pickup.minecraft.gunpowder":1,"stat.pickup.minecraft.porkchop":1,"stat.crouchOneCm":2287,"stat.craftItem.minecraft.torch":12,"stat.pickup.minecraft.dirt":11,"stat.useItem.minecraft.dirt":2,"stat.pickup.zawa.bird_meat":5,"stat.craftingTableInteraction":7,"stat.pickup.minecraft.rotten_flesh":3,"stat.pickup.minecraft.sand":8,"stat.drop.zawa.brain_coral":1,"stat.pickup.zawa.brain_coral":1,"stat.craftItem.minecraft.furnace":1,"stat.killEntity.camocreepers:CamoCreeper":2,"stat.craftItem.minecraft.stone_axe":1,"stat.damageTaken":1072,"stat.pickup.minecraft.feather":9,"stat.pickup.minecraft.leather":1,"stat.mineBlock.minecraft.red_flower":1,"stat.craftItem.minecraft.stone_pickaxe":1,"stat.mineBlock.minecraft.furnace":1,"stat.mineBlock.minecraft.torch":2,"stat.useItem.minecraft.reeds":2,"stat.useItem.minecraft.wooden_pickaxe":20,"stat.pickup.minecraft.cobblestone":22,"stat.pickup.minecraft.planks":40,"stat.pickup.minecraft.reeds":9,"stat.mineBlock.chisel.limestone2":6,"stat.pickup.chisel.limestone2":6,"stat.craftItem.minecraft.stone_sword":1,"stat.flyOneCm":110180,"stat.pickup.minecraft.sandstone":2,"tombstone:undead_killed":2,"stat.pickup.minecraft.wheat_seeds":1,"stat.mineBlock.minecraft.sand":4,"stat.useItem.chisel.limestone2":5,"stat.useItem.minecraft.stone_pickaxe":18,"stat.useItem.minecraft.stone_sword":15,"stat.damageDealt":2628,"stat.timeSinceDeath":3741,"stat.mineBlock.minecraft.dirt":2,"stat.craftItem.minecraft.wooden_pickaxe":1,"stat.killEntity.Pig":1,"stat.useItem.minecraft.air":13,"stat.pickup.zawa.mixed_coral_rocks":1,"stat.walkOneCm":81713,"stat.useItem.minecraft.torch":4,"stat.pickup.dynamictrees.birchseed":2,"stat.pickup.minecraft.stick":13,"stat.pickup.minecraft.crafting_table":2,"stat.craftItem.minecraft.crafting_table":2,"stat.furnaceInteraction":9,"stat.mineBlock.zawa.mixed_coral_rocks":1,"stat.mineBlock.minecraft.coal_ore":3,"stat.useItem.dynamictrees.oakseed":1,"stat.pickup.minecraft.log":23,"stat.mineBlock.minecraft.grass":2,"stat.pickup.minecraft.furnace":2,"stat.pickup.zawa.large_meat_raw":5,"stat.craftItem.zawa.bird_meat_cooked":5,"stat.entityKilledBy.Skeleton":1,"stat.pickup.minecraft.baked_potato":15,"stat.mineBlock.zawa.brain_coral":1,"stat.sprintOneCm":62446,"stat.craftItem.minecraft.wooden_axe":1,"stat.craftItem.minecraft.stick":4,"stat.killEntity.Skeleton":1,"stat.craftItem.minecraft.planks":56,"stat.mineBlock.minecraft.crafting_table":2,"stat.mobKills":11,"stat.pickup.dynamictrees.oakseed":12,"stat.deaths":1,"stat.craftItem.minecraft.sugar":6,"stat.drop":2,"stat.playOneMinute":21355,"stat.pickup.minecraft.torch":2,"stat.pickup.minecraft.red_flower":1,"stat.sneakTime":516,"stat.killEntity.Zombie":1,"stat.useItem.minecraft.baked_potato":6,"stat.pickup.zawa.care_guide":1,"stat.useItem.minecraft.wooden_axe":32,"stat.drop.zawa.care_guide":1,"stat.mineBlock.minecraft.stone":23,"stat.mineBlock.minecraft.tallgrass":6,"stat.diveOneCm":8662,"stat.useItem.minecraft.sandstone":1}