{"stat.useItem.minecraft.bow":9,"stat.leaveGame":3,"stat.useItem.minecraft.bookshelf":18,"stat.craftItem.minecraft.iron_axe":1,"stat.useItem.zawa.bird_meat_cooked":5,"stat.mineBlock.minecraft.sandstone":6,"stat.pickup.zawa.worm":1,"stat.craftItem.zawa.bush_meat_cooked":5,"stat.useItem.minecraft.planks":3,"stat.craftItem.minecraft.shield":1,"stat.pickup.minecraft.porkchop":1,"stat.drop.minecraft.iron_sword":1,"stat.useItem.minecraft.water_bucket":3,"stat.pickup.minecraft.rotten_flesh":36,"stat.pickup.minecraft.sand":9,"stat.pickup.zawa.brain_coral":1,"stat.craftItem.minecraft.stone_axe":1,"stat.killEntity.Enderman":2,"stat.craftItem.minecraft.stone_sword":1,"stat.craftItem.minecraft.iron_shovel":1,"stat.mineBlock.minecraft.sand":5,"stat.useItem.minecraft.iron_pickaxe":451,"stat.craftItem.minecraft.wooden_pickaxe":1,"stat.useItem.minecraft.iron_shovel":8,"stat.pickup.minecraft.double_plant":2,"stat.trappedChestTriggered":34,"stat.mineBlock.chisel.marble2":16,"stat.mineBlock.minecraft.vine":2,"stat.furnaceInteraction":97,"stat.killEntity.ZombieVillager":1,"stat.pickup.minecraft.furnace":10,"stat.pickup.zawa.large_meat_raw":5,"stat.craftItem.zawa.bird_meat_cooked":5,"stat.pickup.minecraft.iron_chestplate":1,"stat.pickup.tombstone.magic_scroll":4,"stat.pickup.mca.rose_gold_ore":3,"stat.pickup.tombstone.gift":1,"stat.pickup.minecraft.stone_stairs":2,"stat.pickup.dynamictrees.oakseed":23,"stat.useItem.minecraft.dye":88,"stat.deaths":1,"stat.playOneMinute":160167,"stat.craftItem.minecraft.iron_pickaxe":1,"stat.pickup.zawa.care_guide":1,"stat.pickup.chisel.marble2":3,"stat.mineBlock.minecraft.tallgrass":33,"stat.pickup.minecraft.netherrack":2,"stat.chestOpened":27,"stat.useItem.minecraft.stone":154,"stat.mineBlock.minecraft.netherrack":2,"stat.pickup.minecraft.arrow":17,"stat.pickup.minecraft.iron_sword":1,"stat.pickup.minecraft.wooden_pressure_plate":10,"stat.fallOneCm":34463,"stat.pickup.chisel.basalt2":6,"stat.pickup.minecraft.carrot":129,"stat.drop.minecraft.stone_sword":1,"stat.crouchOneCm":107961,"stat.craftItem.minecraft.diamond":3,"stat.mineBlock.minecraft.chest":2,"stat.craftItem.minecraft.iron_ingot":81,"stat.craftItem.minecraft.chest":3,"stat.craftingTableInteraction":42,"stat.mineBlock.minecraft.wooden_pressure_plate":12,"stat.pickup.minecraft.feather":9,"stat.drop.minecraft.iron_leggings":1,"stat.useItem.minecraft.reeds":2,"stat.useItem.minecraft.furnace":4,"stat.pickup.minecraft.dye":129,"stat.pickup.minecraft.planks":54,"stat.pickup.chisel.limestone2":11,"stat.pickup.minecraft.wheat_seeds":5,"stat.mineBlock.minecraft.gravel":12,"stat.useItem.minecraft.stone_pickaxe":147,"stat.useItem.minecraft.stone_sword":15,"stat.craftItem.minecraft.iron_leggings":1,"stat.mineBlock.minecraft.dirt":25,"stat.mineBlock.minecraft.monster_egg":3,"stat.pickup.zawa.mixed_coral_rocks":1,"stat.useItem.minecraft.torch":157,"stat.drop.tombstone.crafting_ingredient":3,"stat.drop.minecraft.rotten_flesh":5,"stat.pickup.minecraft.crafting_table":3,"stat.useItem.minecraft.cobblestone":353,"stat.craftItem.minecraft.crafting_table":9,"stat.mineBlock.minecraft.double_plant":3,"stat.pickup.betteranimalsplus.pheasantcooked":5,"stat.useItem.dynamictrees.oakseed":1,"stat.pickup.minecraft.log":42,"stat.useItem.zawa.bush_meat_cooked":3,"stat.pickup.zawa.large_sea_anemone":1,"stat.craftItem.zawa.large_meat_cooked":5,"stat.drop.minecraft.carrot":5,"stat.craftItem.minecraft.gold_ingot":12,"stat.mineBlock.zawa.brain_coral":1,"stat.mineBlock.minecraft.iron_block":2,"stat.craftItem.minecraft.bucket":1,"stat.craftItem.minecraft.planks":128,"stat.useItem.minecraft.iron_sword":231,"stat.pickup.minecraft.stone_sword":1,"stat.pickup.minecraft.book":51,"stat.useItem.minecraft.stone_hoe":52,"stat.craftItem.minecraft.sugar":6,"stat.pickup.minecraft.red_flower":1,"stat.sneakTime":25691,"stat.useItem.minecraft.baked_potato":15,"stat.useItem.minecraft.wooden_axe":32,"stat.pickup.minecraft.chest":2,"stat.craftItem.minecraft.enchanting_table":1,"stat.drop.minecraft.stone_pickaxe":2,"stat.craftItem.minecraft.diamond_chestplate":1,"stat.pickup.minecraft.bone":30,"stat.craftItem.minecraft.diamond_leggings":1,"stat.pickup.minecraft.bookshelf":19,"stat.useItem.minecraft.iron_axe":25,"stat.mineBlock.minecraft.cobblestone":93,"stat.useItem.minecraft.diamond_sword":46,"stat.swimOneCm":49524,"stat.climbOneCm":5822,"stat.pickup.minecraft.enchanted_book":3,"stat.useItem.minecraft.dirt":41,"stat.pickup.minecraft.bow":2,"stat.pickup.zawa.bird_meat":5,"stat.drop.zawa.brain_coral":1,"stat.craftItem.minecraft.furnace":5,"stat.pickup.minecraft.enchanting_table":1,"stat.craftItem.minecraft.iron_boots":1,"stat.pickup.minecraft.anvil":3,"stat.craftItem.minecraft.stone_pickaxe":2,"stat.mineBlock.minecraft.obsidian":18,"stat.pickup.minecraft.cobblestone":792,"stat.mineBlock.chisel.limestone2":18,"stat.flyOneCm":331355,"stat.useItem.tombstone.scroll_buff":2,"stat.pickup.minecraft.sandstone":2,"stat.useItem.chisel.limestone2":5,"stat.pickup.minecraft.redstone":84,"stat.mineBlock.minecraft.iron_ore":141,"stat.timeSinceDeath":142553,"stat.pickup.minecraft.mutton":12,"stat.pickup.minecraft.mossy_cobblestone":2,"stat.mineBlock.minecraft.enchanting_table":1,"stat.drop.minecraft.dirt":22,"stat.useItem.minecraft.cooked_porkchop":7,"stat.mineBlock.minecraft.coal_ore":86,"stat.pickup.zawa.bush_meat_cooked":2,"tombstone:tomb_raiding":1,"stat.pickup.minecraft.shield":1,"stat.killEntity.Creeper":1,"stat.talkedToVillager":2,"stat.craftItem.minecraft.stone_hoe":1,"stat.mineBlock.minecraft.grass":18,"stat.pickup.tombstone.crafting_ingredient":9,"stat.entityKilledBy.Skeleton":1,"stat.sprintOneCm":340633,"stat.craftItem.minecraft.wooden_axe":1,"stat.craftItem.minecraft.stick":40,"stat.useItem.tombstone.magic_scroll":15,"stat.mineBlock.minecraft.diamond_ore":18,"stat.mineBlock.minecraft.crafting_table":3,"stat.useItem.minecraft.diamond_pickaxe":1717,"stat.useItem.minecraft.carrot":108,"stat.mineBlock.minecraft.planks":10,"stat.drop":26,"stat.drop.zawa.large_sea_anemone":1,"stat.craftItem.minecraft.diamond_pickaxe":2,"stat.pickup.minecraft.iron_block":7,"stat.killEntity.Zombie":37,"stat.craftItem.minecraft.dye":90,"stat.mineBlock.minecraft.gold_ore":35,"stat.diveOneCm":27778,"stat.mineBlock.minecraft.mossy_cobblestone":1,"stat.drop.minecraft.wooden_pickaxe":1,"stat.craftItem.minecraft.cooked_porkchop":7,"stat.mineBlock.minecraft.anvil":3,"stat.pickup.minecraft.obsidian":18,"stat.useItem.minecraft.rotten_flesh":4,"stat.craftItem.minecraft.diamond_sword":1,"stat.jump":2264,"stat.useItem.minecraft.sand":2,"stat.pickup.minecraft.coal":98,"stat.pickup.minecraft.iron_ingot":13,"stat.useItem.minecraft.stone_axe":2,"stat.pickup.minecraft.gunpowder":2,"stat.craftItem.minecraft.torch":140,"stat.pickup.minecraft.dirt":100,"stat.craftItem.minecraft.iron_helmet":1,"stat.pickup.minecraft.iron_ore":205,"stat.mineBlock.mca.rose_gold_ore":6,"stat.pickup.minecraft.gold_ore":48,"stat.mineBlock.minecraft.lapis_ore":13,"stat.killEntity.camocreepers:CamoCreeper":3,"stat.pickup.minecraft.leaves":3,"tombstone:sneak_grave":1,"stat.mineBlock.minecraft.stone_stairs":1,"stat.damageTaken":2544,"stat.pickup.minecraft.leather":1,"stat.mineBlock.minecraft.red_flower":1,"stat.mineBlock.minecraft.furnace":5,"stat.mineBlock.minecraft.torch":23,"stat.useItem.minecraft.wooden_pickaxe":20,"stat.pickup.minecraft.reeds":9,"stat.pickup.minecraft.bed":2,"tombstone:undead_killed":58,"stat.damageDealt":15221,"stat.killEntity.Silverfish":7,"stat.killEntity.Pig":1,"stat.craftItem.minecraft.iron_sword":1,"stat.useItem.minecraft.air":58,"stat.walkOneCm":571665,"stat.useItem.minecraft.chest":2,"stat.playerKills":2,"stat.pickup.dynamictrees.birchseed":2,"stat.pickup.minecraft.stick":48,"stat.mineBlock.zawa.mixed_coral_rocks":1,"stat.mineBlock.chisel.basalt2":11,"stat.drop.minecraft.iron_block":3,"stat.useItem.tombstone.gift":1,"stat.pickup.minecraft.tnt":1,"stat.pickup.minecraft.stone":284,"stat.craftItem.minecraft.iron_chestplate":1,"stat.pickup.minecraft.baked_potato":15,"stat.useItem.zawa.large_meat_cooked":5,"stat.pickup.minecraft.ender_pearl":2,"stat.mineBlock.zawa.large_sea_anemone":1,"stat.pickup.minecraft.gold_ingot":22,"stat.killEntity.Skeleton":20,"stat.mineBlock.minecraft.farmland":1,"stat.mineBlock.minecraft.tnt":1,"stat.drop.minecraft.filled_map":1,"stat.mobKills":82,"stat.mineBlock.minecraft.bookshelf":26,"stat.pickup.minecraft.water_bucket":1,"stat.pickup.minecraft.diamond":21,"stat.pickup.minecraft.torch":22,"stat.drop.minecraft.stone_axe":1,"stat.drop.zawa.care_guide":1,"stat.mineBlock.minecraft.stone":1761,"stat.useItem.minecraft.sandstone":1}