{"stat.drop.minecraft.stone_pickaxe":2,"stat.craftItem.minecraft.diamond_chestplate":1,"stat.useItem.minecraft.bow":9,"stat.pickup.minecraft.bone":14,"stat.useItem.minecraft.iron_axe":15,"stat.leaveGame":1,"stat.mineBlock.minecraft.cobblestone":28,"stat.craftItem.minecraft.iron_axe":1,"stat.useItem.zawa.bird_meat_cooked":5,"stat.mineBlock.minecraft.sandstone":2,"stat.swimOneCm":7115,"stat.pickup.zawa.worm":1,"stat.useItem.minecraft.planks":3,"stat.craftItem.minecraft.shield":1,"stat.climbOneCm":1232,"stat.pickup.minecraft.porkchop":1,"stat.useItem.minecraft.dirt":2,"stat.pickup.minecraft.bow":1,"stat.pickup.zawa.bird_meat":5,"stat.drop.minecraft.iron_sword":1,"stat.pickup.minecraft.rotten_flesh":26,"stat.pickup.minecraft.sand":8,"stat.drop.zawa.brain_coral":1,"stat.pickup.zawa.brain_coral":1,"stat.craftItem.minecraft.furnace":3,"stat.craftItem.minecraft.stone_axe":1,"stat.craftItem.minecraft.iron_boots":1,"stat.craftItem.minecraft.stone_pickaxe":2,"stat.mineBlock.minecraft.obsidian":2,"stat.pickup.minecraft.cobblestone":349,"stat.mineBlock.chisel.limestone2":10,"stat.craftItem.minecraft.stone_sword":1,"stat.flyOneCm":135582,"stat.pickup.minecraft.sandstone":2,"stat.mineBlock.minecraft.sand":4,"stat.useItem.chisel.limestone2":5,"stat.pickup.minecraft.redstone":84,"stat.mineBlock.minecraft.iron_ore":85,"stat.timeSinceDeath":37950,"stat.useItem.minecraft.iron_pickaxe":95,"stat.craftItem.minecraft.wooden_pickaxe":1,"stat.pickup.minecraft.mossy_cobblestone":2,"stat.trappedChestTriggered":13,"stat.mineBlock.chisel.marble2":3,"stat.furnaceInteraction":58,"stat.drop.minecraft.dirt":21,"stat.mineBlock.minecraft.coal_ore":31,"stat.mineBlock.minecraft.grass":3,"stat.pickup.minecraft.furnace":8,"stat.pickup.zawa.large_meat_raw":5,"stat.craftItem.zawa.bird_meat_cooked":5,"stat.entityKilledBy.Skeleton":1,"stat.sprintOneCm":112319,"stat.craftItem.minecraft.wooden_axe":1,"stat.craftItem.minecraft.stick":8,"stat.pickup.tombstone.magic_scroll":2,"stat.pickup.mca.rose_gold_ore":3,"stat.useItem.tombstone.magic_scroll":2,"stat.pickup.minecraft.stone_stairs":2,"stat.mineBlock.minecraft.diamond_ore":12,"stat.mineBlock.minecraft.crafting_table":2,"stat.useItem.minecraft.diamond_pickaxe":370,"stat.pickup.dynamictrees.oakseed":15,"stat.deaths":1,"stat.mineBlock.minecraft.planks":7,"stat.drop":9,"stat.playOneMinute":55564,"stat.craftItem.minecraft.iron_pickaxe":1,"stat.craftItem.minecraft.diamond_pickaxe":1,"stat.killEntity.Zombie":19,"stat.pickup.zawa.care_guide":1,"stat.pickup.chisel.marble2":3,"stat.mineBlock.minecraft.gold_ore":9,"stat.mineBlock.minecraft.tallgrass":6,"stat.diveOneCm":8715,"stat.mineBlock.minecraft.mossy_cobblestone":1,"stat.drop.minecraft.wooden_pickaxe":1,"stat.pickup.minecraft.arrow":12,"stat.pickup.minecraft.iron_sword":1,"stat.craftItem.minecraft.cooked_porkchop":1,"stat.pickup.minecraft.obsidian":2,"stat.useItem.minecraft.rotten_flesh":2,"stat.jump":822,"stat.useItem.minecraft.sand":2,"stat.pickup.minecraft.coal":48,"stat.fallOneCm":13846,"stat.pickup.chisel.basalt2":6,"stat.pickup.minecraft.carrot":1,"stat.useItem.minecraft.stone_axe":2,"stat.drop.minecraft.stone_sword":1,"stat.pickup.minecraft.gunpowder":2,"stat.crouchOneCm":28130,"stat.craftItem.minecraft.torch":28,"stat.craftItem.minecraft.iron_ingot":57,"stat.pickup.minecraft.dirt":45,"stat.craftItem.minecraft.iron_helmet":1,"stat.craftingTableInteraction":24,"stat.pickup.minecraft.iron_ore":82,"stat.mineBlock.mca.rose_gold_ore":3,"stat.pickup.minecraft.gold_ore":10,"stat.mineBlock.minecraft.lapis_ore":10,"stat.killEntity.camocreepers:CamoCreeper":2,"stat.mineBlock.minecraft.stone_stairs":1,"stat.damageTaken":1476,"stat.pickup.minecraft.feather":9,"stat.pickup.minecraft.leather":1,"stat.mineBlock.minecraft.red_flower":1,"stat.mineBlock.minecraft.furnace":5,"stat.mineBlock.minecraft.torch":4,"stat.useItem.minecraft.reeds":2,"stat.useItem.minecraft.wooden_pickaxe":20,"stat.useItem.minecraft.furnace":2,"stat.pickup.minecraft.dye":52,"stat.pickup.minecraft.planks":47,"stat.pickup.minecraft.reeds":9,"stat.pickup.chisel.limestone2":10,"tombstone:undead_killed":26,"stat.pickup.minecraft.wheat_seeds":1,"stat.mineBlock.minecraft.gravel":7,"stat.useItem.minecraft.stone_pickaxe":147,"stat.useItem.minecraft.stone_sword":15,"stat.craftItem.minecraft.iron_leggings":1,"stat.damageDealt":6561,"stat.mineBlock.minecraft.dirt":14,"stat.killEntity.Pig":1,"stat.craftItem.minecraft.iron_sword":1,"stat.useItem.minecraft.air":22,"stat.pickup.zawa.mixed_coral_rocks":1,"stat.walkOneCm":195228,"stat.useItem.minecraft.torch":30,"stat.pickup.dynamictrees.birchseed":2,"stat.pickup.minecraft.stick":19,"stat.pickup.minecraft.crafting_table":2,"stat.useItem.minecraft.cobblestone":146,"stat.craftItem.minecraft.crafting_table":4,"stat.mineBlock.zawa.mixed_coral_rocks":1,"stat.useItem.dynamictrees.oakseed":1,"stat.mineBlock.chisel.basalt2":7,"stat.pickup.minecraft.log":29,"stat.craftItem.zawa.large_meat_cooked":5,"stat.pickup.minecraft.stone":54,"stat.craftItem.minecraft.iron_chestplate":1,"stat.pickup.minecraft.baked_potato":15,"stat.mineBlock.zawa.brain_coral":1,"stat.useItem.zawa.large_meat_cooked":2,"stat.pickup.minecraft.gold_ingot":8,"stat.killEntity.Skeleton":7,"stat.craftItem.minecraft.planks":56,"stat.useItem.minecraft.iron_sword":80,"stat.pickup.minecraft.stone_sword":1,"stat.mobKills":38,"stat.pickup.minecraft.book":21,"stat.mineBlock.minecraft.bookshelf":7,"stat.craftItem.minecraft.sugar":6,"stat.pickup.minecraft.diamond":12,"stat.pickup.minecraft.torch":4,"stat.pickup.minecraft.red_flower":1,"stat.sneakTime":8096,"stat.drop.minecraft.stone_axe":1,"stat.useItem.minecraft.baked_potato":11,"stat.useItem.minecraft.wooden_axe":32,"stat.drop.zawa.care_guide":1,"stat.mineBlock.minecraft.stone":383,"stat.useItem.minecraft.sandstone":1}