{"stat.useItem.zawa.orca":7,"stat.pickup.minecraft.wooden_slab":2,"stat.useItem.dynamictrees.appleseed":2,"stat.leaveGame":14,"stat.killEntity.betteranimalsplus.goat":1,"stat.pickup.betteranimalsplus.goose_egg":2,"stat.pickup.tombstone.familiar_stone":5,"stat.craftItem.minecraft.ender_eye":2,"stat.mineBlock.minecraft.stained_glass":6,"stat.pickup.zawa.worm":30,"stat.craftItem.minecraft.shield":1,"stat.mineBlock.minetraps.nail_trap":3,"stat.drop.minecraft.feather":2,"stat.drop.minecraft.iron_sword":3,"stat.pickup.minecraft.rotten_flesh":124,"stat.drop.twilightforest.magic_map":1,"stat.useItem.chisel.marble":15,"stat.killEntity.Enderman":5,"stat.useItem.twilightforest.seeker_bow":15,"stat.mineBlock.minecraft.wooden_slab":2,"stat.useItem.dynamictrees.dirtbucket":4,"stat.pickup.zawa.reptile_hide":1,"stat.killEntity.betteranimalsplus.brownbear":2,"stat.craftItem.minecraft.iron_shovel":3,"stat.pickup.minecraft.brown_mushroom":1,"stat.killEntity.twilightforest.goblin_knight_lower":1,"stat.killEntity.Witch":1,"stat.useItem.zawa.carnivore_meat_cooked":2,"stat.useItem.minecraft.iron_pickaxe":1985,"stat.pickup.securitycraft.universal_block_remover":2,"stat.craftItem.minecraft.iron_door":3,"stat.useItem.minecraft.iron_shovel":588,"stat.pickup.minecraft.double_plant":14,"stat.craftItem.minecraft.glass_pane":16,"stat.mineBlock.chisel.marble2":328,"stat.mineBlock.minecraft.vine":2,"stat.mineBlock.chisel.marble1":23,"stat.furnaceInteraction":420,"stat.killEntity.ZombieVillager":3,"stat.drop.twilightforest.mangrove_planks":1,"stat.drop.securitycraft.door_indestructible_iron_item":1,"stat.pickup.zawa.large_meat_raw":3,"stat.useItem.minecraft.stained_glass":4,"stat.useItem.minecraft.fence":35,"stat.pickup.mca.rose_gold_ore":49,"stat.mineBlock.twilightforest.naga_stone":4,"stat.useItem.minecraft.flint_and_steel":8,"stat.mineBlock.minecraft.fence":10,"stat.craftItem.zawa.carnivore_meat_cooked":2,"stat.killEntity.betteranimalsplus.zotzpyre":1,"stat.pickup.minecraft.emerald":16,"stat.pickup.minetraps.bear_trap":3,"stat.craftItem.securitycraft.laser_block":2,"stat.pickup.dynamictrees.oakseed":203,"stat.deaths":17,"stat.pickup.securitycraft.reinforced_dirt":12,"stat.craftItem.minecraft.iron_pickaxe":8,"stat.craftItem.craftingstation.crafting_station":1,"stat.pickup.twilightforest.armor_shard":1,"stat.pickup.zawa.care_guide":1,"stat.pickup.zawa.cetacean_meat_raw":2,"stat.drop.minecraft.iron_ingot":1,"stat.pickup.chisel.marble1":23,"stat.pickup.chisel.marble2":328,"stat.mineBlock.minecraft.tallgrass":37,"stat.chestOpened":244,"stat.craftItem.twilightforest.magic_map_empty":1,"stat.craftItem.minecraft.sign":6,"stat.useItem.minecraft.stone":59,"stat.pickup.minecraft.arrow":59,"stat.pickup.minecraft.iron_sword":3,"stat.useItem.minecraft.grass":2,"stat.killEntity.twilightforest.yeti":3,"stat.pickup.minecraft.gold_nugget":3,"stat.craftItem.minecraft.coal":18,"stat.craftItem.dynamictrees.appleseed":3,"stat.pickup.zawa.tiger_fur":1,"stat.pickup.chisel.basalt2":29,"stat.pickup.betteranimalsplus.bear_skin_brown":2,"stat.pickup.minecraft.carrot":10,"stat.crouchOneCm":176685,"stat.mineBlock.minecraft.chest":5,"stat.craftItem.minecraft.iron_ingot":256,"stat.pickup.minecraft.painting":36,"stat.pickup.craftingstation.crafting_station":4,"stat.craftingTableInteraction":200,"stat.useItem.chisel.marble1":71,"stat.useItem.chisel.marble2":333,"stat.pickup.zawa.ostritch_fern":2,"stat.pickup.twilightforest.firefly_jar":2,"stat.pickup.minecraft.dye":396,"stat.pickup.minecraft.planks":61,"stat.pickup.chisel.limestone2":75,"stat.pickup.minecraft.wheat_seeds":12,"stat.useItem.mowziesmobs.wrought_axe":8,"stat.mineBlock.minecraft.dirt":507,"stat.pickup.minecraft.poisonous_potato":1,"stat.craftItem.twilightforest.magic_map_focus":1,"stat.drop.minecraft.rotten_flesh":9,"stat.useItem.minecraft.cobblestone":1118,"stat.pickup.minecraft.magma":4,"stat.mineBlock.minecraft.double_plant":17,"stat.useItem.dynamictrees.oakseed":38,"stat.pickup.securitycraft.reinforced_stone":11,"stat.useItem.minecraft.yellow_flower":25,"stat.craftItem.minecraft.gold_ingot":43,"stat.craftItem.chisel.chisel_iron":2,"stat.pickup.minecraft.apple":21,"stat.mineBlock.twilightforest.twilight_leaves":2,"stat.craftItem.securitycraft.door_indestructible_iron_item":2,"stat.drop.minecraft.fish":2,"stat.drop.dynamictrees.oakseed":4,"stat.useItem.minecraft.iron_sword":380,"stat.craftItem.minecraft.planks":524,"stat.useItem.securitycraft.universal_block_remover":89,"stat.useItem.betteranimalsplus.goose_egg":2,"stat.pickup.minecraft.book":90,"stat.useItem.minecraft.stonebrick":1,"stat.mineBlock.minecraft.log":1,"stat.useItem.chisel.basalt2":1,"stat.pickup.twilightforest.trans_fence":1,"stat.pickup.minecraft.red_flower":6,"stat.mineBlock.chisel.marblepillar":1,"stat.killEntity.betteranimalsplus.badger":1,"stat.useItem.twilightforest.twilight_log":1,"stat.useItem.minecraft.iron_axe":235,"stat.mineBlock.minecraft.cobblestone":110,"stat.mineBlock.minecraft.pumpkin":11,"stat.pickup.minecraft.flint":1,"stat.pickup.twilightforest.mangrove_planks":2,"stat.mineBlock.minecraft.yellow_flower":28,"stat.craftItem.tombstone.grave_key":14,"stat.pickup.minecraft.flower_pot":1,"stat.mineBlock.minecraft.stained_glass_pane":56,"stat.pickup.minecraft.enchanted_book":1,"stat.drop.minecraft.cobblestone":13,"stat.pickup.minecraft.cooked_porkchop":5,"stat.useItem.securitycraft.dirt_mine":1,"stat.pickup.betteranimalsplus.wolf_pelt_red":3,"stat.pickup.minecraft.bow":2,"stat.craftItem.minecraft.furnace":9,"stat.useItem.minetraps.bear_trap":5,"stat.mineBlock.zawa.ostritch_fern":2,"stat.flyOneCm":3060274,"stat.pickup.minecraft.fish":3,"stat.craftItem.minecraft.stained_glass":72,"stat.timeSinceDeath":111809,"stat.drop.minecraft.spider_eye":1,"stat.useItem.minecraft.wooden_slab":154,"stat.killEntity.Bat":1,"stat.craftItem.minecraft.stonebrick":4,"stat.mineBlock.twilightforest.firefly_jar":1,"stat.craftItem.minetraps.nails":54,"stat.useItem.minecraft.potato":78,"stat.pickup.securitycraft.keypad":1,"stat.pickup.twilightforest.naga_scale":2,"stat.mineBlock.minecraft.coal_ore":145,"stat.killEntity.Creeper":19,"stat.talkedToVillager":232,"stat.drop.minecraft.baked_potato":17,"stat.pickup.minecraft.string":2,"stat.pickup.comforts.sleeping_bag":14,"stat.pickup.tombstone.crafting_ingredient":36,"stat.entityKilledBy.Skeleton":2,"stat.pickup.minecraft.birch_stairs":2,"stat.useItem.minecraft.written_book":3,"stat.sprintOneCm":3334838,"stat.useItem.minetraps.fall_trap":14,"stat.craftItem.trashcans.item_trash_can":1,"stat.useItem.minecraft.diamond_shovel":5,"stat.mineBlock.minecraft.stone_slab":1,"stat.killEntity.twilightforest.maze_slime":2,"stat.mineBlock.minecraft.diamond_ore":43,"stat.pickup.minecraft.sugar":2,"stat.pickup.mca.engagement_ring_rg":1,"stat.craftItem.minecraft.emerald":1,"stat.pickup.minecraft.iron_block":2,"stat.killEntity.Zombie":179,"stat.craftItem.minecraft.dye":38,"stat.craftItem.securitycraft.scanner_door_item":2,"stat.mineBlock.minecraft.gold_ore":71,"stat.diveOneCm":117018,"stat.drop.minecraft.diamond_pickaxe":1,"stat.pickup.securitycraft.reinforced_grass":82,"stat.pickup.minecraft.wheat":5,"stat.pickup.minecraft.sign":2,"stat.jump":10817,"stat.pickup.minecraft.coal":176,"stat.pickup.minecraft.iron_ingot":83,"stat.pickup.minetraps.quicksand":6,"stat.craftItem.securitycraft.iron_mine":1,"stat.drop.minecraft.diamond_sword":3,"stat.pickup.minecraft.gunpowder":46,"stat.craftItem.minecraft.torch":56,"stat.pickup.minecraft.dirt":1158,"stat.drop.minecraft.iron_shovel":1,"stat.craftItem.comforts.sleeping_bag":1,"stat.pickup.minecraft.gold_ore":79,"stat.mineBlock.minecraft.lapis_ore":64,"stat.killEntity.camocreepers:CamoCreeper":13,"stat.damageTaken":14613,"stat.mineBlock.minetraps.quicksand":4,"stat.mineBlock.minecraft.red_flower":3,"stat.mineBlock.minecraft.torch":107,"stat.pickup.minecraft.written_book":9,"stat.tradedWithVillager":1,"stat.craftItem.securitycraft.keypad_frame":1,"stat.pickup.minecraft.bed":2,"stat.pickup.minecraft.potato":78,"stat.entityKilledBy.Zombie":5,"stat.killEntity.Silverfish":50,"stat.useItem.minecraft.air":1795,"stat.craftItem.securitycraft.universal_block_reinforcer_lvl1":2,"stat.useItem.minecraft.chest":5,"stat.pickup.twilightforest.naga_stone":3,"stat.pickup.minecraft.diamond_pickaxe":1,"stat.pickup.twilightforest.minotaur_axe_gold":1,"stat.killEntity.betteranimalsplus.feralwolf":4,"stat.pickup.twilightforest.mine_slab":2,"stat.useItem.minecraft.lava_bucket":177,"stat.useItem.minecraft.gold_ore":1,"stat.useItem.tombstone.gift":2,"stat.craftItem.minecraft.iron_chestplate":1,"stat.pickup.minecraft.baked_potato":57,"stat.pickup.minecraft.ender_pearl":6,"stat.mineBlock.minecraft.farmland":1,"stat.craftItem.minecraft.stained_glass_pane":176,"stat.mineBlock.minecraft.tnt":16,"stat.mineBlock.minecraft.stonebrick":12,"stat.mobKills":430,"stat.mineBlock.minecraft.bookshelf":30,"stat.craftItem.minecraft.shears":1,"stat.pickup.securitycraft.reinforced_stone_button":8,"stat.drop.minecraft.written_book":3,"stat.pickup.minecraft.diamond":47,"stat.pickup.minecraft.torch":166,"stat.entityKilledBy.Silverfish":3,"stat.mineBlock.twilightforest.etched_nagastone_mossy":1,"stat.drop.minecraft.arrow":2,"stat.craftItem.minecraft.iron_axe":2,"stat.mineBlock.twilightforest.twilight_plant":5,"stat.pickup.minecraft.lapis_block":1,"stat.useItem.minecraft.planks":259,"stat.pickup.minecraft.glowstone_dust":2,"stat.drop.dynamictrees.birchseed":4,"stat.pickup.minecraft.porkchop":22,"stat.useItem.minecraft.water_bucket":34,"stat.mineBlock.minecraft.stone_brick_stairs":1,"stat.drop.minecraft.poisonous_potato":1,"stat.craftItem.minecraft.golden_apple":5,"stat.pickup.minecraft.sand":111,"stat.pickup.twilightforest.lifedrain_scepter":1,"stat.mineBlock.twilightforest.twilight_log":1,"stat.mineBlock.minecraft.sand":114,"stat.killEntity.twilightforest.kobold":8,"stat.craftItem.minecraft.blaze_powder":2,"stat.drop.minecraft.diamond":5,"stat.useItem.minecraft.spawn_egg":54,"stat.craftItem.securitycraft.reinforced_stone_button":4,"stat.killEntity.twilightforest.skeleton_druid":8,"stat.trappedChestTriggered":26,"stat.pickup.minetraps.fall_trap":2,"stat.useItem.minecraft.oak_stairs":8,"stat.mineBlock.minecraft.lapis_block":1,"stat.mineBlock.minecraft.birch_stairs":2,"stat.pickup.minecraft.furnace":8,"stat.pickup.minecraft.skull":1,"stat.pickup.tombstone.magic_scroll":7,"stat.pickup.twilightforest.arctic_fur":5,"stat.pickup.twilightforest.raven_feather":1,"stat.craftItem.minecraft.fence_gate":1,"stat.killEntity.betteranimalsplus.tarantula":1,"stat.pickup.twilightforest.raw_meef":2,"stat.craftItem.minecraft.heavy_weighted_pressure_plate":10,"stat.playOneMinute":1268418,"stat.drop.securitycraft.universal_block_reinforcer_lvl1":1,"stat.craftItem.securitycraft.keypad_item":2,"stat.drop.minecraft.chest":1,"stat.pickup.minecraft.iron_bars":8,"stat.pickup.minecraft.pumpkin":11,"stat.recordPlayed":6,"stat.pickup.securitycraft.door_indestructible_iron_item":1,"stat.killEntity.twilightforest.death_tome":1,"stat.pickup.chisel.marblepillar":1,"stat.craftItem.minecraft.iron_hoe":3,"stat.pickup.minecraft.cooked_chicken":7,"stat.useItem.minecraft.experience_bottle":128,"stat.fallOneCm":196269,"stat.drop.minecraft.stone":1,"stat.drop.minecraft.gold_ore":1,"stat.craftItem.minecraft.chest":9,"stat.craftItem.minetraps.fall_trap":22,"stat.useItem.minecraft.iron_hoe":125,"stat.pickup.minecraft.feather":6,"stat.useItem.securitycraft.reinforced_dirt":217,"stat.pickup.minecraft.record_cat":6,"stat.craftItem.dynamictrees.dirtbucket":4,"stat.useItem.minecraft.furnace":14,"stat.craftItem.mca.rose_gold_ingot":49,"stat.pickup.minecraft.iron_leggings":1,"stat.mineBlock.minecraft.gravel":12,"stat.useItem.minecraft.stone_pickaxe":1562,"stat.craftItem.minecraft.iron_leggings":2,"stat.pickup.twilightforest.mine_stairs":1,"stat.craftItem.minecraft.oak_stairs":12,"stat.pickup.twilightforest.trophy":2,"stat.craftItem.securitycraft.dirt_mine":2,"stat.pickup.minecraft.record_13":1,"stat.mineBlock.minecraft.monster_egg":16,"stat.useItem.minecraft.torch":252,"stat.useItem.securitycraft.gold_mine":1,"stat.craftItem.minecraft.redstone_block":2,"stat.pickup.minecraft.crafting_table":6,"stat.useItem.minecraft.log":1,"stat.craftItem.minecraft.crafting_table":2,"stat.pickup.minecraft.iron_hoe":1,"stat.mineBlock.minecraft.emerald_ore":16,"stat.pickup.minecraft.log":517,"stat.drop.zawa.blubber":2,"stat.craftItem.minecraft.stone_button":8,"stat.drop.minecraft.planks":1,"stat.pickup.minecraft.sapling":1,"stat.mineBlock.minecraft.iron_block":2,"stat.pickup.minecraft.diamond_helmet":1,"stat.useItem.zawa.large_meat_raw":1,"stat.drop.securitycraft.universal_block_remover":2,"stat.pickup.minecraft.golden_sword":1,"stat.sneakTime":63590,"stat.mineBlock.minecraft.cobblestone_wall":1,"stat.drop.minecraft.bucket":1,"stat.useItem.minecraft.baked_potato":177,"stat.pickup.minecraft.yellow_flower":41,"stat.pickup.minecraft.chest":6,"stat.mineBlock.minetraps.fall_trap":2,"stat.killEntity.twilightforest.lich":1,"stat.pickup.minecraft.bone":74,"stat.pickup.minecraft.redstone_torch":10,"stat.mineBlock.minecraft.brown_mushroom":1,"stat.useItem.minecraft.diamond_sword":817,"stat.swimOneCm":143735,"stat.craftItem.mca.engagement_ring_rg":1,"stat.climbOneCm":13846,"stat.craftItem.securitycraft.mine":6,"stat.mineBlock.minetraps.bear_trap":3,"stat.useItem.minecraft.redstone_torch":8,"stat.useItem.minecraft.dirt":1003,"stat.pickup.twilightforest.magic_map":1,"stat.killEntity.betteranimalsplus.boar":10,"stat.killEntity.twilightforest.firefly":1,"stat.pickup.zawa.bird_meat":1,"stat.useItem.twilightforest.naga_stone":2,"stat.pickup.zawa.carnivore_meat_raw":2,"stat.pickup.minecraft.anvil":2,"stat.drop.minecraft.ender_pearl":1,"stat.craftItem.minecraft.stone_pickaxe":12,"stat.mineBlock.minecraft.magma":4,"stat.pickup.minecraft.cobblestone":1818,"stat.mineBlock.minecraft.carpet":1,"stat.useItem.minecraft.stone_shovel":533,"stat.mineBlock.chisel.limestone2":76,"stat.drop.zawa.cetacean_meat_raw":2,"stat.pickup.minetraps.nail_trap":3,"stat.useItem.chisel.limestone2":15,"stat.drop.minecraft.wheat_seeds":1,"stat.craftItem.minecraft.wooden_slab":156,"stat.pickup.minecraft.redstone":315,"stat.mineBlock.minecraft.iron_ore":275,"stat.useItem.minecraft.sign":5,"stat.pickup.minecraft.mutton":1,"stat.craftItem.securitycraft.furnace_mine":1,"stat.pickup.minecraft.stonebrick":6,"stat.pickup.minecraft.iron_shovel":1,"stat.pickup.minecraft.carpet":1,"stat.craftItem.securitycraft.gold_mine":2,"stat.mineBlock.minecraft.grass":648,"stat.pickup.zawa.blubber":2,"stat.pickup.minecraft.paper":3,"stat.craftItem.minecraft.stick":88,"stat.pickup.twilightforest.charm_of_keeping_1":1,"stat.pickup.minecraft.speckled_melon":11,"stat.craftItem.minecraft.stone":42,"stat.pickup.minecraft.grass":8,"stat.craftItem.globalxp.xp_block":1,"stat.mineBlock.minecraft.crafting_table":7,"stat.useItem.minecraft.diamond_pickaxe":3,"stat.useItem.minecraft.carrot":3,"stat.mineBlock.minecraft.planks":35,"stat.drop":112,"stat.pickup.twilightforest.dark_slab":1,"stat.pickup.minecraft.slime_ball":1,"stat.craftItem.securitycraft.retinal_scanner":2,"stat.craftItem.securitycraft.universal_block_remover":1,"stat.craftItem.minecraft.jukebox":1,"stat.pickup.minecraft.gravel":36,"stat.mineBlock.minecraft.anvil":2,"stat.useItem.minecraft.apple":6,"stat.useItem.minetraps.quicksand":1,"stat.useItem.minecraft.porkchop":1,"stat.pickup.twilightforest.torchberries":19,"stat.useItem.minecraft.stained_glass_pane":171,"stat.pickup.minecraft.diamond_sword":3,"stat.pickup.minecraft.fence":10,"stat.pickup.minecraft.spider_eye":2,"stat.mineBlock.craftingstation.crafting_station":4,"stat.useItem.minecraft.cooked_chicken":34,"stat.pickup.minecraft.iron_ore":273,"stat.mineBlock.mca.rose_gold_ore":50,"stat.mineBlock.minecraft.iron_bars":7,"stat.mineBlock.chisel.glasspanedyedcyan":24,"stat.mineBlock.minecraft.stone_stairs":1,"stat.pickup.minecraft.leather":4,"stat.craftItem.minecraft.iron_bars":16,"stat.drop.minecraft.iron_hoe":1,"stat.mineBlock.minecraft.furnace":8,"stat.dispenserInspected":1,"stat.drop.minecraft.water_bucket":1,"stat.killEntity.twilightforest.minotaur":2,"stat.pickup.minecraft.reeds":2,"tombstone:undead_killed":250,"stat.useItem.tombstone.grave_key":3,"stat.pickup.minecraft.oak_stairs":4,"stat.craftItem.minetraps.bear_trap":6,"stat.pickup.minecraft.stained_glass":8,"stat.damageDealt":76607,"stat.craftItem.minecraft.glass":86,"stat.sleepInBed":55,"stat.pickup.twilightforest.twilight_log":3,"stat.craftItem.minecraft.iron_sword":11,"stat.pickup.zawa.rat_raw":1,"stat.craftItem.minecraft.stone_shovel":4,"stat.walkOneCm":2639305,"stat.pickup.dynamictrees.birchseed":9,"stat.pickup.minecraft.stick":558,"stat.mineBlock.chisel.basalt2":39,"stat.pickup.minecraft.tnt":13,"stat.pickup.minecraft.stone":397,"stat.drop.securitycraft.keypad":1,"stat.useItem.minecraft.prismarine":20,"stat.killEntity.Skeleton":56,"stat.mineBlock.minecraft.redstone_torch":10,"stat.killEntity.Spider":9,"stat.craftItem.minecraft.fence":27,"stat.pickup.minecraft.water_bucket":3,"stat.mineBlock.minecraft.leaves":38,"stat.mineBlock.minecraft.redstone_ore":1,"stat.craftItem.minetraps.nail_trap":1,"stat.mineBlock.minecraft.stone":2102}