{"stat.pickup.minecraft.wooden_slab":1,"stat.pickup.terraqueous.flowers_single":61,"stat.leaveGame":12,"stat.pickup.betteranimalsplus.goose_egg":1,"stat.craftItem.minecraft.iron_axe":2,"stat.pickup.tombstone.familiar_stone":1,"stat.craftItem.minecraft.ender_eye":1,"stat.mineBlock.minecraft.stained_glass":6,"stat.pickup.zawa.worm":28,"stat.useItem.minecraft.planks":217,"stat.mineBlock.minetraps.nail_trap":3,"stat.pickup.minecraft.glowstone_dust":2,"stat.drop.minecraft.feather":2,"stat.drop.dynamictrees.birchseed":4,"stat.useItem.terraqueous.doodads":2263,"stat.craftItem.terraqueous.planks":20,"stat.drop.minecraft.iron_sword":3,"stat.useItem.minecraft.water_bucket":11,"stat.pickup.minecraft.rotten_flesh":40,"stat.craftItem.minecraft.golden_apple":5,"stat.pickup.minecraft.sand":110,"stat.useItem.chisel.marble":15,"stat.killEntity.Enderman":3,"stat.useItem.twilightforest.seeker_bow":15,"stat.mineBlock.minecraft.wooden_slab":1,"stat.pickup.zawa.reptile_hide":1,"stat.craftItem.minecraft.iron_shovel":3,"stat.mineBlock.minecraft.sand":113,"stat.killEntity.Witch":1,"stat.craftItem.minecraft.blaze_powder":2,"stat.drop.minecraft.diamond":4,"stat.useItem.minecraft.iron_pickaxe":1082,"stat.useItem.minecraft.spawn_egg":54,"stat.craftItem.securitycraft.reinforced_stone_button":4,"stat.mineBlock.terraqueous.doodads":5,"stat.craftItem.minecraft.iron_door":3,"stat.useItem.minecraft.iron_shovel":481,"stat.pickup.minecraft.double_plant":14,"stat.trappedChestTriggered":15,"stat.craftItem.minecraft.glass_pane":16,"stat.mineBlock.chisel.marble2":322,"stat.pickup.minetraps.fall_trap":1,"stat.mineBlock.minecraft.vine":2,"stat.mineBlock.chisel.marble1":23,"stat.useItem.minecraft.oak_stairs":8,"stat.furnaceInteraction":310,"stat.killEntity.ZombieVillager":2,"stat.pickup.minecraft.furnace":8,"stat.useItem.minecraft.stained_glass":4,"stat.pickup.tombstone.magic_scroll":3,"stat.pickup.mca.rose_gold_ore":49,"stat.mineBlock.terraqueous.flowers_single":3,"stat.useItem.minecraft.flint_and_steel":8,"stat.killEntity.betteranimalsplus.tarantula":1,"stat.pickup.minecraft.emerald":8,"stat.pickup.minetraps.bear_trap":3,"stat.craftItem.securitycraft.laser_block":2,"stat.pickup.dynamictrees.oakseed":112,"stat.craftItem.minecraft.heavy_weighted_pressure_plate":3,"stat.deaths":4,"stat.pickup.securitycraft.reinforced_dirt":12,"stat.playOneMinute":617399,"stat.craftItem.minecraft.iron_pickaxe":6,"stat.drop.terraqueous.doodads":68,"stat.craftItem.securitycraft.keypad_item":1,"stat.craftItem.craftingstation.crafting_station":1,"stat.pickup.zawa.care_guide":1,"stat.drop.minecraft.iron_ingot":1,"stat.pickup.terraqueous.planks":1,"stat.pickup.chisel.marble1":23,"stat.pickup.chisel.marble2":322,"stat.mineBlock.minecraft.tallgrass":25,"stat.chestOpened":103,"stat.pickup.minecraft.pumpkin":5,"stat.useItem.minecraft.stone":15,"stat.pickup.minecraft.arrow":35,"stat.pickup.minecraft.iron_sword":3,"stat.pickup.chisel.marblepillar":1,"stat.craftItem.minecraft.coal":18,"stat.fallOneCm":72104,"stat.drop.minecraft.stone":1,"stat.pickup.chisel.basalt2":7,"stat.pickup.minecraft.carrot":1,"stat.crouchOneCm":104058,"stat.mineBlock.minecraft.chest":1,"stat.craftItem.minecraft.iron_ingot":134,"stat.craftItem.minecraft.chest":5,"stat.craftItem.minetraps.fall_trap":15,"stat.pickup.craftingstation.crafting_station":4,"stat.craftingTableInteraction":114,"stat.useItem.chisel.marble1":71,"stat.useItem.chisel.marble2":327,"stat.pickup.zawa.ostritch_fern":1,"stat.pickup.minecraft.feather":4,"stat.useItem.securitycraft.reinforced_dirt":217,"stat.pickup.minecraft.record_cat":1,"stat.useItem.minecraft.furnace":14,"stat.craftItem.mca.rose_gold_ingot":49,"stat.pickup.minecraft.dye":256,"stat.pickup.minecraft.planks":53,"stat.pickup.chisel.limestone2":67,"stat.pickup.minecraft.wheat_seeds":10,"stat.mineBlock.minecraft.gravel":5,"stat.useItem.minecraft.stone_pickaxe":1562,"stat.useItem.mowziesmobs.wrought_axe":8,"stat.craftItem.minecraft.oak_stairs":12,"stat.mineBlock.minecraft.dirt":395,"stat.drop.terraqueous.multifood":2,"stat.mineBlock.minecraft.monster_egg":7,"stat.useItem.minecraft.torch":141,"stat.craftItem.minecraft.redstone_block":2,"stat.pickup.terraqueous.multifood":31,"stat.pickup.minecraft.crafting_table":6,"stat.useItem.minecraft.cobblestone":648,"stat.pickup.minecraft.magma":2,"stat.craftItem.minecraft.crafting_table":2,"stat.mineBlock.minecraft.double_plant":12,"stat.useItem.dynamictrees.oakseed":37,"stat.mineBlock.minecraft.emerald_ore":8,"stat.pickup.minecraft.log":268,"stat.pickup.securitycraft.reinforced_stone":3,"stat.useItem.minecraft.yellow_flower":16,"stat.craftItem.minecraft.gold_ingot":43,"stat.drop.minecraft.planks":1,"stat.craftItem.chisel.chisel_iron":2,"stat.pickup.minecraft.apple":6,"stat.mineBlock.minecraft.iron_block":2,"stat.craftItem.securitycraft.door_indestructible_iron_item":2,"stat.useItem.minecraft.iron_sword":380,"stat.craftItem.minecraft.planks":376,"stat.useItem.betteranimalsplus.goose_egg":1,"stat.pickup.minecraft.book":90,"stat.mineBlock.minecraft.log":1,"stat.mineBlock.terraqueous.trunk1":5,"stat.pickup.minecraft.red_flower":6,"stat.sneakTime":36093,"stat.mineBlock.chisel.marblepillar":1,"stat.useItem.minecraft.baked_potato":64,"stat.pickup.minecraft.yellow_flower":19,"stat.pickup.minecraft.chest":1,"stat.mineBlock.minetraps.fall_trap":2,"stat.useItem.terraqueous.planks":12,"stat.pickup.minecraft.bone":38,"stat.useItem.minecraft.iron_axe":157,"stat.mineBlock.minecraft.cobblestone":56,"stat.mineBlock.minecraft.pumpkin":5,"stat.mineBlock.minecraft.yellow_flower":17,"stat.craftItem.tombstone.grave_key":3,"stat.useItem.minecraft.diamond_sword":222,"stat.pickup.terraqueous.sapling":4,"stat.mineBlock.minecraft.stained_glass_pane":56,"stat.pickup.terraqueous.doodads":461,"stat.swimOneCm":69674,"stat.climbOneCm":7087,"stat.pickup.minecraft.enchanted_book":1,"stat.craftItem.securitycraft.mine":3,"stat.drop.minecraft.cobblestone":13,"stat.mineBlock.minetraps.bear_trap":3,"stat.useItem.minecraft.dirt":852,"stat.pickup.minecraft.bow":1,"stat.pickup.zawa.bird_meat":1,"stat.craftItem.minecraft.furnace":8,"stat.pickup.minecraft.anvil":2,"stat.craftItem.minecraft.stone_pickaxe":12,"stat.mineBlock.minecraft.magma":2,"stat.killEntity.ed_guard":3,"stat.pickup.minecraft.cobblestone":1340,"stat.mineBlock.zawa.ostritch_fern":1,"stat.useItem.minecraft.stone_shovel":533,"stat.mineBlock.chisel.limestone2":68,"stat.flyOneCm":1420053,"stat.pickup.minetraps.nail_trap":3,"stat.useItem.chisel.limestone2":11,"stat.drop.minecraft.wheat_seeds":1,"stat.craftItem.minecraft.wooden_slab":156,"stat.craftItem.minecraft.stained_glass":72,"stat.pickup.minecraft.redstone":310,"stat.mineBlock.minecraft.iron_ore":184,"stat.timeSinceDeath":1899,"stat.mineBlock.terraqueous.flowers_cluster":26,"stat.drop.minecraft.spider_eye":1,"stat.useItem.minecraft.wooden_slab":154,"stat.killEntity.Bat":1,"stat.craftItem.minecraft.stonebrick":4,"stat.craftItem.minetraps.nails":27,"stat.pickup.minecraft.iron_shovel":1,"stat.mineBlock.minecraft.coal_ore":108,"stat.killEntity.Creeper":13,"stat.talkedToVillager":1,"stat.pickup.minecraft.string":2,"stat.pickup.comforts.sleeping_bag":8,"stat.mineBlock.minecraft.grass":546,"stat.pickup.tombstone.crafting_ingredient":17,"stat.entityKilledBy.Skeleton":2,"stat.sprintOneCm":1292617,"stat.useItem.minetraps.fall_trap":9,"stat.craftItem.trashcans.item_trash_can":1,"stat.craftItem.minecraft.stick":64,"stat.craftItem.minecraft.stone":28,"stat.mineBlock.minecraft.diamond_ore":26,"stat.pickup.minecraft.grass":2,"stat.mineBlock.minecraft.crafting_table":7,"stat.useItem.minecraft.diamond_pickaxe":3,"stat.pickup.terraqueous.trunk1":5,"stat.pickup.minecraft.sugar":2,"stat.mineBlock.minecraft.planks":26,"stat.drop":51,"stat.drop.terraqueous.item_main":2,"stat.pickup.minecraft.iron_block":2,"stat.craftItem.securitycraft.retinal_scanner":1,"stat.killEntity.Zombie":77,"stat.craftItem.minecraft.dye":38,"stat.craftItem.securitycraft.scanner_door_item":1,"stat.mineBlock.minecraft.gold_ore":47,"stat.mineBlock.terraqueous.foliage3":63,"stat.diveOneCm":25878,"stat.mineBlock.terraqueous.foliage1":10,"stat.pickup.securitycraft.reinforced_grass":1,"stat.pickup.minecraft.wheat":1,"stat.mineBlock.terraqueous.foliage2":1,"stat.mineBlock.minecraft.anvil":2,"stat.useItem.minetraps.quicksand":1,"stat.useItem.minecraft.stained_glass_pane":171,"stat.jump":4519,"stat.craftItem.terraqueous.doodads":22,"stat.pickup.minecraft.coal":102,"stat.pickup.minecraft.iron_ingot":81,"stat.pickup.minetraps.quicksand":4,"stat.craftItem.securitycraft.iron_mine":1,"stat.drop.minecraft.diamond_sword":1,"stat.pickup.minecraft.gunpowder":30,"stat.pickup.minecraft.spider_eye":2,"stat.mineBlock.craftingstation.crafting_station":4,"stat.craftItem.minecraft.torch":36,"stat.pickup.minecraft.dirt":955,"stat.drop.minecraft.iron_shovel":1,"stat.craftItem.comforts.sleeping_bag":1,"stat.pickup.minecraft.iron_ore":184,"stat.mineBlock.mca.rose_gold_ore":50,"stat.pickup.minecraft.gold_ore":51,"stat.mineBlock.minecraft.lapis_ore":42,"stat.killEntity.camocreepers:CamoCreeper":12,"stat.mineBlock.chisel.glasspanedyedcyan":24,"stat.mineBlock.minecraft.stone_stairs":1,"stat.damageTaken":5200,"stat.mineBlock.minetraps.quicksand":4,"stat.mineBlock.minecraft.red_flower":3,"stat.mineBlock.minecraft.torch":51,"stat.mineBlock.minecraft.furnace":8,"stat.pickup.minecraft.reeds":2,"tombstone:undead_killed":119,"stat.useItem.tombstone.grave_key":2,"stat.entityKilledBy.Zombie":1,"stat.craftItem.minetraps.bear_trap":2,"stat.pickup.minecraft.stained_glass":8,"stat.damageDealt":35752,"stat.craftItem.minecraft.glass":86,"stat.sleepInBed":24,"stat.killEntity.Silverfish":9,"stat.craftItem.minecraft.iron_sword":1,"stat.useItem.minecraft.air":1580,"stat.craftItem.minecraft.stone_shovel":4,"stat.craftItem.securitycraft.universal_block_reinforcer_lvl1":2,"stat.walkOneCm":1307181,"stat.useItem.minecraft.chest":1,"stat.pickup.dynamictrees.birchseed":9,"stat.pickup.minecraft.stick":385,"stat.useItem.minecraft.lava_bucket":177,"stat.mineBlock.chisel.basalt2":11,"stat.pickup.terraqueous.item_main":137,"stat.mineBlock.terraqueous.planks":1,"stat.useItem.tombstone.gift":2,"stat.pickup.minecraft.stone":316,"stat.pickup.minecraft.baked_potato":25,"stat.drop.terraqueous.flowers_single":7,"stat.pickup.minecraft.ender_pearl":2,"stat.useItem.minecraft.prismarine":20,"stat.killEntity.Skeleton":40,"stat.craftItem.minecraft.stained_glass_pane":176,"stat.killEntity.Spider":9,"stat.mobKills":192,"stat.mineBlock.minecraft.bookshelf":30,"stat.pickup.minecraft.diamond":30,"stat.pickup.minecraft.torch":87,"stat.mineBlock.minecraft.redstone_ore":1,"stat.craftItem.minetraps.nail_trap":1,"stat.drop.minecraft.arrow":2,"stat.mineBlock.minecraft.stone":1578}