{"stat.pickup.minecraft.bone":4,"stat.pickup.terraqueous.flowers_single":9,"stat.useItem.minecraft.iron_axe":44,"stat.leaveGame":7,"stat.mineBlock.minecraft.cobblestone":15,"stat.mineBlock.minecraft.yellow_flower":17,"stat.craftItem.tombstone.grave_key":1,"stat.useItem.minecraft.diamond_sword":60,"stat.swimOneCm":45309,"stat.pickup.zawa.worm":28,"stat.climbOneCm":1793,"stat.drop.minecraft.cobblestone":13,"stat.pickup.minecraft.glowstone_dust":1,"stat.drop.minecraft.feather":2,"stat.useItem.minecraft.dirt":389,"stat.pickup.minecraft.bow":1,"stat.pickup.zawa.bird_meat":1,"stat.pickup.minecraft.rotten_flesh":12,"stat.craftItem.minecraft.furnace":8,"stat.pickup.minecraft.anvil":1,"stat.craftItem.minecraft.stone_pickaxe":11,"stat.useItem.twilightforest.seeker_bow":15,"stat.pickup.minecraft.cobblestone":782,"stat.mineBlock.zawa.ostritch_fern":1,"stat.useItem.minecraft.stone_shovel":533,"stat.mineBlock.chisel.limestone2":65,"stat.flyOneCm":686535,"stat.killEntity.Witch":1,"stat.pickup.minecraft.redstone":201,"stat.mineBlock.minecraft.iron_ore":124,"stat.timeSinceDeath":95898,"stat.mineBlock.terraqueous.flowers_cluster":2,"stat.drop.minecraft.diamond":3,"stat.useItem.minecraft.iron_pickaxe":287,"stat.useItem.minecraft.spawn_egg":53,"stat.mineBlock.terraqueous.doodads":3,"stat.drop.minecraft.spider_eye":1,"stat.pickup.minecraft.double_plant":1,"stat.mineBlock.chisel.marble2":260,"stat.furnaceInteraction":137,"stat.killEntity.ZombieVillager":2,"stat.mineBlock.minecraft.coal_ore":70,"stat.killEntity.Creeper":4,"stat.pickup.comforts.sleeping_bag":2,"stat.mineBlock.minecraft.grass":314,"stat.pickup.tombstone.crafting_ingredient":4,"stat.sprintOneCm":247269,"stat.pickup.mca.rose_gold_ore":49,"stat.useItem.minecraft.flint_and_steel":8,"stat.mineBlock.minecraft.crafting_table":5,"stat.useItem.minecraft.diamond_pickaxe":3,"stat.pickup.minecraft.emerald":8,"stat.pickup.dynamictrees.oakseed":50,"stat.pickup.minecraft.sugar":2,"stat.deaths":1,"stat.drop":27,"stat.playOneMinute":257826,"stat.craftItem.minecraft.iron_pickaxe":1,"stat.killEntity.Zombie":22,"stat.pickup.zawa.care_guide":1,"stat.pickup.chisel.marble2":260,"stat.mineBlock.minecraft.gold_ore":29,"stat.mineBlock.minecraft.tallgrass":16,"stat.mineBlock.terraqueous.foliage3":10,"stat.diveOneCm":11861,"stat.mineBlock.terraqueous.foliage1":2,"stat.mineBlock.terraqueous.foliage2":1,"stat.chestOpened":8,"stat.useItem.minecraft.stone":5,"stat.pickup.minecraft.arrow":6,"stat.mineBlock.minecraft.anvil":1,"stat.jump":1526,"stat.pickup.minecraft.coal":64,"stat.fallOneCm":20415,"stat.pickup.minecraft.iron_ingot":9,"stat.drop.minecraft.stone":1,"stat.drop.minecraft.diamond_sword":1,"stat.pickup.minecraft.gunpowder":5,"stat.crouchOneCm":61623,"stat.pickup.minecraft.spider_eye":2,"stat.craftItem.minecraft.iron_ingot":120,"stat.craftItem.minecraft.chest":1,"stat.pickup.minecraft.dirt":684,"stat.craftingTableInteraction":18,"stat.pickup.minecraft.iron_ore":124,"stat.mineBlock.mca.rose_gold_ore":49,"stat.pickup.minecraft.gold_ore":29,"stat.mineBlock.minecraft.lapis_ore":17,"stat.killEntity.camocreepers:CamoCreeper":1,"stat.useItem.chisel.marble2":9,"stat.damageTaken":1419,"stat.pickup.zawa.ostritch_fern":1,"stat.pickup.minecraft.feather":4,"stat.pickup.minecraft.record_cat":1,"stat.mineBlock.minecraft.red_flower":2,"stat.mineBlock.minecraft.torch":13,"stat.useItem.minecraft.furnace":7,"stat.craftItem.mca.rose_gold_ingot":49,"stat.pickup.minecraft.dye":114,"stat.pickup.minecraft.planks":12,"stat.pickup.chisel.limestone2":64,"tombstone:undead_killed":40,"stat.pickup.minecraft.wheat_seeds":3,"stat.mineBlock.minecraft.gravel":4,"stat.useItem.minecraft.stone_pickaxe":1354,"stat.damageDealt":10325,"stat.sleepInBed":6,"stat.useItem.mowziesmobs.wrought_axe":8,"stat.mineBlock.minecraft.dirt":265,"stat.drop.terraqueous.multifood":1,"stat.useItem.minecraft.air":468,"stat.craftItem.minecraft.stone_shovel":4,"stat.walkOneCm":411078,"stat.useItem.minecraft.torch":18,"stat.pickup.dynamictrees.birchseed":4,"stat.pickup.minecraft.stick":228,"stat.pickup.terraqueous.multifood":6,"stat.pickup.minecraft.crafting_table":5,"stat.useItem.minecraft.cobblestone":408,"stat.useItem.minecraft.lava_bucket":177,"stat.useItem.dynamictrees.oakseed":37,"stat.mineBlock.chisel.basalt2":2,"stat.mineBlock.minecraft.emerald_ore":8,"stat.pickup.terraqueous.item_main":15,"stat.pickup.minecraft.log":119,"stat.useItem.tombstone.gift":1,"stat.useItem.minecraft.yellow_flower":16,"stat.craftItem.minecraft.gold_ingot":28,"stat.pickup.minecraft.stone":109,"stat.drop.terraqueous.flowers_single":3,"stat.pickup.minecraft.apple":1,"stat.useItem.minecraft.prismarine":20,"stat.killEntity.Skeleton":16,"stat.useItem.minecraft.iron_sword":126,"stat.craftItem.minecraft.planks":20,"stat.killEntity.Spider":4,"stat.mobKills":62,"stat.mineBlock.minecraft.log":1,"stat.pickup.minecraft.diamond":4,"stat.pickup.minecraft.torch":14,"stat.pickup.minecraft.red_flower":4,"stat.mineBlock.minecraft.redstone_ore":1,"stat.sneakTime":20881,"stat.useItem.minecraft.baked_potato":25,"stat.drop.minecraft.arrow":2,"stat.pickup.minecraft.yellow_flower":18,"stat.mineBlock.minecraft.stone":944}