{"stat.useItem.zawa.orca":7,"stat.useItem.dynamictrees.appleseed":2,"stat.pickup.iceandfire.fire_dragon_flesh":11,"stat.drop.minecraft.gunpowder":1,"stat.killEntity.betteranimalsplus.goat":7,"stat.pickup.tombstone.familiar_stone":8,"stat.pickup.minecraft.dark_oak_boat":5,"stat.mineBlock.minecraft.stained_glass":6,"stat.craftItem.mowziesmobs.naga_fang_dagger":1,"stat.mineBlock.minetraps.nail_trap":3,"stat.mineBlock.minecraft.web":3,"stat.craftItem.extrautils2.endershard":32,"stat.drop.minecraft.iron_sword":4,"stat.pickup.minecraft.rotten_flesh":326,"stat.drop.twilightforest.magic_map":1,"stat.useItem.chisel.marble":15,"stat.pickup.minecraft.bucket":1,"stat.killEntity.Enderman":23,"stat.useItem.dynamictrees.dirtbucket":4,"stat.pickup.zawa.reptile_hide":1,"stat.killEntity.betteranimalsplus.brownbear":2,"stat.craftItem.minecraft.iron_shovel":6,"stat.pickup.minecraft.brown_mushroom":1,"stat.useItem.zawa.carnivore_meat_cooked":2,"stat.useItem.minecraft.iron_pickaxe":2131,"stat.pickup.securitycraft.universal_block_remover":4,"stat.pickup.minecraft.double_plant":16,"stat.craftItem.minecraft.glass_pane":96,"stat.mineBlock.chisel.marble2":563,"stat.mineBlock.chisel.marble1":23,"stat.furnaceInteraction":966,"stat.pickup.zawa.large_meat_raw":3,"stat.craftItem.futuremc.dye":3,"stat.useItem.minecraft.fence":38,"stat.entityKilledBy.dread_ghoul":1,"stat.pickup.mca.rose_gold_ore":49,"stat.mineBlock.twilightforest.naga_stone":4,"stat.mineBlock.extrautils2.decorativesolid":1,"stat.useItem.minecraft.flint_and_steel":8,"stat.mineBlock.minecraft.fence":39,"stat.craftItem.zawa.carnivore_meat_cooked":2,"stat.useItem.minecraft.wheat_seeds":92,"stat.killEntity.betteranimalsplus.zotzpyre":2,"stat.pickup.minecraft.emerald":18,"stat.craftItem.securitycraft.laser_block":4,"stat.pickup.dynamictrees.oakseed":340,"stat.deaths":54,"stat.pickup.securitycraft.reinforced_dirt":20,"stat.pickup.minecraft.egg":2,"stat.drop.iceandfire.dragonbone_sword_fire":3,"stat.craftItem.minecraft.iron_pickaxe":8,"stat.pickup.zawa.cetacean_meat_raw":2,"stat.drop.minecraft.iron_ingot":1,"stat.useItem.iceandfire.frozen_cobblestone":19,"stat.fishCaught":70,"stat.chestOpened":609,"stat.craftItem.minecraft.sign":6,"stat.pickup.minecraft.iron_sword":4,"stat.useItem.minecraft.grass":2,"stat.killEntity.twilightforest.yeti":5,"stat.pickup.minecraft.gold_nugget":196,"stat.craftItem.minecraft.coal":183,"stat.craftItem.dynamictrees.appleseed":3,"stat.pickup.minecraft.carrot":87,"stat.crouchOneCm":377615,"stat.killEntity.dread_lich":1,"stat.craftItem.minecraft.iron_ingot":425,"stat.pickup.craftingstation.crafting_station":6,"stat.craftingTableInteraction":404,"stat.craftItem.extrautils2.decorativesolid":92,"stat.pickup.iceandfire.ice_dragon_flesh":3,"stat.pickup.securitycraft.keypad_chest":1,"stat.drop.minecraft.double_plant":1,"stat.pickup.zawa.ostritch_fern":2,"stat.pickup.twilightforest.firefly_jar":2,"stat.pickup.minecraft.dye":434,"stat.pickup.minecraft.planks":317,"stat.pickup.chisel.limestone2":335,"stat.useItem.iceandfire.dragonbone_sword_fire":391,"stat.craftItem.extrautils2.pipe":128,"stat.useItem.mowziesmobs.wrought_axe":8,"stat.flowerPotted":1,"stat.drop.minecraft.rotten_flesh":12,"stat.pickup.minecraft.magma":4,"stat.useItem.twilightforest.firefly":1,"stat.useItem.dynamictrees.oakseed":188,"stat.pickup.securitycraft.reinforced_stone":44,"stat.useItem.minecraft.yellow_flower":25,"tombstone:cast_on_ally":1,"stat.mineBlock.twilightforest.twilight_leaves":2,"stat.useItem.minecraft.glass_pane":47,"stat.mineBlock.twilightforest.firefly":2,"stat.drop.minecraft.fish":2,"stat.drop.dynamictrees.oakseed":4,"stat.craftItem.minecraft.bucket":6,"stat.useItem.minecraft.iron_sword":381,"stat.craftItem.minecraft.planks":776,"stat.useItem.securitycraft.universal_block_remover":157,"stat.craftItem.minecraft.fishing_rod":1,"stat.pickup.minecraft.book":181,"stat.useItem.minecraft.stonebrick":1,"stat.pickup.twilightforest.trans_fence":1,"stat.killEntity.betteranimalsplus.badger":1,"stat.killEntity.siren":5,"stat.pickup.extrautils2.pipe":4,"stat.useItem.twilightforest.twilight_log":1,"stat.pickup.minecraft.tripwire_hook":1,"stat.mineBlock.minecraft.cobblestone":336,"stat.mineBlock.minecraft.pumpkin":11,"stat.pickup.minecraft.flint":1,"stat.pickup.iceandfire.ice_dragon_heart":1,"stat.craftItem.iceandfire.dragonbone_sword_fire":1,"stat.pickup.minecraft.flower_pot":5,"stat.mineBlock.minecraft.stained_glass_pane":56,"stat.drop.minecraft.cobblestone":25,"stat.pickup.minecraft.cooked_porkchop":5,"stat.pickup.betteranimalsplus.wolf_pelt_red":3,"stat.craftItem.minecraft.furnace":12,"stat.mineBlock.zawa.ostritch_fern":2,"stat.useItem.extrautils2.decorativesolid":1,"stat.entityKilledBy.dread_thrall":2,"stat.useItem.iceandfire.chared_stone":2,"stat.craftItem.extrautils2.passivegenerator":51,"stat.drop.minecraft.spider_eye":6,"stat.useItem.minecraft.wooden_slab":154,"stat.killEntity.twilightforest.helmet_crab":1,"stat.craftItem.minecraft.stonebrick":104,"stat.pickup.securitycraft.keypad":1,"stat.pickup.twilightforest.naga_scale":2,"tombstone:tomb_raiding":1,"stat.killEntity.Creeper":41,"stat.pickup.comforts.sleeping_bag":41,"stat.pickup.iceandfire.dragon_horn":1,"stat.pickup.tombstone.crafting_ingredient":67,"stat.entityKilledBy.Skeleton":2,"stat.pickup.minecraft.birch_stairs":2,"stat.sprintOneCm":8482159,"stat.useItem.minetraps.fall_trap":17,"stat.craftItem.trashcans.item_trash_can":1,"stat.mineBlock.minecraft.stone_slab":11,"stat.useItem.tombstone.magic_scroll":1,"stat.killEntity.twilightforest.maze_slime":2,"stat.craftItem.extrautils2.indexer":1,"stat.pickup.extrautils2.decorativesolid":1,"stat.pickup.minecraft.sugar":2,"stat.pickup.mca.engagement_ring_rg":2,"stat.useItem.iceandfire.frozen_dirt":2,"stat.craftItem.minecraft.emerald":1,"stat.pickup.minecraft.iron_block":2,"stat.killEntity.Zombie":259,"stat.craftItem.minecraft.dye":53,"stat.mineBlock.ironfurnaces.iron_furnace_active":1,"stat.pickup.iceandfire.dragon_ice":2,"stat.mineBlock.minecraft.gold_ore":86,"stat.drop.minecraft.diamond_pickaxe":1,"stat.pickup.minecraft.wheat":81,"stat.pickup.iceandfire.dragonscales_white":18,"stat.craftItem.ironfurnaces.iron_furnace_idle":1,"stat.pickup.minecraft.sign":2,"stat.pickup.iceandfire.dragonscales_bronze":18,"stat.drop.iceandfire.dragonscales_gray":1,"stat.entityKilledBy.camocreepers:CamoCreeper":1,"stat.pickup.minecraft.obsidian":51,"stat.pickup.minecraft.coal":654,"stat.pickup.minecraft.iron_ingot":354,"stat.useItem.minecraft.dark_oak_boat":5,"stat.craftItem.securitycraft.iron_mine":2,"stat.drop.minecraft.diamond_sword":5,"stat.pickup.minecraft.gunpowder":124,"stat.pickup.iceandfire.chared_stone":14,"stat.pickup.minecraft.dirt":1952,"stat.drop.minecraft.iron_shovel":2,"stat.pickup.iceandfire.fire_dragon_heart":3,"stat.mineBlock.minecraft.lapis_ore":66,"stat.killEntity.camocreepers:CamoCreeper":39,"stat.pickup.minecraft.iron_axe":1,"stat.mineBlock.minetraps.quicksand":4,"stat.mineBlock.minecraft.red_flower":6,"stat.mineBlock.minecraft.torch":197,"stat.pickup.minecraft.written_book":11,"stat.tradedWithVillager":3,"stat.useItem.securitycraft.reinforced_stone":26,"stat.mineBlock.minecraft.fence_gate":1,"stat.pickup.twilightforest.naga_stone":3,"stat.mineBlock.securitycraft.dirt_mine":3,"stat.pickup.minecraft.diamond_pickaxe":3,"stat.pickup.twilightforest.minotaur_axe_gold":1,"stat.useItem.minecraft.tnt":2,"stat.useItem.minecraft.lava_bucket":183,"stat.useItem.minecraft.gold_ore":2,"stat.pickup.iceandfire.dread_shard":43,"stat.useItem.tombstone.gift":3,"stat.useItem.securitycraft.reinforced_grass":2,"stat.killEntity.Stray":3,"stat.mineBlock.minecraft.farmland":1,"stat.mineBlock.extrautils2.minichest":1,"stat.pickup.minecraft.dark_oak_stairs":31,"stat.mobKills":764,"stat.mineBlock.minecraft.bookshelf":37,"stat.pickup.securitycraft.diamond_mine":1,"stat.drop.minecraft.written_book":3,"stat.pickup.iceandfire.gorgon_head":1,"stat.useItem.minecraft.boat":6,"stat.pickup.minecraft.diamond":62,"stat.mineBlock.twilightforest.etched_nagastone_mossy":1,"stat.pickup.mowziesmobs.naga_fang":1,"stat.drop.chisel.marble":1,"stat.pickup.minecraft.glowstone_dust":6,"stat.pickup.betteranimalsplus.wolf_pelt_snowy":5,"stat.mineBlock.minecraft.stone_brick_stairs":1,"stat.drop.minecraft.poisonous_potato":5,"stat.pickup.twilightforest.lifedrain_scepter":1,"stat.pickup.minecraft.splash_potion":1,"stat.mineBlock.twilightforest.twilight_log":1,"stat.mineBlock.minecraft.snow_layer":100,"stat.mineBlock.minecraft.sand":643,"stat.killEntity.twilightforest.kobold":17,"stat.pickup.securitycraft.reinforced_cobblestone":5,"stat.drop.minecraft.diamond":5,"stat.trappedChestTriggered":26,"stat.mineBlock.minecraft.lapis_block":1,"stat.useItem.extrautils2.pipe":47,"stat.pickup.iceandfire.troll_tusk":3,"stat.drop.minecraft.fishing_rod":1,"stat.craftItem.minecraft.fence_gate":1,"stat.pickup.minecraft.golden_carrot":1,"stat.pickup.minecraft.saddle":1,"stat.pickup.ironchest.iron_chest":14,"stat.craftItem.ironfurnaces.diamond_furnace_idle":1,"stat.craftItem.securitycraft.keypad_item":2,"stat.drop.minecraft.chest":1,"stat.pickup.minecraft.pumpkin":11,"stat.recordPlayed":26,"stat.useItem.minecraft.fish":15,"stat.pickup.minecraft.waterlily":1,"stat.pickup.securitycraft.door_indestructible_iron_item":1,"stat.mineBlock.minecraft.ice":4,"stat.pickup.chisel.marblepillar":1,"stat.craftItem.minecraft.iron_hoe":3,"stat.useItem.minecraft.experience_bottle":128,"stat.drop.minecraft.stone":10,"stat.drop.minecraft.gold_ore":1,"stat.craftItem.minetraps.fall_trap":27,"stat.useItem.minecraft.furnace":15,"stat.craftItem.extrautils2.indexerremote":1,"stat.craftItem.extrautils2.ingredients":26,"stat.pickup.minecraft.iron_leggings":5,"stat.mineBlock.minecraft.gravel":32,"stat.drop.minecraft.reeds":5,"stat.drop.minecraft.iron_axe":2,"stat.useItem.minecraft.torch":390,"stat.useItem.securitycraft.gold_mine":1,"stat.pickup.minecraft.iron_nugget":4,"stat.craftItem.minecraft.redstone_block":4,"stat.pickup.minecraft.crafting_table":15,"stat.useItem.minecraft.log":55,"stat.craftItem.minecraft.crafting_table":5,"stat.pickup.minecraft.iron_hoe":1,"stat.mineBlock.minecraft.emerald_ore":18,"stat.killEntity.dread_scuttler":2,"stat.useItem.minecraft.cooked_fish":41,"stat.drop.minecraft.stonebrick":4,"stat.pickup.zawa.large_sea_anemone":1,"stat.drop.zawa.blubber":9,"stat.craftItem.minecraft.stone_button":8,"stat.drop.minecraft.planks":1,"stat.pickup.mca.rose_gold_ingot":42,"stat.pickup.minecraft.sapling":1,"stat.mineBlock.iceandfire.goldpile":52,"stat.useItem.zawa.large_meat_raw":3,"stat.pickup.twilightforest.yeti_helmet":1,"stat.drop.comforts.sleeping_bag":1,"stat.pickup.minecraft.golden_sword":1,"stat.drop.minecraft.bucket":1,"stat.useItem.minecraft.baked_potato":629,"stat.pickup.minecraft.stone_slab":72,"stat.pickup.minecraft.yellow_flower":45,"stat.useItem.minecraft.fishing_rod":134,"stat.killEntity.twilightforest.lich":1,"stat.pickup.minecraft.bone":152,"stat.pickup.minecraft.redstone_torch":10,"stat.horseOneCm":700450,"stat.mineBlock.minecraft.brown_mushroom":1,"stat.useItem.minecraft.diamond_sword":1736,"stat.craftItem.extrautils2.glasscutter":1,"stat.climbOneCm":30306,"stat.pickup.chisel.marble":1,"stat.useItem.minecraft.redstone_torch":8,"stat.pickup.zawa.bird_meat":1,"stat.useItem.twilightforest.naga_stone":2,"stat.craftItem.extrautils2.largishchest":2,"stat.pickup.minecraft.anvil":2,"stat.craftItem.minecraft.stone_pickaxe":15,"stat.pickup.iceandfire.dragonforge_ice_input":3,"stat.pickup.minecraft.cobblestone":3060,"stat.pickup.minetraps.nail_trap":3,"stat.craftItem.minecraft.glass_bottle":6,"stat.pickup.minecraft.cactus":2,"stat.pickup.minecraft.redstone":338,"stat.mineBlock.minecraft.iron_ore":413,"stat.drop.minecraft.coal":2,"stat.craftItem.extrautils2.screen":2,"stat.craftItem.securitycraft.furnace_mine":1,"stat.drop.minecraft.dirt":4,"stat.pickup.minecraft.iron_shovel":3,"stat.pickup.minecraft.carpet":1,"stat.mineBlock.minecraft.grass":965,"stat.entityKilledBy.dread_lich":4,"stat.pickup.zawa.blubber":9,"stat.pickup.minecraft.paper":3,"stat.craftItem.minecraft.stick":92,"stat.useItem.extrautils2.passivegenerator":48,"stat.pickup.twilightforest.charm_of_keeping_1":1,"stat.pickup.minecraft.grass":11,"stat.craftItem.globalxp.xp_block":1,"stat.pickup.extrautils2.resonator":1,"stat.drop.tombstone.dust_of_vanishing":1,"stat.pickup.iceandfire.dragonbone_sword_fire":4,"stat.craftItem.ironfurnaces.gold_furnace_idle":1,"stat.mineBlock.minecraft.planks":70,"stat.drop":308,"stat.pickup.minecraft.jukebox":1,"stat.killEntity.Sheep":6,"stat.craftItem.securitycraft.universal_block_remover":1,"stat.craftItem.chisel.block_charcoal2":1,"stat.mineBlock.minecraft.anvil":2,"stat.useItem.minecraft.apple":21,"stat.useItem.minetraps.quicksand":1,"stat.useItem.minecraft.porkchop":3,"stat.pickup.twilightforest.torchberries":19,"stat.pickup.minecraft.fence":39,"stat.mineBlock.craftingstation.crafting_station":5,"stat.drop.iceandfire.chared_stone":3,"stat.entityKilledBy.dread_scuttler":3,"stat.boatOneCm":1107929,"stat.mineBlock.chisel.glasspanedyedcyan":24,"stat.mineBlock.minecraft.stone_stairs":1,"stat.craftItem.minecraft.iron_bars":16,"stat.mineBlock.minecraft.furnace":13,"stat.mineBlock.iceandfire.chared_cobblestone":1,"stat.pickup.minecraft.prismarine_shard":4,"stat.drop.minecraft.water_bucket":1,"stat.useItem.tombstone.grave_key":14,"stat.pickup.minecraft.oak_stairs":4,"stat.craftItem.minetraps.bear_trap":6,"stat.mineBlock.securitycraft.diamond_mine":1,"stat.pickup.minecraft.stained_glass":8,"stat.damageDealt":165598,"stat.killEntity.dread_beast":9,"stat.craftItem.minecraft.stone_shovel":6,"stat.pickup.minecraft.boat":7,"stat.pickup.dynamictrees.birchseed":14,"stat.pickup.minecraft.stick":790,"stat.mineBlock.zawa.large_sea_anemone":1,"stat.craftItem.extrautils2.minichest":9,"stat.drop.minecraft.filled_map":1,"stat.pickup.iceandfire.troll_weapon.hammer":3,"stat.craftItem.minecraft.fence":27,"stat.useItem.minecraft.golden_apple":3,"stat.mineBlock.minecraft.leaves":40,"stat.pickup.minecraft.wooden_slab":2,"stat.leaveGame":51,"stat.pickup.betteranimalsplus.goose_egg":71,"stat.mineBlock.minecraft.sandstone":5,"stat.craftItem.minecraft.ender_eye":2,"stat.pickup.zawa.worm":47,"stat.craftItem.minecraft.shield":1,"stat.drop.minecraft.feather":2,"stat.mineBlock.iceandfire.dragonforge_ice_input":3,"stat.pickup.iceandfire.witherbone":2,"stat.pickup.iceandfire.chared_cobblestone":10,"stat.useItem.twilightforest.seeker_bow":15,"stat.mineBlock.minecraft.wooden_slab":2,"stat.pickup.minecraft.leather_boots":1,"stat.killEntity.twilightforest.goblin_knight_lower":1,"stat.killEntity.Witch":4,"stat.entityKilledBy.dread_beast":3,"stat.pickup.iceandfire.frozen_grass":2,"stat.craftItem.minecraft.iron_door":3,"stat.useItem.minecraft.iron_shovel":1418,"stat.drop.minecraft.chainmail_leggings":1,"stat.craftItem.minecraft.bed":1,"stat.pickup.zawa.golden_sparks":1,"stat.mineBlock.minecraft.vine":2,"stat.killEntity.ZombieVillager":10,"stat.drop.twilightforest.mangrove_planks":1,"stat.drop.securitycraft.door_indestructible_iron_item":1,"stat.useItem.minecraft.stained_glass":4,"stat.pickup.securitycraft.reinforced_planks":10,"stat.pickup.tombstone.scroll_buff":2,"stat.pickup.minetraps.bear_trap":3,"stat.craftItem.craftingstation.crafting_station":1,"stat.pickup.twilightforest.armor_shard":3,"stat.pickup.zawa.raw_crab_leg":6,"stat.pickup.zawa.care_guide":2,"stat.pickup.chisel.marble1":28,"stat.pickup.chisel.marble2":678,"stat.mineBlock.minecraft.tallgrass":51,"stat.craftItem.twilightforest.magic_map_empty":1,"stat.useItem.minecraft.splash_potion":1,"stat.killEntity.betteranimalsplus.goose":11,"stat.useItem.minecraft.stone":89,"stat.pickup.minecraft.arrow":91,"stat.pickup.zawa.tiger_fur":2,"stat.pickup.chisel.basalt2":29,"stat.pickup.betteranimalsplus.bear_skin_brown":2,"stat.mineBlock.minecraft.chest":6,"stat.pickup.minecraft.painting":36,"stat.useItem.chisel.marble1":74,"stat.useItem.chisel.marble2":524,"stat.mineBlock.caves_and_cliffs.copper_ore":1,"stat.pickup.minecraft.wheat_seeds":139,"stat.mineBlock.minecraft.glass":4,"stat.mineBlock.minecraft.dirt":847,"stat.pickup.minecraft.poisonous_potato":17,"stat.useItem.minecraft.bread":5,"stat.pickup.minecraft.brewing_stand":1,"stat.pickup.iceandfire.dragon_bone_block":4,"stat.craftItem.twilightforest.magic_map_focus":1,"stat.useItem.minecraft.cobblestone":1836,"stat.mineBlock.minecraft.double_plant":20,"stat.craftItem.tombstone.dust_of_vanishing":3,"stat.craftItem.minecraft.gold_ingot":91,"stat.useItem.securitycraft.scanner_door_item":2,"stat.craftItem.chisel.chisel_iron":2,"stat.pickup.minecraft.apple":163,"stat.mineBlock.iceandfire.dread_spawner":12,"stat.craftItem.securitycraft.door_indestructible_iron_item":2,"stat.useItem.betteranimalsplus.goose_egg":61,"stat.mineBlock.minecraft.log":7,"stat.useItem.chisel.basalt2":1,"stat.pickup.iceandfire.dragonbone":17,"stat.pickup.minecraft.red_flower":12,"stat.pickup.minecraft.wool":22,"stat.drop.tombstone.familiar_stone":1,"stat.mineBlock.chisel.marblepillar":1,"stat.useItem.minecraft.iron_axe":340,"stat.killEntity.gorgon":1,"stat.pickup.twilightforest.mangrove_planks":2,"stat.mineBlock.minecraft.yellow_flower":28,"stat.mineBlock.iceandfire.chared_stone":5,"stat.craftItem.tombstone.grave_key":15,"stat.craftItem.minecraft.wool":2,"stat.pickup.minecraft.enchanted_book":1,"stat.useItem.securitycraft.dirt_mine":5,"stat.mineBlock.ironchest.iron_chest":14,"stat.pickup.minecraft.bow":11,"stat.mineBlock.twilightforest.dark_leaves":6,"stat.useItem.minecraft.egg":1,"stat.useItem.minetraps.bear_trap":5,"stat.mineBlock.minecraft.obsidian":51,"stat.flyOneCm":7494864,"stat.pickup.minecraft.fish":72,"stat.craftItem.extrautils2.grocket":4,"stat.craftItem.minecraft.stained_glass":72,"stat.timeSinceDeath":256188,"stat.mineBlock.iceandfire.dread_torch":1,"stat.killEntity.Bat":1,"stat.mineBlock.iceandfire.dragon_bone_block":4,"stat.mineBlock.twilightforest.firefly_jar":1,"stat.craftItem.minetraps.nails":54,"stat.useItem.minecraft.potato":633,"stat.pickup.iceandfire.frozen_cobblestone":18,"stat.mineBlock.minecraft.coal_ore":166,"stat.pickup.minecraft.shield":1,"stat.talkedToVillager":371,"stat.drop.minecraft.baked_potato":94,"stat.pickup.minecraft.string":26,"stat.useItem.minecraft.written_book":3,"stat.useItem.minecraft.diamond_shovel":5,"stat.mineBlock.minecraft.diamond_ore":43,"tombstone:use_vanishing":2,"stat.pickup.minecraft.snowball":224,"stat.craftItem.securitycraft.scanner_door_item":2,"stat.diveOneCm":367825,"stat.pickup.securitycraft.reinforced_grass":86,"stat.mineBlock.extrautils2.resonator":1,"stat.pickup.iceandfire.frozen_dirt":3,"stat.drop.minecraft.apple":1,"stat.jump":31666,"stat.useItem.minecraft.sand":63,"stat.pickup.minetraps.quicksand":6,"stat.pickup.iceandfire.chared_gravel":1,"stat.pickup.extrautils2.indexer":3,"stat.craftItem.minecraft.torch":72,"stat.craftItem.comforts.sleeping_bag":1,"stat.useItem.minecraft.glass":185,"stat.pickup.minecraft.gold_ore":94,"stat.mineBlock.minecraft.glass_pane":23,"stat.damageTaken":37561,"stat.pickup.twilightforest.firefly":4,"stat.craftItem.securitycraft.keypad_frame":1,"stat.pickup.minecraft.bed":14,"stat.pickup.minecraft.potato":1628,"stat.pickup.ironfurnaces.iron_furnace_idle":1,"stat.entityKilledBy.Zombie":6,"stat.pickup.iceandfire.chared_grass":1,"stat.killEntity.Silverfish":55,"stat.craftItem.minecraft.stone_slab":12,"stat.useItem.minecraft.air":2158,"stat.craftItem.securitycraft.universal_block_reinforcer_lvl1":4,"stat.useItem.minecraft.chest":8,"stat.killEntity.betteranimalsplus.feralwolf":4,"stat.pickup.twilightforest.mine_slab":2,"stat.craftItem.iceandfire.sapphire_gem":2,"stat.useItem.mowziesmobs.naga_fang_dagger":17,"stat.pickup.wolfarmor.diamond_wolf_armor":1,"stat.craftItem.minecraft.iron_chestplate":2,"stat.pickup.minecraft.baked_potato":269,"stat.killEntity.if_troll":3,"stat.drop.minecraft.potato":1,"stat.entityKilledBy.icedragon":5,"stat.pickup.minecraft.ender_pearl":21,"stat.craftItem.minecraft.stained_glass_pane":176,"stat.mineBlock.minecraft.tnt":18,"stat.mineBlock.minecraft.stonebrick":32,"stat.killEntity.twilightforest.winter_wolf":3,"stat.killEntity.twilightforest.bighorn_sheep":1,"stat.killEntity.stymphalianbird":1,"stat.craftItem.twilightforest.yeti_helmet":1,"stat.craftItem.minecraft.shears":1,"stat.pickup.securitycraft.reinforced_stone_button":9,"stat.pickup.minecraft.torch":277,"stat.entityKilledBy.Silverfish":3,"stat.useItem.extrautils2.minichest":1,"stat.drop.minecraft.arrow":4,"stat.killEntity.firedragon":3,"stat.pickup.securitycraft.reinforced_gravel":1,"stat.pickup.betteranimalsplus.antler":4,"stat.drop.iceandfire.ice_dragon_blood":1,"stat.killEntity.dread_ghoul":1,"stat.craftItem.minecraft.iron_axe":4,"stat.mineBlock.twilightforest.twilight_plant":12,"stat.pickup.minecraft.lapis_block":1,"stat.drop.securitycraft.reinforced_planks":1,"stat.drop.betteranimalsplus.goose_egg":5,"stat.pickup.minecraft.fishing_rod":1,"stat.useItem.minecraft.planks":372,"stat.useItem.tombstone.familiar_stone":2,"stat.drop.dynamictrees.birchseed":4,"stat.pickup.minecraft.porkchop":36,"stat.pickup.minecraft.glass":69,"stat.pickup.iceandfire.stymphalian_bird_feather":3,"stat.useItem.minecraft.water_bucket":89,"stat.craftItem.minecraft.golden_apple":5,"stat.pickup.minecraft.sand":699,"stat.pickup.iceandfire.troll_leather_forest":5,"stat.pickup.minecraft.name_tag":3,"stat.drop.minecraft.splash_potion":1,"stat.pickup.dynamictrees.spruceseed":1,"stat.entityKilledBy.firedragon":3,"stat.craftItem.extrautils2.resonator":1,"stat.useItem.securitycraft.universal_owner_changer":6,"stat.craftItem.minecraft.cooked_fish":41,"stat.craftItem.minecraft.blaze_powder":2,"stat.useItem.securitycraft.reinforced_cobblestone":3,"stat.useItem.minecraft.spawn_egg":71,"stat.craftItem.securitycraft.reinforced_stone_button":4,"stat.killEntity.twilightforest.skeleton_druid":8,"stat.pickup.minetraps.fall_trap":3,"stat.useItem.minecraft.oak_stairs":8,"stat.mineBlock.minecraft.dark_oak_stairs":31,"stat.useItem.minecraft.dark_oak_stairs":119,"stat.mineBlock.minecraft.birch_stairs":2,"stat.pickup.minecraft.fence_gate":2,"stat.pickup.minecraft.filled_map":1,"stat.pickup.minecraft.furnace":17,"stat.pickup.minecraft.skull":1,"stat.pickup.tombstone.magic_scroll":20,"stat.mineBlock.iceandfire.ash":1,"stat.pickup.twilightforest.arctic_fur":14,"stat.pickup.twilightforest.raven_feather":1,"stat.killEntity.betteranimalsplus.tarantula":1,"stat.craftItem.ironchest.iron_chest":33,"stat.useItem.extrautils2.indexerremote":1,"stat.pickup.twilightforest.raw_meef":2,"stat.craftItem.minecraft.heavy_weighted_pressure_plate":10,"stat.mineBlock.minecraft.oak_stairs":2,"stat.mineBlock.iceandfire.chared_gravel":8,"stat.playOneMinute":2767106,"stat.drop.securitycraft.universal_block_reinforcer_lvl1":1,"stat.pickup.minecraft.iron_bars":13,"stat.craftItem.minecraft.dark_oak_stairs":92,"stat.craftItem.iceandfire.dragonbone_sword":1,"stat.killEntity.twilightforest.death_tome":1,"stat.pickup.betteranimalsplus.venisonraw":2,"stat.pickup.minecraft.cooked_chicken":7,"stat.fallOneCm":740859,"stat.craftItem.securitycraft.diamond_mine":1,"stat.craftItem.minecraft.chest":28,"stat.pickup.minecraft.red_mushroom":1,"stat.useItem.minecraft.iron_hoe":148,"stat.pickup.minecraft.feather":7,"stat.useItem.securitycraft.reinforced_dirt":222,"stat.pickup.minecraft.record_cat":26,"stat.craftItem.dynamictrees.dirtbucket":4,"stat.mineBlock.extrautils2.indexer":3,"stat.craftItem.mca.rose_gold_ingot":49,"stat.useItem.minecraft.stone_pickaxe":1956,"stat.craftItem.minecraft.iron_leggings":2,"stat.pickup.twilightforest.mine_stairs":1,"stat.craftItem.minecraft.oak_stairs":12,"stat.pickup.securitycraft.scanner_door_item":6,"stat.pickup.twilightforest.trophy":2,"stat.craftItem.securitycraft.dirt_mine":11,"stat.pickup.securitycraft.dirt_mine":3,"stat.pickup.minecraft.record_13":1,"stat.useItem.minecraft.iron_bars":2,"stat.mineBlock.minecraft.monster_egg":18,"stat.pickup.minetraps.nails":3,"stat.drop.tombstone.crafting_ingredient":6,"stat.pickup.mowziesmobs.ice_crystal":8,"stat.useItem.extrautils2.grocket":1,"stat.useItem.ironchest.iron_chest":39,"stat.pickup.minecraft.log":633,"stat.pickup.twilightforest.alpha_fur":6,"stat.pickup.minecraft.chainmail_leggings":4,"stat.drop.mowziesmobs.ice_crystal":4,"stat.pickup.minecraft.wooden_door":1,"stat.pickup.iceandfire.dragonscales_gray":49,"stat.mineBlock.minecraft.iron_block":2,"stat.craftItem.minecraft.snow":44,"stat.pickup.minecraft.diamond_helmet":1,"stat.drop.securitycraft.universal_block_remover":3,"stat.useItem.securitycraft.cobblestone_mine":3,"stat.sneakTime":125294,"stat.mineBlock.minecraft.cobblestone_wall":1,"stat.drop.zawa.tiger_fur":1,"stat.mineBlock.minecraft.jukebox":1,"stat.pickup.iceandfire.dread_sword":6,"stat.pickup.minecraft.chest":8,"stat.mineBlock.minetraps.fall_trap":2,"stat.swimOneCm":378667,"stat.craftItem.mca.engagement_ring_rg":1,"stat.craftItem.securitycraft.mine":18,"stat.mineBlock.minetraps.bear_trap":3,"stat.useItem.minecraft.dirt":1587,"stat.pickup.twilightforest.magic_map":1,"stat.killEntity.betteranimalsplus.boar":12,"stat.killEntity.twilightforest.firefly":1,"stat.pickup.zawa.carnivore_meat_raw":2,"stat.drop.minecraft.ender_pearl":1,"stat.mineBlock.minecraft.magma":4,"stat.mineBlock.minecraft.carpet":1,"stat.drop.chisel.chisel_iron":1,"stat.useItem.minecraft.stone_shovel":750,"stat.mineBlock.chisel.limestone2":323,"stat.drop.zawa.cetacean_meat_raw":2,"stat.pickup.minecraft.glass_bottle":3,"stat.useItem.chisel.limestone2":220,"stat.useItem.securitycraft.reinforced_planks":4,"stat.drop.minecraft.wheat_seeds":2,"stat.craftItem.minecraft.wooden_slab":156,"stat.useItem.minecraft.sign":6,"stat.drop.minecraft.log":9,"stat.pickup.minecraft.mutton":7,"stat.pickup.minecraft.stonebrick":38,"stat.useItem.iceandfire.troll_weapon.hammer":4,"stat.craftItem.securitycraft.gold_mine":2,"stat.pickup.twilightforest.ice_bomb":11,"stat.killEntity.dread_thrall":26,"stat.pickup.minecraft.speckled_melon":11,"stat.killEntity.twilightforest.yeti_alpha":1,"stat.craftItem.minecraft.stone":194,"stat.mineBlock.minecraft.crafting_table":15,"stat.useItem.minecraft.diamond_pickaxe":1940,"stat.useItem.minecraft.carrot":43,"stat.pickup.securitycraft.mine":8,"stat.pickup.twilightforest.dark_slab":1,"stat.pickup.minecraft.slime_ball":1,"stat.craftItem.minecraft.diamond_pickaxe":2,"stat.craftItem.securitycraft.retinal_scanner":2,"stat.craftItem.minecraft.jukebox":1,"stat.pickup.minecraft.gravel":49,"stat.useItem.minecraft.stained_glass_pane":171,"stat.pickup.minecraft.stone_brick_stairs":2,"stat.pickup.minecraft.diamond_sword":5,"stat.pickup.minecraft.spider_eye":13,"stat.pickup.minecraft.diamond_ore":1,"stat.useItem.minecraft.cooked_chicken":34,"stat.pickup.minecraft.iron_ore":416,"stat.entityKilledBy.siren":2,"stat.pickup.iceandfire.shiny_scales":10,"stat.mineBlock.mca.rose_gold_ore":50,"stat.mineBlock.minecraft.iron_bars":12,"stat.drop.zawa.worm":10,"stat.pickup.minecraft.leather":21,"stat.drop.minecraft.iron_hoe":1,"stat.dispenserInspected":1,"stat.killEntity.twilightforest.minotaur":2,"stat.pickup.minecraft.reeds":9,"stat.pickup.minecraft.prismarine_crystals":14,"tombstone:undead_killed":405,"stat.craftItem.minecraft.glass":467,"stat.sleepInBed":130,"stat.pickup.twilightforest.twilight_log":3,"stat.craftItem.minecraft.baked_potato":827,"stat.craftItem.minecraft.iron_sword":11,"stat.pickup.zawa.rat_raw":1,"stat.walkOneCm":5599679,"stat.playerKills":10,"stat.craftItem.elevatorid.elevator_white":2,"stat.pickup.securitycraft.reinforced_stone_brick":1,"stat.pickup.extrautils2.minichest":10,"stat.mineBlock.chisel.basalt2":53,"stat.mineBlock.zawa.golden_sparks":2,"stat.pickup.minecraft.tnt":15,"stat.pickup.minecraft.stone":589,"stat.pickup.biomesoplenty.fleshchunk":1,"stat.craftItem.securitycraft.cobblestone_mine":7,"stat.mineBlock.minecraft.wool":2,"stat.drop.securitycraft.keypad":1,"stat.pickup.minecraft.gold_ingot":19,"stat.useItem.minecraft.prismarine":20,"stat.killEntity.Skeleton":83,"stat.mineBlock.minecraft.redstone_torch":10,"stat.killEntity.Spider":26,"stat.pickup.minecraft.water_bucket":3,"stat.mineBlock.minecraft.redstone_ore":1,"stat.craftItem.minetraps.nail_trap":1,"stat.craftItem.minecraft.coal_block":1,"stat.mineBlock.minecraft.stone":3406}