{"stat.pickup.minecraft.bone":4,"stat.pickup.terraqueous.flowers_single":9,"stat.useItem.minecraft.iron_axe":41,"stat.leaveGame":5,"stat.mineBlock.minecraft.cobblestone":13,"stat.mineBlock.minecraft.yellow_flower":17,"stat.craftItem.tombstone.grave_key":1,"stat.useItem.minecraft.diamond_sword":60,"stat.swimOneCm":23535,"stat.pickup.zawa.worm":28,"stat.climbOneCm":1793,"stat.pickup.minecraft.glowstone_dust":1,"stat.drop.minecraft.feather":2,"stat.useItem.minecraft.dirt":332,"stat.pickup.minecraft.bow":1,"stat.pickup.zawa.bird_meat":1,"stat.pickup.minecraft.rotten_flesh":12,"stat.pickup.minecraft.anvil":1,"stat.craftItem.minecraft.stone_pickaxe":5,"stat.useItem.twilightforest.seeker_bow":15,"stat.pickup.minecraft.cobblestone":464,"stat.mineBlock.zawa.ostritch_fern":1,"stat.useItem.minecraft.stone_shovel":533,"stat.mineBlock.chisel.limestone2":64,"stat.flyOneCm":673358,"stat.pickup.minecraft.redstone":129,"stat.mineBlock.minecraft.iron_ore":31,"stat.timeSinceDeath":33073,"stat.mineBlock.terraqueous.flowers_cluster":2,"stat.drop.minecraft.diamond":3,"stat.useItem.minecraft.iron_pickaxe":136,"stat.useItem.minecraft.spawn_egg":53,"stat.mineBlock.terraqueous.doodads":3,"stat.drop.minecraft.spider_eye":1,"stat.pickup.minecraft.double_plant":1,"stat.mineBlock.chisel.marble2":67,"stat.killEntity.ZombieVillager":2,"stat.mineBlock.minecraft.coal_ore":70,"stat.killEntity.Creeper":4,"stat.pickup.comforts.sleeping_bag":1,"stat.mineBlock.minecraft.grass":314,"stat.pickup.tombstone.crafting_ingredient":4,"stat.sprintOneCm":195818,"stat.useItem.minecraft.flint_and_steel":8,"stat.mineBlock.minecraft.crafting_table":2,"stat.useItem.minecraft.diamond_pickaxe":3,"stat.pickup.dynamictrees.oakseed":50,"stat.deaths":1,"stat.drop":14,"stat.playOneMinute":195001,"stat.killEntity.Zombie":22,"stat.pickup.zawa.care_guide":1,"stat.pickup.chisel.marble2":67,"stat.mineBlock.minecraft.tallgrass":16,"stat.mineBlock.terraqueous.foliage3":10,"stat.diveOneCm":11639,"stat.mineBlock.terraqueous.foliage1":2,"stat.mineBlock.terraqueous.foliage2":1,"stat.chestOpened":7,"stat.pickup.minecraft.arrow":4,"stat.mineBlock.minecraft.anvil":1,"stat.jump":1113,"stat.pickup.minecraft.coal":64,"stat.fallOneCm":15668,"stat.drop.minecraft.stone":1,"stat.drop.minecraft.diamond_sword":1,"stat.pickup.minecraft.gunpowder":2,"stat.crouchOneCm":35157,"stat.pickup.minecraft.spider_eye":2,"stat.pickup.minecraft.dirt":619,"stat.craftingTableInteraction":10,"stat.pickup.minecraft.iron_ore":31,"stat.useItem.chisel.marble2":8,"stat.damageTaken":902,"stat.pickup.zawa.ostritch_fern":1,"stat.pickup.minecraft.feather":4,"stat.mineBlock.minecraft.red_flower":2,"stat.mineBlock.minecraft.torch":4,"stat.pickup.chisel.limestone2":64,"tombstone:undead_killed":38,"stat.pickup.minecraft.wheat_seeds":3,"stat.mineBlock.minecraft.gravel":1,"stat.useItem.minecraft.stone_pickaxe":644,"stat.damageDealt":9216,"stat.sleepInBed":3,"stat.useItem.mowziesmobs.wrought_axe":8,"stat.mineBlock.minecraft.dirt":264,"stat.drop.terraqueous.multifood":1,"stat.useItem.minecraft.air":440,"stat.craftItem.minecraft.stone_shovel":4,"stat.walkOneCm":314164,"stat.useItem.minecraft.torch":18,"stat.pickup.dynamictrees.birchseed":4,"stat.pickup.minecraft.stick":180,"stat.pickup.terraqueous.multifood":6,"stat.pickup.minecraft.crafting_table":2,"stat.useItem.minecraft.cobblestone":200,"stat.useItem.minecraft.lava_bucket":177,"stat.useItem.dynamictrees.oakseed":37,"stat.mineBlock.chisel.basalt2":2,"stat.pickup.terraqueous.item_main":13,"stat.pickup.minecraft.log":119,"stat.useItem.tombstone.gift":1,"stat.useItem.minecraft.yellow_flower":16,"stat.pickup.minecraft.stone":93,"stat.drop.terraqueous.flowers_single":3,"stat.pickup.minecraft.apple":1,"stat.useItem.minecraft.prismarine":20,"stat.killEntity.Skeleton":14,"stat.useItem.minecraft.iron_sword":104,"stat.killEntity.Spider":3,"stat.mobKills":56,"stat.mineBlock.minecraft.log":1,"stat.pickup.minecraft.diamond":4,"stat.pickup.minecraft.torch":5,"stat.pickup.minecraft.red_flower":4,"stat.sneakTime":10343,"stat.useItem.minecraft.baked_potato":14,"stat.drop.minecraft.arrow":2,"stat.pickup.minecraft.yellow_flower":18,"stat.mineBlock.minecraft.stone":498}