{"stat.pickup.minecraft.wooden_slab":1,"stat.pickup.terraqueous.flowers_single":11,"stat.leaveGame":8,"stat.pickup.zawa.worm":28,"stat.useItem.minecraft.planks":93,"stat.mineBlock.minetraps.nail_trap":2,"stat.pickup.minecraft.glowstone_dust":2,"stat.drop.minecraft.feather":2,"stat.drop.dynamictrees.birchseed":4,"stat.pickup.minecraft.rotten_flesh":14,"stat.craftItem.minecraft.golden_apple":5,"stat.pickup.minecraft.sand":61,"stat.killEntity.Enderman":1,"stat.useItem.twilightforest.seeker_bow":15,"stat.mineBlock.minecraft.wooden_slab":1,"stat.craftItem.minecraft.iron_shovel":1,"stat.mineBlock.minecraft.sand":64,"stat.killEntity.Witch":1,"stat.drop.minecraft.diamond":3,"stat.useItem.minecraft.iron_pickaxe":350,"stat.useItem.minecraft.spawn_egg":53,"stat.mineBlock.terraqueous.doodads":3,"stat.craftItem.minecraft.iron_door":3,"stat.useItem.minecraft.iron_shovel":185,"stat.pickup.minecraft.double_plant":14,"stat.mineBlock.chisel.marble2":322,"stat.mineBlock.chisel.marble1":23,"stat.useItem.minecraft.oak_stairs":8,"stat.furnaceInteraction":233,"stat.killEntity.ZombieVillager":2,"stat.pickup.minecraft.furnace":8,"stat.pickup.mca.rose_gold_ore":49,"stat.mineBlock.terraqueous.flowers_single":1,"stat.useItem.minecraft.flint_and_steel":8,"stat.pickup.minecraft.emerald":8,"stat.pickup.minetraps.bear_trap":3,"stat.pickup.dynamictrees.oakseed":53,"stat.craftItem.minecraft.heavy_weighted_pressure_plate":2,"stat.deaths":1,"stat.playOneMinute":369347,"stat.craftItem.minecraft.iron_pickaxe":1,"stat.pickup.zawa.care_guide":1,"stat.pickup.chisel.marble1":23,"stat.pickup.chisel.marble2":322,"stat.mineBlock.minecraft.tallgrass":21,"stat.chestOpened":60,"stat.useItem.minecraft.stone":7,"stat.pickup.minecraft.arrow":8,"stat.pickup.chisel.marblepillar":1,"stat.fallOneCm":38423,"stat.drop.minecraft.stone":1,"stat.pickup.minecraft.carrot":1,"stat.crouchOneCm":86678,"stat.mineBlock.minecraft.chest":1,"stat.craftItem.minecraft.iron_ingot":134,"stat.craftItem.minecraft.chest":2,"stat.craftingTableInteraction":52,"stat.useItem.chisel.marble1":69,"stat.useItem.chisel.marble2":322,"stat.pickup.zawa.ostritch_fern":1,"stat.pickup.minecraft.feather":4,"stat.pickup.minecraft.record_cat":1,"stat.useItem.minecraft.furnace":14,"stat.craftItem.mca.rose_gold_ingot":49,"stat.pickup.minecraft.dye":151,"stat.pickup.minecraft.planks":48,"stat.pickup.chisel.limestone2":64,"stat.pickup.minecraft.wheat_seeds":5,"stat.mineBlock.minecraft.gravel":4,"stat.useItem.minecraft.stone_pickaxe":1562,"stat.useItem.mowziesmobs.wrought_axe":8,"stat.craftItem.minecraft.oak_stairs":12,"stat.mineBlock.minecraft.dirt":275,"stat.drop.terraqueous.multifood":2,"stat.useItem.minecraft.torch":28,"stat.craftItem.minecraft.redstone_block":1,"stat.pickup.terraqueous.multifood":27,"stat.pickup.minecraft.crafting_table":5,"stat.useItem.minecraft.cobblestone":477,"stat.pickup.minecraft.magma":2,"stat.craftItem.minecraft.crafting_table":1,"stat.mineBlock.minecraft.double_plant":8,"stat.useItem.dynamictrees.oakseed":37,"stat.mineBlock.minecraft.emerald_ore":8,"stat.pickup.minecraft.log":120,"stat.useItem.minecraft.yellow_flower":16,"stat.craftItem.minecraft.gold_ingot":43,"stat.craftItem.chisel.chisel_iron":1,"stat.pickup.minecraft.apple":2,"stat.craftItem.securitycraft.door_indestructible_iron_item":2,"stat.useItem.minecraft.iron_sword":198,"stat.craftItem.minecraft.planks":224,"stat.mineBlock.minecraft.log":1,"stat.pickup.minecraft.red_flower":6,"stat.sneakTime":28078,"stat.mineBlock.chisel.marblepillar":1,"stat.useItem.minecraft.baked_potato":49,"stat.pickup.minecraft.yellow_flower":18,"stat.pickup.minecraft.chest":1,"stat.pickup.minecraft.bone":6,"stat.useItem.minecraft.iron_axe":64,"stat.mineBlock.minecraft.cobblestone":17,"stat.mineBlock.minecraft.yellow_flower":17,"stat.craftItem.tombstone.grave_key":1,"stat.useItem.minecraft.diamond_sword":60,"stat.swimOneCm":51139,"stat.climbOneCm":1948,"stat.craftItem.securitycraft.mine":3,"stat.drop.minecraft.cobblestone":13,"stat.mineBlock.minetraps.bear_trap":3,"stat.useItem.minecraft.dirt":481,"stat.pickup.minecraft.bow":1,"stat.pickup.zawa.bird_meat":1,"stat.craftItem.minecraft.furnace":8,"stat.pickup.minecraft.anvil":1,"stat.craftItem.minecraft.stone_pickaxe":12,"stat.mineBlock.minecraft.magma":2,"stat.pickup.minecraft.cobblestone":889,"stat.mineBlock.zawa.ostritch_fern":1,"stat.useItem.minecraft.stone_shovel":533,"stat.mineBlock.chisel.limestone2":65,"stat.flyOneCm":778116,"stat.pickup.minetraps.nail_trap":2,"stat.craftItem.minecraft.wooden_slab":156,"stat.craftItem.minecraft.stained_glass":16,"stat.pickup.minecraft.redstone":241,"stat.mineBlock.minecraft.iron_ore":139,"stat.timeSinceDeath":207419,"stat.mineBlock.terraqueous.flowers_cluster":3,"stat.drop.minecraft.spider_eye":1,"stat.useItem.minecraft.wooden_slab":154,"stat.killEntity.Bat":1,"stat.craftItem.minetraps.nails":27,"stat.mineBlock.minecraft.coal_ore":70,"stat.killEntity.Creeper":6,"stat.pickup.comforts.sleeping_bag":4,"stat.mineBlock.minecraft.grass":420,"stat.pickup.tombstone.crafting_ingredient":6,"stat.sprintOneCm":581036,"stat.mineBlock.minecraft.diamond_ore":17,"stat.pickup.minecraft.grass":1,"stat.mineBlock.minecraft.crafting_table":5,"stat.useItem.minecraft.diamond_pickaxe":3,"stat.pickup.minecraft.sugar":2,"stat.mineBlock.minecraft.planks":21,"stat.drop":32,"stat.killEntity.Zombie":27,"stat.craftItem.minecraft.dye":26,"stat.mineBlock.minecraft.gold_ore":43,"stat.mineBlock.terraqueous.foliage3":22,"stat.diveOneCm":14043,"stat.mineBlock.terraqueous.foliage1":2,"stat.mineBlock.terraqueous.foliage2":1,"stat.mineBlock.minecraft.anvil":1,"stat.useItem.minetraps.quicksand":1,"stat.jump":2387,"stat.pickup.minecraft.coal":64,"stat.pickup.minecraft.iron_ingot":44,"stat.pickup.minetraps.quicksand":4,"stat.craftItem.securitycraft.iron_mine":1,"stat.drop.minecraft.diamond_sword":1,"stat.pickup.minecraft.gunpowder":11,"stat.pickup.minecraft.spider_eye":2,"stat.craftItem.minecraft.torch":12,"stat.pickup.minecraft.dirt":816,"stat.craftItem.comforts.sleeping_bag":1,"stat.pickup.minecraft.iron_ore":139,"stat.mineBlock.mca.rose_gold_ore":49,"stat.pickup.minecraft.gold_ore":43,"stat.mineBlock.minecraft.lapis_ore":24,"stat.killEntity.camocreepers:CamoCreeper":4,"stat.damageTaken":2333,"stat.mineBlock.minetraps.quicksand":4,"stat.mineBlock.minecraft.red_flower":3,"stat.mineBlock.minecraft.torch":22,"stat.mineBlock.minecraft.furnace":8,"tombstone:undead_killed":46,"stat.craftItem.minetraps.bear_trap":2,"stat.damageDealt":13500,"stat.craftItem.minecraft.glass":19,"stat.sleepInBed":14,"stat.useItem.minecraft.air":520,"stat.craftItem.minecraft.stone_shovel":4,"stat.walkOneCm":689598,"stat.pickup.dynamictrees.birchseed":8,"stat.pickup.minecraft.stick":238,"stat.useItem.minecraft.lava_bucket":177,"stat.mineBlock.chisel.basalt2":2,"stat.pickup.terraqueous.item_main":18,"stat.useItem.tombstone.gift":1,"stat.pickup.minecraft.stone":114,"stat.drop.terraqueous.flowers_single":3,"stat.pickup.minecraft.ender_pearl":1,"stat.useItem.minecraft.prismarine":20,"stat.killEntity.Skeleton":17,"stat.craftItem.minecraft.stained_glass_pane":32,"stat.killEntity.Spider":5,"stat.mobKills":77,"stat.pickup.minecraft.diamond":21,"stat.pickup.minecraft.torch":24,"stat.mineBlock.minecraft.redstone_ore":1,"stat.craftItem.minetraps.nail_trap":1,"stat.drop.minecraft.arrow":2,"stat.mineBlock.minecraft.stone":1045}