{"stat.chestOpened":3,"stat.pickup.minecraft.bone":4,"stat.leaveGame":1,"stat.pickup.minecraft.arrow":2,"stat.mineBlock.minecraft.anvil":1,"stat.mineBlock.minecraft.yellow_flower":8,"stat.useItem.minecraft.diamond_sword":60,"stat.jump":95,"stat.swimOneCm":14244,"stat.fallOneCm":418,"stat.crouchOneCm":246,"stat.pickup.minecraft.dirt":4,"stat.pickup.minecraft.bow":1,"stat.pickup.minecraft.rotten_flesh":6,"stat.pickup.minecraft.anvil":1,"stat.useItem.chisel.marble2":8,"stat.damageTaken":130,"stat.pickup.minecraft.cobblestone":12,"stat.flyOneCm":393527,"tombstone:undead_killed":15,"stat.damageDealt":3463,"stat.timeSinceDeath":75411,"stat.drop.minecraft.diamond":2,"stat.useItem.minecraft.spawn_egg":53,"stat.useItem.minecraft.air":280,"stat.pickup.minecraft.double_plant":1,"stat.walkOneCm":40853,"stat.useItem.minecraft.torch":14,"stat.useItem.minecraft.cobblestone":67,"stat.useItem.minecraft.lava_bucket":177,"stat.pickup.terraqueous.item_main":5,"stat.mineBlock.minecraft.grass":4,"stat.pickup.tombstone.crafting_ingredient":3,"stat.useItem.minecraft.yellow_flower":16,"stat.sprintOneCm":3713,"stat.killEntity.Skeleton":10,"stat.useItem.minecraft.diamond_pickaxe":3,"stat.mobKills":25,"stat.drop":2,"stat.pickup.minecraft.diamond":2,"stat.playOneMinute":75411,"stat.pickup.minecraft.torch":2,"stat.sneakTime":600,"stat.killEntity.Zombie":5,"stat.pickup.zawa.care_guide":1,"stat.pickup.minecraft.yellow_flower":5,"stat.diveOneCm":10904}