{"stat.chestOpened":3,"stat.pickup.minecraft.bone":4,"stat.pickup.terraqueous.flowers_single":6,"stat.useItem.minecraft.iron_axe":38,"stat.leaveGame":2,"stat.pickup.minecraft.arrow":2,"stat.mineBlock.minecraft.cobblestone":8,"stat.mineBlock.minecraft.anvil":1,"stat.mineBlock.minecraft.yellow_flower":17,"stat.useItem.minecraft.diamond_sword":60,"stat.jump":511,"stat.swimOneCm":17092,"stat.pickup.zawa.worm":4,"stat.fallOneCm":6524,"stat.climbOneCm":1626,"stat.pickup.minecraft.glowstone_dust":1,"stat.pickup.minecraft.gunpowder":2,"stat.crouchOneCm":21455,"stat.pickup.minecraft.spider_eye":1,"stat.pickup.minecraft.dirt":308,"stat.useItem.minecraft.dirt":209,"stat.pickup.minecraft.bow":1,"stat.craftingTableInteraction":6,"stat.pickup.minecraft.rotten_flesh":12,"stat.pickup.minecraft.anvil":1,"stat.useItem.chisel.marble2":8,"stat.damageTaken":234,"stat.pickup.zawa.ostritch_fern":1,"stat.mineBlock.minecraft.red_flower":2,"stat.useItem.twilightforest.seeker_bow":15,"stat.pickup.minecraft.cobblestone":45,"stat.mineBlock.zawa.ostritch_fern":1,"stat.useItem.minecraft.stone_shovel":315,"stat.flyOneCm":606442,"tombstone:undead_killed":28,"stat.pickup.minecraft.wheat_seeds":1,"stat.damageDealt":6724,"stat.pickup.minecraft.redstone":1,"stat.timeSinceDeath":132076,"stat.mineBlock.terraqueous.flowers_cluster":1,"stat.useItem.mowziesmobs.wrought_axe":8,"stat.drop.minecraft.diamond":2,"stat.useItem.minecraft.iron_pickaxe":50,"stat.mineBlock.minecraft.dirt":120,"stat.useItem.minecraft.spawn_egg":53,"stat.mineBlock.terraqueous.doodads":3,"stat.useItem.minecraft.air":424,"stat.craftItem.minecraft.stone_shovel":3,"stat.pickup.minecraft.double_plant":1,"stat.walkOneCm":176599,"stat.useItem.minecraft.torch":14,"stat.pickup.dynamictrees.birchseed":4,"stat.pickup.minecraft.stick":103,"stat.pickup.terraqueous.multifood":3,"stat.useItem.minecraft.cobblestone":83,"stat.killEntity.ZombieVillager":1,"stat.useItem.minecraft.lava_bucket":177,"stat.killEntity.Creeper":3,"stat.useItem.dynamictrees.oakseed":37,"stat.pickup.terraqueous.item_main":12,"stat.pickup.minecraft.log":111,"stat.mineBlock.minecraft.grass":202,"stat.pickup.tombstone.crafting_ingredient":4,"stat.useItem.minecraft.yellow_flower":16,"stat.pickup.minecraft.stone":2,"stat.sprintOneCm":98507,"stat.useItem.minecraft.prismarine":20,"stat.killEntity.Skeleton":11,"stat.useItem.minecraft.iron_sword":54,"stat.useItem.minecraft.flint_and_steel":8,"stat.killEntity.Spider":2,"stat.useItem.minecraft.diamond_pickaxe":3,"stat.mobKills":43,"stat.pickup.dynamictrees.oakseed":44,"stat.mineBlock.minecraft.log":1,"stat.drop":2,"stat.pickup.minecraft.diamond":2,"stat.playOneMinute":132076,"stat.pickup.minecraft.torch":2,"stat.pickup.minecraft.red_flower":1,"stat.sneakTime":4948,"stat.killEntity.Zombie":16,"stat.useItem.minecraft.baked_potato":5,"stat.pickup.zawa.care_guide":1,"stat.pickup.minecraft.yellow_flower":14,"stat.mineBlock.minecraft.stone":33,"stat.mineBlock.minecraft.tallgrass":14,"stat.mineBlock.terraqueous.foliage3":8,"stat.diveOneCm":11263}