{"stat.useItem.zawa.orca":7,"stat.useItem.dynamictrees.appleseed":2,"stat.pickup.iceandfire.fire_dragon_flesh":157,"stat.drop.minecraft.gunpowder":1,"stat.killEntity.betteranimalsplus.goat":7,"stat.pickup.tombstone.familiar_stone":12,"stat.pickup.minecraft.dark_oak_boat":5,"stat.craftItem.iceandfire.dragonforge_fire_brick":32,"stat.mineBlock.minecraft.stained_glass":6,"stat.craftItem.mowziesmobs.naga_fang_dagger":1,"stat.mineBlock.minetraps.nail_trap":3,"stat.mineBlock.minecraft.web":40,"stat.pickup.iceandfire.dragonforge_fire_core_disabled":5,"stat.useItem.extrautils2.goldenlasso":7,"stat.craftItem.extrautils2.endershard":32,"stat.drop.minecraft.iron_sword":4,"stat.pickup.minecraft.rotten_flesh":408,"stat.drop.twilightforest.magic_map":2,"stat.useItem.chisel.marble":15,"stat.craftItem.iceandfire.dragonsteel_fire_chestplate":1,"stat.pickup.minecraft.bucket":2,"stat.killEntity.Enderman":25,"stat.mineBlock.byg.witchhazelleavesblooming":2,"stat.useItem.dynamictrees.dirtbucket":4,"stat.pickup.zawa.reptile_hide":1,"stat.killEntity.betteranimalsplus.brownbear":2,"stat.craftItem.minecraft.iron_shovel":6,"stat.pickup.minecraft.brown_mushroom":14,"stat.useItem.zawa.carnivore_meat_cooked":2,"stat.useItem.minecraft.iron_pickaxe":2131,"stat.pickup.securitycraft.universal_block_remover":29,"stat.pickup.minecraft.stained_hardened_clay":2,"stat.pickup.minecraft.double_plant":19,"stat.pickup.dynamictrees.darkoakseed":1,"stat.pickup.zawa.mixed_coral_plates":4,"stat.craftItem.minecraft.glass_pane":96,"stat.mineBlock.chisel.marble2":574,"stat.mineBlock.chisel.marble1":23,"stat.furnaceInteraction":1059,"stat.craftItem.iceandfire.dragonscale_red":13,"stat.pickup.minecraft.nether_brick":35,"stat.pickup.zawa.large_meat_raw":3,"stat.craftItem.futuremc.dye":3,"stat.useItem.minecraft.fence":45,"stat.craftItem.connectedglass.clear_glass_pane":16,"stat.entityKilledBy.dread_ghoul":1,"stat.pickup.mca.rose_gold_ore":49,"stat.mineBlock.twilightforest.naga_stone":4,"stat.mineBlock.extrautils2.decorativesolid":1,"stat.useItem.minecraft.flint_and_steel":13,"stat.mineBlock.minecraft.fence":40,"stat.craftItem.zawa.carnivore_meat_cooked":2,"stat.useItem.minecraft.wheat_seeds":92,"stat.killEntity.betteranimalsplus.zotzpyre":2,"stat.pickup.minecraft.emerald":43,"stat.craftItem.securitycraft.laser_block":6,"stat.pickup.dynamictrees.oakseed":380,"stat.useItem.iceandfire.dragon_skull":1,"stat.deaths":99,"stat.pickup.securitycraft.reinforced_dirt":21,"stat.pickup.mowziesmobs.barakoa_mask_fury":5,"stat.pickup.minecraft.egg":3,"stat.drop.iceandfire.dragonbone_sword_fire":5,"stat.craftItem.minecraft.iron_pickaxe":8,"stat.pickup.minecraft.glass_pane":4,"stat.pickup.zawa.cetacean_meat_raw":2,"stat.drop.minecraft.iron_ingot":1,"stat.pickup.iceandfire.dragonforge_fire_input":5,"stat.useItem.iceandfire.frozen_cobblestone":19,"stat.fishCaught":70,"stat.chestOpened":738,"stat.craftItem.minecraft.sign":6,"stat.pickup.minecraft.iron_sword":5,"stat.pickup.iceandfire.dragonforge_fire_core":5,"stat.useItem.minecraft.grass":2,"stat.killEntity.twilightforest.yeti":5,"stat.pickup.minecraft.gold_nugget":413,"stat.craftItem.minecraft.coal":183,"stat.craftItem.dynamictrees.appleseed":3,"stat.useItem.tombstone.fishing_rod_of_misadventure":7,"stat.pickup.minecraft.carrot":597,"stat.crouchOneCm":551587,"stat.killEntity.dread_lich":1,"stat.craftItem.minecraft.iron_ingot":539,"stat.pickup.minecraft.ender_chest":1,"stat.pickup.craftingstation.crafting_station":6,"stat.craftingTableInteraction":412,"stat.craftItem.extrautils2.decorativesolid":92,"stat.pickup.iceandfire.ice_dragon_flesh":3,"stat.pickup.securitycraft.keypad_chest":1,"stat.drop.minecraft.double_plant":1,"stat.pickup.zawa.ostritch_fern":2,"stat.pickup.twilightforest.firefly_jar":2,"stat.pickup.minecraft.dye":500,"stat.pickup.minecraft.planks":423,"stat.pickup.chisel.limestone2":496,"stat.useItem.iceandfire.dragonbone_sword_fire":988,"stat.pickup.iceandfire.cyclops_eye":1,"stat.craftItem.extrautils2.pipe":128,"stat.pickup.tombstone.scroll_of_knowledge":1,"stat.useItem.mowziesmobs.wrought_axe":8,"stat.flowerPotted":1,"stat.pickup.betteranimalsplus.boarhead_4":1,"stat.pickup.betteranimalsplus.boarhead_1":10,"stat.drop.minecraft.rotten_flesh":14,"stat.pickup.minecraft.magma":4,"stat.useItem.twilightforest.firefly":1,"stat.useItem.dynamictrees.oakseed":188,"stat.pickup.securitycraft.reinforced_stone":66,"stat.useItem.minecraft.yellow_flower":25,"stat.pickup.iceandfire.dragonsteel_fire_leggings":1,"tombstone:cast_on_ally":1,"stat.mineBlock.twilightforest.twilight_leaves":2,"stat.useItem.minecraft.glass_pane":47,"stat.mineBlock.twilightforest.firefly":2,"stat.drop.minecraft.fish":2,"stat.drop.dynamictrees.oakseed":4,"stat.craftItem.minecraft.bucket":9,"stat.useItem.minecraft.iron_sword":381,"stat.craftItem.minecraft.planks":1188,"stat.useItem.securitycraft.universal_block_remover":167,"stat.craftItem.minecraft.fishing_rod":1,"stat.pickup.minecraft.book":183,"stat.useItem.minecraft.stonebrick":46,"stat.pickup.twilightforest.trans_fence":1,"stat.useItem.connectedglass.clear_glass":121,"stat.killEntity.betteranimalsplus.badger":1,"stat.killEntity.siren":9,"stat.pickup.extrautils2.pipe":6,"stat.useItem.twilightforest.twilight_log":1,"stat.pickup.minecraft.tripwire_hook":1,"stat.mineBlock.minecraft.cobblestone":392,"stat.mineBlock.minecraft.pumpkin":11,"stat.pickup.minecraft.flint":1,"stat.pickup.iceandfire.ice_dragon_heart":1,"stat.craftItem.iceandfire.dragonbone_sword_fire":1,"stat.pickup.minecraft.flower_pot":5,"stat.mineBlock.minecraft.stained_glass_pane":56,"stat.drop.minecraft.cobblestone":25,"stat.pickup.minecraft.cooked_porkchop":215,"stat.mineBlock.chisel.marble":1,"stat.useItem.chococraft.gysahl_green":2,"stat.pickup.betteranimalsplus.wolf_pelt_red":3,"stat.pickup.forge.bucketfilled":9,"stat.pickup.minecraft.iron_boots":14,"stat.craftItem.iceandfire.dragonsteel_fire_axe":1,"stat.craftItem.minecraft.furnace":12,"stat.craftItem.minecraft.iron_boots":3,"stat.mineBlock.zawa.ostritch_fern":2,"stat.mineBlock.minecraft.clay":3,"stat.pickup.minecraft.diamond_leggings":11,"stat.useItem.extrautils2.decorativesolid":1,"stat.entityKilledBy.dread_thrall":2,"stat.useItem.iceandfire.chared_stone":2,"stat.craftItem.extrautils2.passivegenerator":51,"stat.pickup.mowziesmobs.glowing_jelly":2,"stat.pickup.twilightforest.twilight_sapling":9,"stat.drop.minecraft.spider_eye":6,"stat.useItem.minecraft.wooden_slab":154,"stat.craftItem.minecraft.iron_block":3,"stat.killEntity.twilightforest.helmet_crab":1,"stat.craftItem.minecraft.stonebrick":156,"stat.pickup.securitycraft.keypad":1,"stat.pickup.twilightforest.naga_scale":2,"tombstone:tomb_raiding":1,"stat.killEntity.Creeper":50,"stat.pickup.iceandfire.sea_serpent_fang":110,"stat.craftItem.connectedglass.clear_glass":132,"stat.pickup.comforts.sleeping_bag":77,"stat.pickup.iceandfire.dragon_horn":23,"stat.pickup.tombstone.crafting_ingredient":93,"stat.entityKilledBy.Skeleton":2,"stat.pickup.minecraft.birch_stairs":2,"stat.pickup.zawa.reptile_meat_raw":2,"stat.sprintOneCm":11810407,"stat.useItem.minetraps.fall_trap":18,"stat.craftItem.trashcans.item_trash_can":1,"stat.mineBlock.minecraft.stone_slab":11,"stat.useItem.tombstone.magic_scroll":4,"stat.killEntity.twilightforest.maze_slime":2,"stat.craftItem.extrautils2.indexer":1,"stat.pickup.extrautils2.decorativesolid":1,"stat.pickup.minecraft.sugar":2,"stat.pickup.mca.engagement_ring_rg":2,"stat.drop.tombstone.grave_key":14,"stat.useItem.iceandfire.frozen_dirt":2,"stat.pickup.tombstone.grave_key":5,"stat.craftItem.minecraft.emerald":1,"stat.pickup.minecraft.iron_block":4,"stat.killEntity.Zombie":310,"stat.craftItem.minecraft.dye":53,"stat.mineBlock.ironfurnaces.iron_furnace_active":1,"stat.pickup.iceandfire.dragon_ice":2,"stat.mineBlock.minecraft.gold_ore":113,"stat.drop.minecraft.diamond_pickaxe":1,"stat.pickup.byg.cherrylog":1,"stat.pickup.minecraft.wheat":111,"stat.pickup.iceandfire.dragonscales_white":18,"stat.mineBlock.minecraft.mossy_cobblestone":1,"stat.mineBlock.connectedglass.clear_glass":20,"stat.entityKilledBy.seaserpent":4,"stat.craftItem.ironfurnaces.iron_furnace_idle":2,"stat.pickup.minecraft.sign":2,"stat.pickup.iceandfire.dragonscales_bronze":81,"stat.useItem.byg.pink_sand":6,"stat.drop.iceandfire.dragonscales_gray":1,"stat.entityKilledBy.camocreepers:CamoCreeper":1,"stat.pickup.minecraft.obsidian":131,"stat.useItem.byg.soapstone":2,"stat.pickup.minecraft.coal":729,"stat.pickup.minecraft.iron_ingot":410,"stat.useItem.minecraft.dark_oak_boat":5,"stat.craftItem.securitycraft.iron_mine":2,"stat.drop.minecraft.diamond_sword":5,"stat.pickup.minecraft.gunpowder":161,"stat.pickup.iceandfire.chared_stone":250,"stat.pickup.minecraft.dirt":2192,"stat.drop.minecraft.iron_shovel":2,"stat.pickup.tombstone.fishing_rod_of_misadventure":1,"stat.pickup.iceandfire.fire_dragon_heart":12,"stat.craftItem.iceandfire.dragonforge_fire_input":1,"stat.mineBlock.minecraft.lapis_ore":70,"stat.killEntity.camocreepers:CamoCreeper":45,"stat.pickup.minecraft.iron_axe":28,"stat.mineBlock.minetraps.quicksand":4,"stat.craftItem.extrautils2.goldenlasso":1,"stat.mineBlock.minecraft.red_flower":6,"stat.mineBlock.minecraft.torch":212,"stat.pickup.minecraft.written_book":18,"stat.tradedWithVillager":3,"stat.useItem.securitycraft.reinforced_stone":26,"stat.mineBlock.minecraft.fence_gate":1,"stat.pickup.iceandfire.hippogryph_sword":1,"stat.pickup.chococraft.gysahl_green":1043,"stat.pickup.twilightforest.naga_stone":3,"stat.mineBlock.securitycraft.dirt_mine":3,"stat.pickup.minecraft.diamond_pickaxe":20,"stat.pickup.twilightforest.minotaur_axe_gold":1,"stat.useItem.minecraft.tnt":2,"stat.useItem.minecraft.lava_bucket":184,"stat.useItem.minecraft.gold_ore":2,"stat.pickup.iceandfire.dread_shard":43,"stat.useItem.tombstone.gift":3,"stat.useItem.iceandfire.dragonsteel_fire_shovel":273,"stat.useItem.securitycraft.reinforced_grass":82,"stat.pickup.minecraft.cooked_beef":60,"stat.killEntity.Stray":3,"stat.mineBlock.minecraft.farmland":1,"stat.mineBlock.byg.soapstone":25,"stat.mineBlock.extrautils2.minichest":1,"stat.pickup.minecraft.dark_oak_stairs":31,"stat.mobKills":1164,"stat.pickup.minecraft.diamond_boots":11,"stat.mineBlock.minecraft.bookshelf":37,"stat.pickup.securitycraft.diamond_mine":1,"stat.drop.minecraft.written_book":3,"stat.pickup.iceandfire.gorgon_head":8,"stat.useItem.minecraft.boat":6,"stat.pickup.minecraft.diamond":277,"stat.pickup.minecraft.beetroot_seeds":22,"stat.mineBlock.twilightforest.etched_nagastone_mossy":1,"stat.pickup.mowziesmobs.naga_fang":1,"stat.mineBlock.byg.pink_sand":26,"stat.useItem.byg.jacarandaplanks":7,"stat.mineBlock.byg.jacarandalog":1,"stat.killEntity.Blaze":44,"stat.drop.chisel.marble":1,"stat.pickup.minecraft.glowstone_dust":6,"stat.mineBlock.byg.spruceleavesred":1,"stat.craftItem.iceandfire.jar_empty":1,"stat.pickup.betteranimalsplus.wolf_pelt_snowy":8,"stat.mineBlock.minecraft.stone_brick_stairs":1,"stat.drop.minecraft.poisonous_potato":5,"stat.pickup.twilightforest.lifedrain_scepter":1,"stat.pickup.minecraft.splash_potion":2,"stat.craftItem.iceandfire.dragonforge_fire_core_disabled":1,"stat.mineBlock.twilightforest.twilight_log":1,"stat.craftItem.securitycraft.cage_trap":1,"stat.mineBlock.minecraft.snow_layer":100,"stat.pickup.mowziesmobs.barakoa_mask_misery":4,"stat.mineBlock.minecraft.sand":906,"stat.killEntity.twilightforest.kobold":20,"stat.pickup.securitycraft.reinforced_cobblestone":5,"stat.craftItem.iceandfire.dragon_stick":1,"stat.craftItem.iceandfire.dragonbone_sword_ice":1,"stat.drop.minecraft.diamond":5,"stat.pickup.minecraft.ghast_tear":3,"stat.trappedChestTriggered":27,"stat.mineBlock.minecraft.lapis_block":1,"stat.useItem.extrautils2.pipe":51,"stat.drop.minecraft.stained_hardened_clay":1,"stat.pickup.iceandfire.troll_tusk":4,"stat.drop.minecraft.fishing_rod":1,"stat.mineBlock.byg.sonorancactusflowering":1,"stat.pickup.minecraft.stone_stairs":19,"stat.craftItem.minecraft.fence_gate":1,"stat.pickup.iceandfire.dragon_horn_fire":19,"stat.pickup.minecraft.golden_carrot":1,"stat.pickup.minecraft.saddle":11,"stat.pickup.ironchest.iron_chest":14,"stat.craftItem.ironfurnaces.diamond_furnace_idle":2,"stat.pickup.minecraft.blaze_rod":18,"stat.craftItem.securitycraft.keypad_item":2,"stat.drop.minecraft.chest":1,"stat.craftItem.byg.jacarandaplanks":8,"stat.pickup.minecraft.netherrack":80,"stat.mineBlock.connectedglass.borderless_glass":2,"stat.pickup.minecraft.pumpkin":11,"stat.pickup.minecraft.spruce_door":6,"stat.recordPlayed":27,"stat.useItem.minecraft.fish":15,"stat.pickup.securitycraft.reinforced_iron_bars":3,"stat.pickup.minecraft.waterlily":1,"stat.pickup.securitycraft.door_indestructible_iron_item":3,"stat.mineBlock.minecraft.ice":7,"stat.pickup.chisel.marblepillar":1,"stat.craftItem.minecraft.iron_hoe":3,"stat.pickup.byg.tamrelitegem":1,"stat.useItem.minecraft.experience_bottle":152,"stat.drop.minecraft.stone":38,"stat.drop.minecraft.gold_ore":1,"stat.craftItem.minetraps.fall_trap":29,"stat.drop.minecraft.bone":8,"stat.useItem.minecraft.furnace":15,"stat.craftItem.extrautils2.indexerremote":1,"stat.craftItem.extrautils2.ingredients":26,"stat.pickup.minecraft.iron_leggings":16,"stat.mineBlock.minecraft.gravel":38,"stat.mineBlock.iceandfire.dragonforge_fire_core":1,"stat.pickup.iceandfire.dragon_stick":28,"stat.useItem.minecraft.wool":2,"stat.pickup.zawa.mixed_stone":1,"stat.drop.minecraft.reeds":5,"stat.drop.minecraft.iron_axe":2,"stat.pickup.minecraft.flint_and_steel":6,"stat.useItem.minecraft.torch":431,"stat.useItem.securitycraft.gold_mine":1,"stat.pickup.minecraft.iron_nugget":4,"stat.craftItem.minecraft.redstone_block":7,"stat.craftItem.minecraft.stone_stairs":220,"stat.pickup.minecraft.crafting_table":16,"stat.useItem.minecraft.log":79,"stat.craftItem.minecraft.crafting_table":6,"stat.pickup.minecraft.iron_hoe":1,"stat.mineBlock.minecraft.emerald_ore":20,"stat.killEntity.dread_scuttler":2,"stat.pickup.minecraft.redstone_block":1,"stat.useItem.minecraft.cooked_fish":41,"stat.pickup.iceandfire.dragonsteel_fire_ingot":73,"stat.drop.minecraft.stonebrick":4,"stat.pickup.zawa.large_sea_anemone":1,"stat.drop.zawa.blubber":9,"stat.craftItem.minecraft.stone_button":8,"stat.drop.minecraft.planks":1,"stat.pickup.mca.rose_gold_ingot":42,"stat.pickup.minecraft.web":28,"stat.pickup.minecraft.sapling":9,"stat.craftItem.iceandfire.dragonscale_bronze":5,"stat.pickup.minecraft.beetroot":10,"stat.mineBlock.iceandfire.goldpile":87,"stat.useItem.zawa.large_meat_raw":3,"stat.useItem.iceandfire.dragonsteel_ice_axe":14,"stat.pickup.twilightforest.yeti_helmet":1,"stat.drop.comforts.sleeping_bag":1,"stat.pickup.minecraft.golden_sword":9,"stat.pickup.iceandfire.sea_serpent_scales_purple":110,"stat.drop.minecraft.bucket":1,"stat.useItem.minecraft.baked_potato":1033,"stat.pickup.minecraft.stone_slab":74,"stat.pickup.minecraft.yellow_flower":49,"stat.pickup.byg.witchhazelleavesblooming":2,"stat.useItem.minecraft.fishing_rod":134,"stat.killEntity.twilightforest.lich":1,"stat.craftItem.minecraft.diamond_chestplate":1,"stat.pickup.minecraft.bone":357,"stat.pickup.minecraft.redstone_torch":10,"stat.horseOneCm":700450,"stat.drop.minecraft.red_mushroom":1,"stat.mineBlock.minecraft.brown_mushroom":1,"stat.useItem.minecraft.diamond_sword":1736,"stat.craftItem.minecraft.diamond_helmet":1,"stat.craftItem.extrautils2.glasscutter":1,"stat.useItem.mowziesmobs.glowing_jelly":1,"stat.climbOneCm":40320,"stat.pickup.chisel.marble":1,"stat.enderchestOpened":1,"stat.useItem.minecraft.redstone_torch":8,"stat.pickup.zawa.bird_meat":1,"stat.useItem.twilightforest.naga_stone":2,"stat.craftItem.extrautils2.largishchest":2,"stat.pickup.minecraft.anvil":2,"stat.craftItem.minecraft.stone_pickaxe":15,"stat.pickup.iceandfire.dragonforge_ice_input":3,"stat.pickup.minecraft.cobblestone":4363,"stat.pickup.minetraps.nail_trap":3,"stat.craftItem.minecraft.glass_bottle":39,"stat.pickup.minecraft.soul_sand":1,"stat.pickup.minecraft.cactus":10,"stat.drop.minecraft.clay_ball":13,"stat.pickup.minecraft.redstone":338,"stat.mineBlock.minecraft.iron_ore":525,"stat.drop.minecraft.coal":2,"stat.craftItem.extrautils2.screen":2,"stat.craftItem.securitycraft.furnace_mine":1,"stat.drop.minecraft.dirt":4,"stat.pickup.minecraft.iron_shovel":3,"stat.useItem.minecraft.cooked_porkchop":35,"stat.pickup.minecraft.carpet":1,"stat.mineBlock.betteranimalsplus.boarhead_1":2,"stat.mineBlock.minecraft.grass":1038,"stat.entityKilledBy.dread_lich":4,"stat.pickup.zawa.blubber":9,"stat.useItem.iceandfire.dragonsteel_fire_axe":88,"stat.mineBlock.zawa.mixed_coral_plates":1,"stat.pickup.minecraft.paper":3,"stat.craftItem.minecraft.stick":92,"stat.useItem.extrautils2.passivegenerator":48,"stat.pickup.iceandfire.dragonsteel_fire_sword":1,"stat.pickup.twilightforest.charm_of_keeping_1":1,"stat.pickup.minecraft.grass":18,"stat.craftItem.globalxp.xp_block":1,"stat.pickup.extrautils2.resonator":1,"stat.drop.tombstone.dust_of_vanishing":1,"stat.pickup.iceandfire.dragonbone_sword_fire":39,"stat.craftItem.ironfurnaces.gold_furnace_idle":2,"stat.pickup.minecraft.diamond_chestplate":11,"stat.pickup.chococraft.gysahl_green_seeds":1036,"stat.mineBlock.minecraft.planks":130,"stat.drop":435,"stat.pickup.minecraft.jukebox":1,"stat.killEntity.Sheep":6,"stat.craftItem.securitycraft.universal_block_remover":1,"stat.craftItem.chisel.block_charcoal2":1,"stat.mineBlock.byg.oakleavesred":1,"stat.mineBlock.minecraft.anvil":2,"stat.useItem.minecraft.apple":21,"stat.useItem.minetraps.quicksand":1,"stat.useItem.minecraft.porkchop":3,"stat.pickup.twilightforest.torchberries":19,"stat.craftItem.iceandfire.dragonsteel_fire_shovel":1,"stat.drop.twilightforest.mazebreaker_pickaxe":1,"stat.pickup.minecraft.fence":40,"stat.mineBlock.craftingstation.crafting_station":5,"stat.pickup.byg.scoria":36,"stat.craftItem.minecraft.iron_helmet":1,"stat.drop.iceandfire.chared_stone":4,"stat.craftItem.securitycraft.universal_owner_changer":1,"stat.entityKilledBy.dread_scuttler":3,"stat.boatOneCm":1138827,"stat.mineBlock.chisel.glasspanedyedcyan":24,"stat.mineBlock.minecraft.stone_stairs":20,"stat.craftItem.minecraft.iron_bars":32,"stat.mineBlock.minecraft.furnace":14,"stat.mineBlock.iceandfire.chared_cobblestone":12,"stat.pickup.minecraft.prismarine_shard":70,"stat.drop.minecraft.water_bucket":1,"stat.killEntity.CaveSpider":7,"stat.drop.chococraft.gysahl_green":1,"stat.useItem.tombstone.grave_key":45,"stat.pickup.minecraft.oak_stairs":4,"stat.craftItem.minetraps.bear_trap":6,"stat.mineBlock.securitycraft.diamond_mine":1,"stat.pickup.minecraft.stained_glass":8,"stat.damageDealt":266433,"stat.killEntity.dread_beast":9,"stat.mineBlock.iceandfire.chared_dirt":1,"stat.craftItem.minecraft.stone_shovel":6,"stat.pickup.minecraft.boat":7,"stat.pickup.dynamictrees.birchseed":14,"stat.pickup.minecraft.stick":980,"stat.craftItem.minecraft.diamond_boots":1,"stat.mineBlock.zawa.large_sea_anemone":1,"stat.useItem.minecraft.cactus":1,"stat.craftItem.extrautils2.minichest":9,"stat.mineBlock.minecraft.quartz_ore":2,"stat.drop.minecraft.filled_map":1,"stat.pickup.iceandfire.troll_weapon.hammer":3,"stat.drop.minecraft.diamond_boots":1,"stat.craftItem.minecraft.fence":27,"stat.pickup.mowziesmobs.barakoa_mask_bliss":2,"stat.useItem.minecraft.golden_apple":3,"stat.mineBlock.minecraft.leaves":49,"stat.pickup.byg.pink_sand":280,"stat.mineBlock.minecraft.bone_block":43,"stat.drop.tombstone.scroll_of_knowledge":1,"stat.pickup.minecraft.wooden_slab":2,"stat.leaveGame":74,"stat.pickup.betteranimalsplus.goose_egg":71,"stat.pickup.iceandfire.dragon_flute":27,"stat.pickup.extrautils2.indexerremote":40,"stat.drop.iceandfire.dragonsteel_ice_sword":1,"stat.mineBlock.minecraft.sandstone":5,"stat.craftItem.minecraft.ender_eye":5,"stat.drop.forge.bucketfilled":1,"stat.killEntity.PigZombie":62,"stat.pickup.zawa.worm":56,"stat.craftItem.minecraft.shield":1,"stat.drop.minecraft.feather":2,"stat.mineBlock.iceandfire.dragonforge_ice_input":3,"stat.craftItem.futuremc.campfire":2,"stat.pickup.iceandfire.witherbone":2,"stat.pickup.iceandfire.chared_cobblestone":36,"stat.craftItem.iceandfire.dragon_flute":1,"stat.useItem.twilightforest.seeker_bow":15,"stat.mineBlock.minecraft.wooden_slab":2,"stat.pickup.minecraft.leather_boots":1,"stat.killEntity.twilightforest.goblin_knight_lower":1,"stat.killEntity.Witch":6,"stat.entityKilledBy.dread_beast":3,"stat.pickup.iceandfire.frozen_grass":2,"stat.craftItem.minecraft.iron_door":6,"stat.useItem.minecraft.iron_shovel":1483,"stat.drop.minecraft.chainmail_leggings":1,"stat.pickup.byg.sonorancactusflowering":4,"stat.craftItem.minecraft.bed":1,"stat.pickup.zawa.golden_sparks":1,"stat.mineBlock.minecraft.vine":2,"stat.mineBlock.minecraft.rail":1,"stat.craftItem.chococraft.chocopedia":1,"stat.killEntity.ZombieVillager":12,"stat.drop.twilightforest.mangrove_planks":1,"stat.drop.securitycraft.door_indestructible_iron_item":1,"stat.pickup.minecraft.beef":300,"stat.craftItem.iceandfire.dragonsteel_fire_boots":1,"stat.useItem.minecraft.stained_glass":4,"stat.pickup.securitycraft.reinforced_planks":17,"stat.pickup.mowziesmobs.barakoa_mask_rage":3,"stat.pickup.tombstone.scroll_buff":2,"stat.pickup.minetraps.bear_trap":3,"stat.pickup.securitycraft.universal_block_reinforcer_lvl1":24,"stat.craftItem.iceandfire.dragon_bone_block":4,"stat.pickup.byg.sodalite":3,"stat.craftItem.craftingstation.crafting_station":1,"stat.pickup.twilightforest.armor_shard":3,"stat.pickup.zawa.raw_crab_leg":6,"stat.pickup.zawa.care_guide":2,"stat.pickup.chisel.marble1":28,"stat.pickup.chisel.marble2":695,"stat.mineBlock.minecraft.tallgrass":118,"stat.craftItem.twilightforest.magic_map_empty":1,"stat.useItem.minecraft.splash_potion":21,"stat.killEntity.betteranimalsplus.goose":11,"stat.useItem.minecraft.stone":161,"stat.pickup.minecraft.arrow":143,"stat.killEntity.Ghast":4,"stat.pickup.zawa.tiger_fur":2,"stat.pickup.chisel.basalt2":30,"stat.pickup.betteranimalsplus.bear_skin_brown":2,"stat.mineBlock.minecraft.chest":6,"stat.useItem.byg.cherryplanks":3,"stat.pickup.minecraft.painting":36,"stat.useItem.chisel.marble1":74,"stat.useItem.chisel.marble2":527,"stat.useItem.iceandfire.dragonsteel_fire_sword":92,"stat.mineBlock.caves_and_cliffs.copper_ore":2,"stat.pickup.byg.sonorancactus":63,"stat.pickup.minecraft.wheat_seeds":313,"stat.mineBlock.minecraft.glass":4,"stat.useItem.iceandfire.dragonsteel_ice_sword":1,"stat.pickup.byg.jacarandaleaves":9,"stat.mineBlock.minecraft.dirt":944,"stat.pickup.minecraft.poisonous_potato":22,"stat.useItem.minecraft.bread":5,"stat.pickup.minecraft.brewing_stand":1,"stat.pickup.iceandfire.dragon_bone_block":29,"stat.craftItem.twilightforest.magic_map_focus":1,"stat.useItem.minecraft.cobblestone":1949,"stat.useItem.minecraft.gravel":4,"stat.mineBlock.minecraft.double_plant":20,"stat.pickup.iceandfire.dragonegg_green":1,"stat.craftItem.tombstone.dust_of_vanishing":3,"stat.pickup.minecraft.iron_pickaxe":6,"stat.drop.minecraft.carrot":12,"stat.craftItem.minecraft.gold_ingot":105,"stat.useItem.securitycraft.scanner_door_item":2,"stat.craftItem.chisel.chisel_iron":3,"stat.pickup.iceandfire.fire_dragon_blood":40,"stat.drop.iceandfire.dragonsteel_fire_axe":1,"stat.pickup.minecraft.apple":163,"stat.mineBlock.iceandfire.dread_spawner":12,"stat.craftItem.securitycraft.door_indestructible_iron_item":5,"stat.useItem.betteranimalsplus.goose_egg":61,"stat.mineBlock.minecraft.log":9,"stat.useItem.chisel.basalt2":1,"stat.pickup.iceandfire.dragonbone":281,"stat.pickup.minecraft.red_flower":13,"stat.pickup.iceandfire.troll_weapon.column_forest":2,"stat.pickup.minecraft.wool":61,"stat.drop.tombstone.familiar_stone":1,"stat.mineBlock.chisel.marblepillar":1,"stat.craftItem.iceandfire.dragonsteel_fire_leggings":1,"stat.craftItem.minecraft.diamond_leggings":1,"stat.useItem.minecraft.iron_axe":420,"stat.killEntity.gorgon":5,"stat.pickup.twilightforest.mangrove_planks":2,"stat.mineBlock.minecraft.yellow_flower":28,"stat.mineBlock.iceandfire.chared_stone":23,"stat.craftItem.tombstone.grave_key":15,"stat.craftItem.minecraft.wool":2,"stat.mineBlock.byg.purple_sand":1,"stat.pickup.zawa.animal_net":10,"stat.pickup.minecraft.enchanted_book":2,"stat.useItem.securitycraft.dirt_mine":5,"stat.useItem.minecraft.obsidian":1,"stat.mineBlock.ironchest.iron_chest":15,"stat.craftItem.connectedglass.borderless_glass":136,"stat.pickup.minecraft.bow":14,"stat.mineBlock.twilightforest.dark_leaves":6,"stat.craftItem.iceandfire.dragonsteel_fire_sword":1,"stat.useItem.minecraft.egg":2,"stat.pickup.iceandfire.chain_link":20,"stat.useItem.minetraps.bear_trap":5,"stat.mineBlock.minecraft.obsidian":52,"stat.pickup.minecraft.shears":3,"stat.flyOneCm":11767598,"stat.pickup.minecraft.sandstone":1,"stat.pickup.minecraft.fish":72,"stat.pickup.iceandfire.dragonsteel_fire_chestplate":1,"stat.craftItem.extrautils2.grocket":4,"stat.craftItem.minecraft.stained_glass":72,"stat.timeSinceDeath":129087,"stat.mineBlock.iceandfire.dread_torch":1,"stat.pickup.chococraft.lovely_gysahl_green":187,"stat.killEntity.Bat":1,"stat.mineBlock.iceandfire.dragon_bone_block":9,"stat.mineBlock.twilightforest.firefly_jar":1,"stat.craftItem.minetraps.nails":54,"stat.useItem.minecraft.potato":781,"stat.killEntity.seaserpent":1,"stat.pickup.iceandfire.frozen_cobblestone":18,"stat.craftItem.iceandfire.dragonsteel_fire_ingot":49,"stat.mineBlock.minecraft.coal_ore":203,"stat.pickup.byg.purple_sand":8,"stat.pickup.minecraft.shield":1,"stat.talkedToVillager":419,"stat.drop.minecraft.baked_potato":113,"stat.mineBlock.minecraft.red_mushroom_block":1,"stat.pickup.minecraft.string":191,"stat.mineBlock.byg.sonorancactus":7,"stat.useItem.minecraft.written_book":3,"stat.useItem.minecraft.diamond_shovel":5,"stat.pickup.minecraft.bone_block":43,"stat.mineBlock.minecraft.diamond_ore":102,"tombstone:use_vanishing":2,"stat.mineBlock.byg.light_blue_sand":15,"stat.pickup.minecraft.snowball":224,"stat.pickup.iceandfire.chared_dirt":88,"stat.craftItem.securitycraft.scanner_door_item":5,"stat.diveOneCm":1002611,"stat.drop.twilightforest.firefly":2,"stat.pickup.securitycraft.reinforced_grass":88,"stat.mineBlock.extrautils2.resonator":1,"stat.pickup.iceandfire.frozen_dirt":3,"stat.drop.minecraft.apple":1,"stat.craftItem.zawa.animal_net":2,"stat.jump":45375,"stat.useItem.minecraft.sand":68,"stat.pickup.minetraps.quicksand":6,"stat.pickup.iceandfire.chared_gravel":1,"stat.pickup.extrautils2.indexer":4,"stat.craftItem.minecraft.torch":116,"stat.craftItem.comforts.sleeping_bag":1,"stat.useItem.minecraft.glass":185,"stat.pickup.minecraft.gold_ore":148,"stat.mineBlock.minecraft.glass_pane":27,"stat.damageTaken":64881,"stat.pickup.twilightforest.firefly":10,"stat.craftItem.securitycraft.keypad_frame":1,"stat.pickup.minecraft.bed":14,"stat.pickup.minecraft.quartz_block":3,"stat.pickup.minecraft.potato":2157,"stat.useItem.forge.bucketfilled":24,"stat.pickup.ironfurnaces.iron_furnace_idle":1,"stat.entityKilledBy.Zombie":7,"stat.pickup.iceandfire.chared_grass":31,"stat.killEntity.Silverfish":56,"stat.craftItem.minecraft.stone_slab":48,"stat.useItem.minecraft.air":2406,"stat.craftItem.securitycraft.universal_block_reinforcer_lvl1":6,"stat.animalsBred":21,"stat.useItem.minecraft.chest":8,"stat.killEntity.betteranimalsplus.feralwolf":4,"stat.pickup.twilightforest.mine_slab":2,"stat.craftItem.iceandfire.sapphire_gem":2,"stat.useItem.mowziesmobs.naga_fang_dagger":17,"stat.drop.iceandfire.chared_dirt":6,"stat.pickup.wolfarmor.diamond_wolf_armor":1,"stat.craftItem.minecraft.iron_chestplate":3,"stat.pickup.minecraft.baked_potato":2017,"stat.killEntity.if_troll":6,"stat.pickup.caves_and_cliffs.copper_ore":3,"stat.drop.minecraft.potato":1,"stat.entityKilledBy.icedragon":5,"stat.pickup.minecraft.ender_pearl":21,"stat.useItem.minecraft.netherrack":3,"stat.craftItem.minecraft.stained_glass_pane":176,"stat.mineBlock.minecraft.tnt":34,"stat.mineBlock.minecraft.stonebrick":84,"stat.killEntity.twilightforest.winter_wolf":3,"stat.killEntity.twilightforest.bighorn_sheep":1,"stat.killEntity.stymphalianbird":1,"stat.craftItem.twilightforest.yeti_helmet":1,"stat.craftItem.minecraft.shears":2,"stat.pickup.securitycraft.reinforced_stone_button":9,"stat.pickup.minecraft.torch":530,"stat.entityKilledBy.Silverfish":3,"stat.drop.minecraft.quartz_block":1,"stat.useItem.extrautils2.minichest":1,"stat.drop.minecraft.arrow":4,"stat.killEntity.firedragon":11,"stat.pickup.securitycraft.reinforced_gravel":1,"stat.pickup.betteranimalsplus.antler":4,"stat.drop.iceandfire.ice_dragon_blood":1,"stat.killEntity.dread_ghoul":1,"stat.craftItem.minecraft.iron_axe":4,"stat.useItem.iceandfire.dragon_horn_fire":24,"stat.mineBlock.twilightforest.twilight_plant":14,"stat.pickup.minecraft.lapis_block":1,"stat.drop.securitycraft.reinforced_planks":1,"stat.drop.betteranimalsplus.goose_egg":5,"stat.pickup.minecraft.fishing_rod":1,"stat.craftItem.iceandfire.dragon_meal":26,"stat.useItem.minecraft.planks":757,"stat.useItem.tombstone.familiar_stone":2,"stat.drop.dynamictrees.birchseed":4,"stat.pickup.minecraft.porkchop":292,"stat.pickup.minecraft.glass":136,"stat.pickup.iceandfire.stymphalian_bird_feather":3,"stat.pickup.byg.light_blue_sand":153,"stat.useItem.minecraft.water_bucket":98,"stat.craftItem.minecraft.golden_apple":5,"stat.pickup.minecraft.sand":933,"stat.entityKilledBy.Spider":1,"stat.pickup.iceandfire.troll_leather_forest":28,"stat.pickup.minecraft.name_tag":3,"stat.drop.minecraft.splash_potion":1,"stat.pickup.byg.iris":4,"stat.entityKilledBy.cyclops":2,"stat.pickup.dynamictrees.spruceseed":11,"stat.useItem.minecraft.ender_pearl":1,"stat.entityKilledBy.firedragon":18,"stat.craftItem.extrautils2.resonator":1,"stat.mineBlock.byg.scoria":16,"stat.pickup.iceandfire.ash":44,"stat.useItem.securitycraft.universal_owner_changer":11,"stat.craftItem.minecraft.cooked_fish":41,"stat.craftItem.minecraft.blaze_powder":6,"stat.useItem.securitycraft.reinforced_cobblestone":3,"stat.useItem.minecraft.spawn_egg":88,"stat.craftItem.securitycraft.reinforced_stone_button":4,"stat.killEntity.twilightforest.skeleton_druid":8,"stat.useItem.iceandfire.dragonbone_sword_ice":593,"stat.pickup.minetraps.fall_trap":15,"stat.useItem.minecraft.oak_stairs":8,"stat.mineBlock.minecraft.dark_oak_stairs":31,"stat.pickup.iceandfire.dragon_skull":26,"stat.useItem.minecraft.dark_oak_stairs":119,"stat.mineBlock.minecraft.birch_stairs":2,"stat.pickup.minecraft.fence_gate":2,"stat.pickup.minecraft.filled_map":1,"stat.pickup.minecraft.furnace":18,"stat.drop.iceandfire.dragon_skull":1,"stat.pickup.minecraft.iron_chestplate":12,"stat.pickup.minecraft.skull":4,"stat.useItem.minecraft.stone_stairs":228,"stat.pickup.tombstone.magic_scroll":45,"stat.mineBlock.iceandfire.ash":3,"stat.pickup.twilightforest.arctic_fur":14,"stat.pickup.twilightforest.raven_feather":1,"stat.killEntity.betteranimalsplus.tarantula":1,"stat.craftItem.ironchest.iron_chest":33,"stat.useItem.extrautils2.indexerremote":5,"stat.pickup.twilightforest.raw_meef":2,"stat.craftItem.minecraft.heavy_weighted_pressure_plate":10,"stat.mineBlock.minecraft.oak_stairs":2,"stat.mineBlock.iceandfire.chared_gravel":9,"stat.playOneMinute":3778342,"stat.pickup.byg.jacarandalog":2,"stat.drop.securitycraft.universal_block_reinforcer_lvl1":1,"stat.pickup.minecraft.iron_bars":145,"stat.mineBlock.minecraft.netherrack":28,"stat.craftItem.minecraft.dark_oak_stairs":92,"stat.craftItem.iceandfire.dragonbone_sword":2,"stat.killEntity.twilightforest.death_tome":1,"stat.pickup.betteranimalsplus.venisonraw":2,"stat.pickup.minecraft.cooked_chicken":7,"stat.fallOneCm":1163075,"stat.craftItem.securitycraft.diamond_mine":1,"stat.craftItem.minecraft.chest":28,"stat.pickup.minecraft.red_mushroom":10,"stat.useItem.minecraft.iron_hoe":148,"stat.pickup.minecraft.feather":7,"stat.useItem.securitycraft.reinforced_dirt":222,"stat.pickup.minecraft.record_cat":27,"stat.craftItem.dynamictrees.dirtbucket":4,"stat.mineBlock.extrautils2.indexer":4,"stat.craftItem.mca.rose_gold_ingot":49,"stat.pickup.iceandfire.dragonscales_red":199,"stat.useItem.iceandfire.dragonforge_fire_brick":18,"stat.useItem.minecraft.stone_pickaxe":1956,"stat.craftItem.minecraft.iron_leggings":5,"stat.pickup.twilightforest.mine_stairs":1,"stat.craftItem.minecraft.oak_stairs":12,"stat.pickup.securitycraft.scanner_door_item":6,"stat.pickup.twilightforest.trophy":2,"stat.craftItem.securitycraft.dirt_mine":11,"stat.pickup.securitycraft.dirt_mine":3,"stat.pickup.minecraft.record_13":1,"stat.useItem.minecraft.iron_bars":2,"stat.mineBlock.minecraft.monster_egg":20,"stat.mineBlock.minecraft.quartz_stairs":2,"stat.pickup.minetraps.nails":3,"stat.drop.tombstone.crafting_ingredient":6,"stat.pickup.mowziesmobs.ice_crystal":8,"stat.pickup.zawa.mixed_stone_mossy":4,"stat.useItem.extrautils2.grocket":1,"stat.useItem.ironchest.iron_chest":40,"stat.drop.ironchest.iron_chest":1,"stat.useItem.iceandfire.dragon_bone_block":10,"stat.killEntity.LavaSlime":2,"stat.pickup.minecraft.log":934,"stat.pickup.twilightforest.alpha_fur":6,"stat.useItem.betteranimalsplus.boarhead_1":1,"stat.pickup.minecraft.chainmail_leggings":4,"stat.drop.mowziesmobs.ice_crystal":4,"stat.pickup.minecraft.wooden_door":1,"stat.pickup.iceandfire.dragonscales_gray":145,"stat.mineBlock.minecraft.iron_block":2,"stat.pickup.zawa.data_book":1,"stat.useItem.twilightforest.mazebreaker_pickaxe":1760,"stat.craftItem.minecraft.snow":44,"stat.pickup.minecraft.diamond_helmet":12,"stat.drop.securitycraft.universal_block_remover":3,"stat.useItem.securitycraft.cobblestone_mine":3,"stat.sneakTime":198486,"stat.mineBlock.minecraft.cobblestone_wall":6,"stat.drop.zawa.tiger_fur":1,"stat.mineBlock.minecraft.jukebox":1,"stat.pickup.iceandfire.dread_sword":6,"stat.pickup.iceandfire.dragonbone_sword_ice":12,"stat.pickup.minecraft.chest":9,"stat.mineBlock.minetraps.fall_trap":2,"stat.pickup.dynamictrees.acaciaseed":3,"stat.swimOneCm":554610,"stat.craftItem.mca.engagement_ring_rg":1,"stat.craftItem.securitycraft.mine":18,"stat.mineBlock.minetraps.bear_trap":3,"stat.useItem.minecraft.dirt":1642,"stat.pickup.twilightforest.magic_map":2,"stat.killEntity.betteranimalsplus.boar":21,"stat.killEntity.twilightforest.firefly":1,"stat.pickup.betteranimalsplus.foxhead_4":1,"stat.pickup.zawa.carnivore_meat_raw":2,"stat.drop.minecraft.ender_pearl":1,"stat.drop.iceandfire.dragonegg_gray":1,"stat.mineBlock.minecraft.magma":4,"stat.pickup.minecraft.quartz_stairs":3,"stat.mineBlock.minecraft.carpet":1,"stat.drop.chisel.chisel_iron":1,"stat.useItem.minecraft.stone_shovel":750,"stat.mineBlock.chisel.limestone2":457,"stat.drop.zawa.cetacean_meat_raw":2,"stat.pickup.minecraft.clay":2,"stat.pickup.minecraft.glass_bottle":98,"stat.useItem.connectedglass.borderless_glass":2,"stat.useItem.chisel.limestone2":334,"stat.useItem.securitycraft.reinforced_planks":6,"stat.useItem.minecraft.red_mushroom":1,"stat.drop.minecraft.wheat_seeds":3,"stat.mineBlock.zawa.mixed_stone_mossy":1,"stat.craftItem.minecraft.wooden_slab":156,"stat.craftItem.iceandfire.dragon_horn":2,"stat.useItem.minecraft.sign":6,"stat.drop.minecraft.log":9,"stat.pickup.twilightforest.mazebreaker_pickaxe":24,"stat.pickup.minecraft.mutton":12,"stat.craftItem.iceandfire.dragonscale_gray":5,"stat.pickup.minecraft.stonebrick":249,"stat.useItem.iceandfire.troll_weapon.hammer":4,"stat.craftItem.securitycraft.gold_mine":2,"stat.pickup.twilightforest.ice_bomb":11,"stat.drop.iceandfire.hippogryph_sword":1,"stat.killEntity.dread_thrall":26,"stat.useItem.minecraft.stone_slab":37,"stat.pickup.minecraft.speckled_melon":11,"stat.killEntity.twilightforest.yeti_alpha":1,"stat.craftItem.minecraft.stone":348,"stat.mineBlock.minecraft.crafting_table":15,"stat.useItem.minecraft.diamond_pickaxe":2290,"stat.mineBlock.minecraft.quartz_block":2,"stat.useItem.minecraft.carrot":74,"stat.pickup.iceandfire.dragonforge_fire_brick":1,"stat.pickup.securitycraft.mine":8,"stat.pickup.twilightforest.dark_slab":1,"stat.pickup.minecraft.slime_ball":1,"stat.pickup.iceandfire.jar_pixie":4,"stat.craftItem.minecraft.diamond_pickaxe":2,"stat.craftItem.securitycraft.retinal_scanner":5,"stat.craftItem.minecraft.jukebox":1,"stat.pickup.minecraft.gravel":51,"stat.craftItem.byg.cherryplanks":4,"stat.useItem.minecraft.stained_glass_pane":171,"stat.pickup.minecraft.stone_brick_stairs":2,"stat.pickup.minecraft.diamond_sword":5,"stat.pickup.byg.soapstone":54,"stat.pickup.minecraft.iron_helmet":28,"stat.pickup.minecraft.spider_eye":28,"stat.pickup.minecraft.diamond_ore":1,"stat.useItem.iceandfire.troll_weapon.column_forest":1,"stat.useItem.minecraft.cooked_chicken":34,"stat.pickup.minecraft.iron_ore":653,"stat.entityKilledBy.siren":2,"stat.pickup.iceandfire.shiny_scales":109,"stat.mineBlock.mca.rose_gold_ore":50,"stat.mineBlock.minecraft.iron_bars":12,"stat.drop.zawa.worm":12,"stat.pickup.minecraft.leather":192,"stat.drop.minecraft.iron_hoe":1,"stat.dispenserInspected":1,"stat.killEntity.twilightforest.minotaur":2,"stat.pickup.minecraft.reeds":13,"stat.pickup.minecraft.prismarine_crystals":212,"tombstone:undead_killed":553,"stat.craftItem.securitycraft.universal_block_modifier":1,"stat.craftItem.minecraft.glass":539,"stat.sleepInBed":170,"stat.pickup.twilightforest.twilight_log":18,"stat.craftItem.minecraft.baked_potato":1208,"stat.killEntity.Cow":34,"stat.killEntity.Pig":51,"stat.craftItem.minecraft.iron_sword":11,"stat.pickup.zawa.rat_raw":1,"stat.pickup.twilightforest.naga_chestplate":1,"stat.walkOneCm":7394488,"stat.playerKills":10,"stat.pickup.minecraft.clay_ball":37,"stat.craftItem.elevatorid.elevator_white":2,"stat.pickup.securitycraft.reinforced_stone_brick":1,"stat.pickup.extrautils2.minichest":10,"stat.mineBlock.chisel.basalt2":55,"stat.mineBlock.zawa.golden_sparks":2,"stat.pickup.minecraft.tnt":47,"stat.pickup.minecraft.stone":789,"stat.pickup.biomesoplenty.fleshchunk":6,"stat.craftItem.securitycraft.cobblestone_mine":7,"stat.mineBlock.minecraft.wool":2,"stat.drop.securitycraft.keypad":1,"stat.mineBlock.minecraft.packed_ice":9,"stat.craftItem.iceandfire.dragonsteel_fire_helmet":1,"stat.pickup.minecraft.gold_ingot":48,"stat.drop.chococraft.gysahl_green_seeds":2,"stat.useItem.minecraft.prismarine":20,"stat.killEntity.Skeleton":112,"stat.mineBlock.minecraft.cactus":3,"stat.mineBlock.minecraft.redstone_torch":10,"stat.killEntity.Spider":34,"stat.pickup.iceandfire.dragonegg_gray":12,"stat.pickup.minecraft.water_bucket":4,"stat.mineBlock.iceandfire.dragonforge_fire_brick":1,"stat.mineBlock.minecraft.redstone_ore":1,"stat.craftItem.minetraps.nail_trap":1,"stat.craftItem.minecraft.coal_block":1,"stat.useItem.connectedglass.clear_glass_pane":14,"stat.mineBlock.minecraft.stone":4765}