{"stat.chestOpened":3,"stat.pickup.minecraft.bone":4,"stat.leaveGame":1,"stat.pickup.minecraft.arrow":2,"stat.mineBlock.minecraft.anvil":1,"stat.mineBlock.minecraft.yellow_flower":8,"stat.useItem.minecraft.diamond_sword":60,"stat.jump":146,"stat.swimOneCm":14701,"stat.fallOneCm":418,"stat.climbOneCm":1626,"stat.crouchOneCm":1214,"stat.pickup.minecraft.dirt":4,"stat.pickup.minecraft.bow":1,"stat.pickup.minecraft.rotten_flesh":8,"stat.pickup.minecraft.anvil":1,"stat.useItem.chisel.marble2":8,"stat.damageTaken":130,"stat.useItem.twilightforest.seeker_bow":15,"stat.pickup.minecraft.cobblestone":12,"stat.flyOneCm":579540,"tombstone:undead_killed":16,"stat.damageDealt":3915,"stat.timeSinceDeath":88011,"stat.useItem.mowziesmobs.wrought_axe":8,"stat.drop.minecraft.diamond":2,"stat.useItem.minecraft.spawn_egg":53,"stat.useItem.minecraft.air":414,"stat.pickup.minecraft.double_plant":1,"stat.walkOneCm":55207,"stat.useItem.minecraft.torch":14,"stat.pickup.dynamictrees.birchseed":1,"stat.pickup.minecraft.stick":9,"stat.useItem.minecraft.cobblestone":67,"stat.useItem.minecraft.lava_bucket":177,"stat.killEntity.Creeper":1,"stat.useItem.dynamictrees.oakseed":37,"stat.pickup.terraqueous.item_main":6,"stat.mineBlock.minecraft.grass":4,"stat.pickup.tombstone.crafting_ingredient":3,"stat.useItem.minecraft.yellow_flower":16,"stat.sprintOneCm":7673,"stat.useItem.minecraft.prismarine":20,"stat.killEntity.Skeleton":11,"stat.useItem.minecraft.flint_and_steel":8,"stat.useItem.minecraft.diamond_pickaxe":3,"stat.mobKills":27,"stat.pickup.dynamictrees.oakseed":4,"stat.drop":2,"stat.pickup.minecraft.diamond":2,"stat.playOneMinute":88011,"stat.pickup.minecraft.torch":2,"stat.sneakTime":1055,"stat.killEntity.Zombie":5,"stat.pickup.zawa.care_guide":1,"stat.pickup.minecraft.yellow_flower":5,"stat.diveOneCm":11263}